Workbook
Name _1C: #REF!+Catalogue!$I$7:$I$13
Name _1C: 'HT Cable'!#REF!
Name _Toc531015269: Catalogue!$J$16
Name _Toc531015271: Catalogue!$K$16
Name _Toc531015272: Catalogue!$L$16
Name _Toc531015273: Catalogue!$M$16
Name _Toc531015274: Catalogue!$N$16
Name _Toc531015275: Catalogue!$J$17
Name _Toc531015277: Catalogue!$K$17
Name _Toc531015278: Catalogue!$L$17
Name _Toc531015279: Catalogue!$M$17
Name _Toc531015280: Catalogue!$N$17
Name _Toc531015281: Catalogue!$J$18
Name _Toc531015283: Catalogue!$K$18
Name _Toc531015284: Catalogue!$L$18
Name _Toc531015285: Catalogue!$M$18
Name _Toc531015286: Catalogue!$N$18
Name _Toc531015287: Catalogue!$J$19
Name _Toc531015289: Catalogue!$K$19
Name _Toc531015290: Catalogue!$L$19
Name _Toc531015291: Catalogue!$M$19
Name _Toc531015292: Catalogue!$N$19
Name _Toc531015293: Catalogue!$J$20
Name _Toc531015295: Catalogue!$K$20
Name _Toc531015296: Catalogue!$L$20
Name _Toc531015297: Catalogue!$M$20
Name _Toc531015298: Catalogue!$N$20
Name MRNO: #REF!
Name Q23P_RFQ: #REF!

Sheet HT Cable
C1: 2x800 MW ULTRA SUPER CRITICAL THERMAL POWER PROJECT, RAIGARH (PHASE-II), RAIPUR, CHHATTISGARH | AN1: Terminations
C2: ATTCHMENT 2 - 11kV_HT CABLE SIZNG
A3: SL No | B3: Description | C3: LOAD | L3: SHORT CIRCUIT CURRENT WITHSTAND CAPABILITY | P3: CABLE DATA | V3: CURRENT CARRYING CAPACITY | AE3: VOLTAGE DROP | AH3: MOTOR STARTING VOLTAGE DIP | AK3: Selected Cable Size / Phase | AL3: Total Length in meters | AM3: Remarks | AN3: Termination Kits | AO3: Joining Kits
C4: Type of feeder | D4: Rated power | F4: Rated Voltage | G4: Power factor | H4: Efficiency | I4: Rated full load current | J4: Motor starting current | K4: Motor starting power factor | L4: Short circuit current of switchboard | M4: Short circuit current withstand duration | N4: Minimum size required for Short circuit withstand capacity | O4: Installation | P4: No. of Cores | Q4: Size | R4: Current Rating of the Cable | S4: Cable resistance at 90°C | T4: Cable reactance at 50Hz | U4: Cable length | V4: DERATING FACTOR | AB4: Derated current carrying capacity | AC4: No. of Runs/Phase | AD4: Derated current > Rated current | AE4: ∆U | AF4: % | AG4: Allowable | AH4: ∆U | AI4: % | AJ4: Allowable | AQ4: AIR | AR4: 1C | AS4: 185
D5: kVA | E5: kW | F5: kV | I5: A | J5: A | L5: kA | M5: Sec | N5: Sq.mm | Q5: Sq.mm | R5: A | S5: Ohm / Ph / km | T5: Ohm / Ph / km | U5: Meters | V5: Ambient temperature (K1) | W5: Grouping factor (K2) | X5: Ground temprature (K3) | Y5: Depth of laying (K4) | Z5: Thermal resistivity of ground (K5) | AA5: Overall derating factor | AB5: A | AQ5: GROUND | AR5: 3C | AS5: 240
A6: 11kV SWITCHGEAR | AQ6: DUCT | AS6: 300
B7: 11 KV UNIT SWGR-3UA | AS7: 400
A8: 1 | B8: FD FAN-3A | C8: M | E8: 2450 | F8: 11 | G8: 0.85 | H8: 0.92 | I8: =IF(D8="",(E8/(1.732*F8*G8*H8)),(D8/(1.732*F8))) -> 164.44428 | J8: =IF(C8="M",7.2*I8,0) -> 1183.9988 | K8: =IF(C8="M",0.2,0) -> 0.2 | L8: 50 | M8: 0.16 | N8: =(L8*1000*SQRT(M8)/94) -> 212.76596 | O8: AIR | P8: 3C | Q8: 240 | R8: 387 | S8: 0.162 | T8: 0.088 | U8: 475 | V8: 0.89 | W8: 0.73 | X8: NA | Y8: 0 | Z8: 0 | AA8: 0.6497 | AB8: =R8*AA8 -> 251.4339 | AC8: =ROUNDUP(((I8)/AB8),0) -> 1 | AD8: =IF(AB8*AC8>=I8,"YES","NO") -> YES | AE8: =IF(C8="M",(SQRT(3)*I8*(U8/1000)*((S8/AC8)*G8+(T8/AC8)*SIN(ACOS(G8)))),(SQRT(3)*I8*(U8/1000)*((S8/AC8)*G8+(T8/AC8)*SIN(ACOS(G8))))) -> 24.901473 | AF8: =(AE8/(F8*1000))*100 -> 0.22637703 | AG8: =IF(C8="I",IF(AF8<=2,"YES","NO"),IF(AF8<=3,"YES","NO")) -> YES | AH8: =IF(C8="M",(SQRT(3)*J8*(U8/1000)*((S8/AC8)*K8+(T8/AC8)*SIN(ACOS(K8)))),"NA") -> 115.55025 | AI8: =IF(C8="M",(AH8/(F8*1000))*100,"NA") -> 1.0504568 | AJ8: =IF(C8="M",IF(AI8<=10,"YES","NO"),"NA") -> YES | AK8: =IF(C8="M",IF(AND(Q8>=N8,AD8="YES",AG8="YES",AJ8="YES"),CONCATENATE(AC8,"R X ",F8,"kV X ",P8," X ",Q8," Sqmm"),"Cable size is not correct"),IF(AND(Q8>=N8,AD8="YES",AG8="YES",AJ8="NA"),CONCATENATE(AC8,"R X ",F8,"kV X ",P8," X ",Q8," Sqmm"),"Cable size is not correct")) -> 1R X 11kV X 3C X 240 Sqmm | AL8: =IF(P8="1C",3*U8*AC8,U8*AC8) -> 475 | AN8: =AC8*2 -> 2 | AS8: 500
A9: 2 | B9: PA Fan 3A | C9: M | E9: 3900 | F9: 11 | G9: 0.88 | H9: 0.95 | I9: =IF(D9="",(E9/(1.732*F9*G9*H9)),(D9/(1.732*F9))) -> 244.85995 | J9: =IF(C9="M",7.2*I9,0) -> 1762.9916 | K9: =IF(C9="M",0.2,0) -> 0.2 | L9: 50 | M9: 0.16 | N9: =(L9*1000*SQRT(M9)/94) -> 212.76596 | O9: AIR | P9: 3C | Q9: 300 | R9: 441 | S9: 0.13 | T9: 0.086 | U9: 500 | V9: 0.89 | W9: 0.73 | X9: NA | Y9: 0 | Z9: 0 | AA9: 0.6497 | AB9: =R9*AA9 -> 286.5177 | AC9: =ROUNDUP(((I9)/AB9),0) -> 1 | AD9: =IF(AB9*AC9>=I9,"YES","NO") -> YES | AE9: =IF(C9="M",(SQRT(3)*I9*(U9/1000)*((S9/AC9)*G9+(T9/AC9)*SIN(ACOS(G9)))),(SQRT(3)*I9*(U9/1000)*((S9/AC9)*G9+(T9/AC9)*SIN(ACOS(G9))))) -> 32.921049 | AF9: =(AE9/(F9*1000))*100 -> 0.29928226 | AG9: =IF(C9="I",IF(AF9<=2,"YES","NO"),IF(AF9<=3,"YES","NO")) -> YES | AH9: =IF(C9="M",(SQRT(3)*J9*(U9/1000)*((S9/AC9)*K9+(T9/AC9)*SIN(ACOS(K9)))),"NA") -> 168.34821 | AI9: =IF(C9="M",(AH9/(F9*1000))*100,"NA") -> 1.5304383 | AJ9: =IF(C9="M",IF(AI9<=10,"YES","NO"),"NA") -> YES | AK9: =IF(C9="M",IF(AND(Q9>=N9,AD9="YES",AG9="YES",AJ9="YES"),CONCATENATE(AC9,"R X ",F9,"kV X ",P9," X ",Q9," Sqmm"),"Cable size is not correct"),IF(AND(Q9>=N9,AD9="YES",AG9="YES",AJ9="NA"),CONCATENATE(AC9,"R X ",F9,"kV X ",P9," X ",Q9," Sqmm"),"Cable size is not correct")) -> 1R X 11kV X 3C X 300 Sqmm | AL9: =IF(P9="1C",3*U9*AC9,U9*AC9) -> 500 | AN9: =AC9*2 -> 2 | AS9: 630
A10: 3 | B10: CW Pump #1 | C10: M | E10: 4325 | F10: 11 | G10: 0.77 | H10: 0.945 | I10: =IF(D10="",(E10/(1.732*F10*G10*H10)),(D10/(1.732*F10))) -> 311.97731 | J10: =IF(C10="M",7.2*I10,0) -> 2246.2366 | K10: =IF(C10="M",0.2,0) -> 0.2 | L10: 50 | M10: 0.16 | N10: =(L10*1000*SQRT(M10)/94) -> 212.76596 | O10: AIR | P10: 1C | Q10: 300 | R10: 387 | S10: 0.162 | T10: 0.088 | U10: 750 | V10: 0.89 | W10: 0.73 | X10: NA | Y10: 0 | Z10: 0 | AA10: 0.6497 | AB10: =R10*AA10 -> 251.4339 | AC10: 2 | AD10: =IF(AB10*AC10>=I10,"YES","NO") -> YES | AE10: =IF(C10="M",(SQRT(3)*I10*(U10/1000)*((S10/AC10)*G10+(T10/AC10)*SIN(ACOS(G10)))),(SQRT(3)*I10*(U10/1000)*((S10/AC10)*G10+(T10/AC10)*SIN(ACOS(G10))))) -> 36.654249 | AF10: =(AE10/(F10*1000))*100 -> 0.33322045 | AG10: =IF(C10="I",IF(AF10<=2,"YES","NO"),IF(AF10<=3,"YES","NO")) -> YES | AH10: =IF(C10="M",(SQRT(3)*J10*(U10/1000)*((S10/AC10)*K10+(T10/AC10)*SIN(ACOS(K10)))),"NA") -> 173.06641 | AI10: =IF(C10="M",(AH10/(F10*1000))*100,"NA") -> 1.573331 | AJ10: =IF(C10="M",IF(AI10<=10,"YES","NO"),"NA") -> YES | AK10: =IF(C10="M",IF(AND(Q10>=N10,AD10="YES",AG10="YES",AJ10="YES"),CONCATENATE(AC10,"R X ",F10,"kV X ",P10," X ",Q10," Sqmm"),"Cable size is not correct"),IF(AND(Q10>=N10,AD10="YES",AG10="YES",AJ10="NA"),CONCATENATE(AC10,"R X ",F10,"kV X ",P10," X ",Q10," Sqmm"),"Cable size is not correct")) -> 2R X 11kV X 1C X 300 Sqmm | AL10: =IF(P10="1C",3*U10*AC10,U10*AC10) -> 4500 | AN10: =AC10*2 -> 4
A11: 4 | B11: ID FAN #3A | C11: M | E11: 11350 | F11: 11 | G11: 0.85 | H11: 0.97 | I11: =IF(D11="",(E11/(1.732*F11*G11*H11)),(D11/(1.732*F11))) -> 722.54455 | J11: =IF(C11="M",7.2*I11,0) -> 5202.3207 | K11: =IF(C11="M",0.2,0) -> 0.2 | L11: 50 | M11: 0.16 | N11: =(L11*1000*SQRT(M11)/94) -> 212.76596 | O11: AIR | P11: 1C | Q11: 300 | R11: 575 | S11: 0.1018 | T11: 0.0937 | U11: 410 | V11: 0.89 | W11: 0.78 | X11: NA | Y11: 0 | Z11: 0 | AA11: 0.6942 | AB11: =R11*AA11 -> 399.165 | AC11: =ROUNDUP(((I11)/AB11),0) -> 2 | AD11: =IF(AB11*AC11>=I11,"YES","NO") -> YES | AE11: =IF(C11="M",(SQRT(3)*I11*(U11/1000)*((S11/AC11)*G11+(T11/AC11)*SIN(ACOS(G11)))),(SQRT(3)*I11*(U11/1000)*((S11/AC11)*G11+(T11/AC11)*SIN(ACOS(G11))))) -> 34.863031 | AF11: =(AE11/(F11*1000))*100 -> 0.31693664 | AG11: =IF(C11="I",IF(AF11<=2,"YES","NO"),IF(AF11<=3,"YES","NO")) -> YES | AH11: =IF(C11="M",(SQRT(3)*J11*(U11/1000)*((S11/AC11)*K11+(T11/AC11)*SIN(ACOS(K11)))),"NA") -> 207.19355 | AI11: =IF(C11="M",(AH11/(F11*1000))*100,"NA") -> 1.8835777 | AJ11: =IF(C11="M",IF(AI11<=10,"YES","NO"),"NA") -> YES | AK11: =IF(C11="M",IF(AND(Q11>=N11,AD11="YES",AG11="YES",AJ11="YES"),CONCATENATE(AC11,"R X ",F11,"kV X ",P11," X ",Q11," Sqmm"),"Cable size is not correct"),IF(AND(Q11>=N11,AD11="YES",AG11="YES",AJ11="NA"),CONCATENATE(AC11,"R X ",F11,"kV X ",P11," X ",Q11," Sqmm"),"Cable size is not correct")) -> 2R X 11kV X 1C X 300 Sqmm | AL11: =IF(P11="1C",3*U11*AC11,U11*AC11) -> 2460 | AN11: =AC11*2 -> 4
A12: 5 | B12: MDBFP | C12: M | E12: 13000 | F12: 11 | G12: 0.85 | H12: 0.92 | I12: =IF(D12="",(E12/(1.732*F12*G12*H12)),(D12/(1.732*F12))) -> 872.56146 | J12: =IF(C12="M",7.2*I12,0) -> 6282.4425 | K12: =IF(C12="M",0.2,0) -> 0.2 | L12: 50 | M12: 0.16 | N12: =(L12*1000*SQRT(M12)/94) -> 212.76596 | O12: AIR | P12: 1C | Q12: 400 | R12: 575 | S12: 0.1018 | T12: 0.0937 | U12: 85 | V12: 0.89 | W12: 0.78 | X12: NA | Y12: 0 | Z12: 0 | AA12: 0.6942 | AB12: =R12*AA12 -> 399.165 | AC12: 3 | AD12: =IF(AB12*AC12>=I12,"YES","NO") -> YES | AE12: =IF(C12="M",(SQRT(3)*I12*(U12/1000)*((S12/AC12)*G12+(T12/AC12)*SIN(ACOS(G12)))),(SQRT(3)*I12*(U12/1000)*((S12/AC12)*G12+(T12/AC12)*SIN(ACOS(G12))))) -> 5.8188927 | AF12: =(AE12/(F12*1000))*100 -> 0.052899024 | AG12: =IF(C12="I",IF(AF12<=2,"YES","NO"),IF(AF12<=3,"YES","NO")) -> YES | AH12: =IF(C12="M",(SQRT(3)*J12*(U12/1000)*((S12/AC12)*K12+(T12/AC12)*SIN(ACOS(K12)))),"NA") -> 34.582106 | AI12: =IF(C12="M",(AH12/(F12*1000))*100,"NA") -> 0.31438279 | AJ12: =IF(C12="M",IF(AI12<=10,"YES","NO"),"NA") -> YES | AK12: =IF(C12="M",IF(AND(Q12>=N12,AD12="YES",AG12="YES",AJ12="YES"),CONCATENATE(AC12,"R X ",F12,"kV X ",P12," X ",Q12," Sqmm"),"Cable size is not correct"),IF(AND(Q12>=N12,AD12="YES",AG12="YES",AJ12="NA"),CONCATENATE(AC12,"R X ",F12,"kV X ",P12," X ",Q12," Sqmm"),"Cable size is not correct")) -> 3R X 11kV X 1C X 400 Sqmm | AL12: =IF(P12="1C",3*U12*AC12,U12*AC12) -> 765 | AN12: =AC12*2 -> 6
A13: 6 | B13: HVAC Transformer Feeder | C13: F | D13: 3000 | F13: 11 | G13: 0.85 | H13: 0.92 | I13: =IF(D13="",(E13/(1.732*F13*G13*H13)),(D13/(1.732*F13))) -> 157.46378 | J13: =IF(C13="M",7.2*I13,0) -> 0 | K13: =IF(C13="M",0.2,0) -> 0 | L13: 50 | M13: 0.16 | N13: =(L13*1000*SQRT(M13)/94) -> 212.76596 | O13: AIR | P13: 3C | Q13: 240 | R13: 387 | S13: 0.162 | T13: 0.088 | U13: 460 | V13: 0.89 | W13: 0.73 | X13: NA | Y13: 0 | Z13: 0 | AA13: 0.6497 | AB13: =R13*AA13 -> 251.4339 | AC13: =ROUNDUP(((I13)/AB13),0) -> 1 | AD13: =IF(AB13*AC13>=I13,"YES","NO") -> YES | AE13: =IF(C13="M",(SQRT(3)*I13*(U13/1000)*((S13/AC13)*G13+(T13/AC13)*SIN(ACOS(G13)))),(SQRT(3)*I13*(U13/1000)*((S13/AC13)*G13+(T13/AC13)*SIN(ACOS(G13))))) -> 23.091449 | AF13: =(AE13/(F13*1000))*100 -> 0.20992226 | AG13: =IF(C13="I",IF(AF13<=2,"YES","NO"),IF(AF13<=3,"YES","NO")) -> YES | AH13: =IF(C13="M",(SQRT(3)*J13*(U13/1000)*((S13/AC13)*K13+(T13/AC13)*SIN(ACOS(K13)))),"NA") -> NA | AI13: =IF(C13="M",(AH13/(F13*1000))*100,"NA") -> NA | AJ13: =IF(C13="M",IF(AI13<=10,"YES","NO"),"NA") -> NA | AK13: =IF(C13="M",IF(AND(Q13>=N13,AD13="YES",AG13="YES",AJ13="YES"),CONCATENATE(AC13,"R X ",F13,"kV X ",P13," X ",Q13," Sqmm"),"Cable size is not correct"),IF(AND(Q13>=N13,AD13="YES",AG13="YES",AJ13="NA"),CONCATENATE(AC13,"R X ",F13,"kV X ",P13," X ",Q13," Sqmm"),"Cable size is not correct")) -> 1R X 11kV X 3C X 240 Sqmm | AL13: =IF(P13="1C",3*U13*AC13,U13*AC13) -> 460 | AN13: =AC13*2 -> 2
A14: 7 | B14: Turbine Tower Service Transformer Feeder | C14: F | D14: 2500 | F14: 11 | G14: 0.85 | H14: 0.92 | I14: =IF(D14="",(E14/(1.732*F14*G14*H14)),(D14/(1.732*F14))) -> 131.21982 | J14: =IF(C14="M",7.2*I14,0) -> 0 | K14: =IF(C14="M",0.2,0) -> 0 | L14: 50 | M14: 0.16 | N14: =(L14*1000*SQRT(M14)/94) -> 212.76596 | O14: AIR | P14: 3C | Q14: 240 | R14: 387 | S14: 0.162 | T14: 0.088 | U14: 470 | V14: 0.89 | W14: 0.73 | X14: NA | Y14: 0 | Z14: 0 | AA14: 0.6497 | AB14: =R14*AA14 -> 251.4339 | AC14: =ROUNDUP(((I14)/AB14),0) -> 1 | AD14: =IF(AB14*AC14>=I14,"YES","NO") -> YES | AE14: =IF(C14="M",(SQRT(3)*I14*(U14/1000)*((S14/AC14)*G14+(T14/AC14)*SIN(ACOS(G14)))),(SQRT(3)*I14*(U14/1000)*((S14/AC14)*G14+(T14/AC14)*SIN(ACOS(G14))))) -> 19.661198 | AF14: =(AE14/(F14*1000))*100 -> 0.17873816 | AG14: =IF(C14="I",IF(AF14<=2,"YES","NO"),IF(AF14<=3,"YES","NO")) -> YES | AH14: =IF(C14="M",(SQRT(3)*J14*(U14/1000)*((S14/AC14)*K14+(T14/AC14)*SIN(ACOS(K14)))),"NA") -> NA | AI14: =IF(C14="M",(AH14/(F14*1000))*100,"NA") -> NA | AJ14: =IF(C14="M",IF(AI14<=10,"YES","NO"),"NA") -> NA | AK14: =IF(C14="M",IF(AND(Q14>=N14,AD14="YES",AG14="YES",AJ14="YES"),CONCATENATE(AC14,"R X ",F14,"kV X ",P14," X ",Q14," Sqmm"),"Cable size is not correct"),IF(AND(Q14>=N14,AD14="YES",AG14="YES",AJ14="NA"),CONCATENATE(AC14,"R X ",F14,"kV X ",P14," X ",Q14," Sqmm"),"Cable size is not correct")) -> 1R X 11kV X 3C X 240 Sqmm | AL14: =IF(P14="1C",3*U14*AC14,U14*AC14) -> 470 | AN14: =AC14*2 -> 2
A15: 8 | B15: Boiler Service Transformer Feeder | C15: F | D15: 3150 | F15: 11 | G15: 0.85 | H15: 0.92 | I15: =IF(D15="",(E15/(1.732*F15*G15*H15)),(D15/(1.732*F15))) -> 165.33697 | J15: =IF(C15="M",7.2*I15,0) -> 0 | K15: =IF(C15="M",0.2,0) -> 0 | L15: 50 | M15: 0.16 | N15: =(L15*1000*SQRT(M15)/94) -> 212.76596 | O15: AIR | P15: 3C | Q15: 240 | R15: 387 | S15: 0.162 | T15: 0.088 | U15: 460 | V15: 0.89 | W15: 0.73 | X15: NA | Y15: 0 | Z15: 0 | AA15: 0.6497 | AB15: =R15*AA15 -> 251.4339 | AC15: =ROUNDUP(((I15)/AB15),0) -> 1 | AD15: =IF(AB15*AC15>=I15,"YES","NO") -> YES | AE15: =IF(C15="M",(SQRT(3)*I15*(U15/1000)*((S15/AC15)*G15+(T15/AC15)*SIN(ACOS(G15)))),(SQRT(3)*I15*(U15/1000)*((S15/AC15)*G15+(T15/AC15)*SIN(ACOS(G15))))) -> 24.246022 | AF15: =(AE15/(F15*1000))*100 -> 0.22041838 | AG15: =IF(C15="I",IF(AF15<=2,"YES","NO"),IF(AF15<=3,"YES","NO")) -> YES | AH15: =IF(C15="M",(SQRT(3)*J15*(U15/1000)*((S15/AC15)*K15+(T15/AC15)*SIN(ACOS(K15)))),"NA") -> NA | AI15: =IF(C15="M",(AH15/(F15*1000))*100,"NA") -> NA | AJ15: =IF(C15="M",IF(AI15<=10,"YES","NO"),"NA") -> NA | AK15: =IF(C15="M",IF(AND(Q15>=N15,AD15="YES",AG15="YES",AJ15="YES"),CONCATENATE(AC15,"R X ",F15,"kV X ",P15," X ",Q15," Sqmm"),"Cable size is not correct"),IF(AND(Q15>=N15,AD15="YES",AG15="YES",AJ15="NA"),CONCATENATE(AC15,"R X ",F15,"kV X ",P15," X ",Q15," Sqmm"),"Cable size is not correct")) -> 1R X 11kV X 3C X 240 Sqmm | AL15: =IF(P15="1C",3*U15*AC15,U15*AC15) -> 460 | AN15: =AC15*2 -> 2
A16: 9 | B16: ESP Service Transformer Feeder-1 | C16: F | D16: 2500 | F16: 11 | G16: 0.85 | H16: 0.92 | I16: =IF(D16="",(E16/(1.732*F16*G16*H16)),(D16/(1.732*F16))) -> 131.21982 | J16: =IF(C16="M",7.2*I16,0) -> 0 | K16: =IF(C16="M",0.2,0) -> 0 | L16: 50 | M16: 0.16 | N16: =(L16*1000*SQRT(M16)/94) -> 212.76596 | O16: AIR | P16: 3C | Q16: 240 | R16: 387 | S16: 0.162 | T16: 0.088 | U16: 490 | V16: 0.89 | W16: 0.73 | X16: NA | Y16: 0 | Z16: 0 | AA16: 0.6497 | AB16: =R16*AA16 -> 251.4339 | AC16: =ROUNDUP(((I16)/AB16),0) -> 1 | AD16: =IF(AB16*AC16>=I16,"YES","NO") -> YES | AE16: =IF(C16="M",(SQRT(3)*I16*(U16/1000)*((S16/AC16)*G16+(T16/AC16)*SIN(ACOS(G16)))),(SQRT(3)*I16*(U16/1000)*((S16/AC16)*G16+(T16/AC16)*SIN(ACOS(G16))))) -> 20.497844 | AF16: =(AE16/(F16*1000))*100 -> 0.18634404 | AG16: =IF(C16="I",IF(AF16<=2,"YES","NO"),IF(AF16<=3,"YES","NO")) -> YES | AH16: =IF(C16="M",(SQRT(3)*J16*(U16/1000)*((S16/AC16)*K16+(T16/AC16)*SIN(ACOS(K16)))),"NA") -> NA | AI16: =IF(C16="M",(AH16/(F16*1000))*100,"NA") -> NA | AJ16: =IF(C16="M",IF(AI16<=10,"YES","NO"),"NA") -> NA | AK16: =IF(C16="M",IF(AND(Q16>=N16,AD16="YES",AG16="YES",AJ16="YES"),CONCATENATE(AC16,"R X ",F16,"kV X ",P16," X ",Q16," Sqmm"),"Cable size is not correct"),IF(AND(Q16>=N16,AD16="YES",AG16="YES",AJ16="NA"),CONCATENATE(AC16,"R X ",F16,"kV X ",P16," X ",Q16," Sqmm"),"Cable size is not correct")) -> 1R X 11kV X 3C X 240 Sqmm | AL16: =IF(P16="1C",3*U16*AC16,U16*AC16) -> 490 | AN16: =AC16*2 -> 2
A17: 10 | B17: ESP Service Transformer Feeder-2 | C17: F | D17: 2500 | F17: 11 | G17: 0.85 | H17: 0.92 | I17: =IF(D17="",(E17/(1.732*F17*G17*H17)),(D17/(1.732*F17))) -> 131.21982 | J17: =IF(C17="M",7.2*I17,0) -> 0 | K17: =IF(C17="M",0.2,0) -> 0 | L17: 50 | M17: 0.16 | N17: =(L17*1000*SQRT(M17)/94) -> 212.76596 | O17: AIR | P17: 3C | Q17: 240 | R17: 387 | S17: 0.162 | T17: 0.088 | U17: 490 | V17: 0.89 | W17: 0.73 | X17: NA | Y17: 0 | Z17: 0 | AA17: 0.6497 | AB17: =R17*AA17 -> 251.4339 | AC17: =ROUNDUP(((I17)/AB17),0) -> 1 | AD17: =IF(AB17*AC17>=I17,"YES","NO") -> YES | AE17: =IF(C17="M",(SQRT(3)*I17*(U17/1000)*((S17/AC17)*G17+(T17/AC17)*SIN(ACOS(G17)))),(SQRT(3)*I17*(U17/1000)*((S17/AC17)*G17+(T17/AC17)*SIN(ACOS(G17))))) -> 20.497844 | AF17: =(AE17/(F17*1000))*100 -> 0.18634404 | AG17: =IF(C17="I",IF(AF17<=2,"YES","NO"),IF(AF17<=3,"YES","NO")) -> YES | AH17: =IF(C17="M",(SQRT(3)*J17*(U17/1000)*((S17/AC17)*K17+(T17/AC17)*SIN(ACOS(K17)))),"NA") -> NA | AI17: =IF(C17="M",(AH17/(F17*1000))*100,"NA") -> NA | AJ17: =IF(C17="M",IF(AI17<=10,"YES","NO"),"NA") -> NA | AK17: =IF(C17="M",IF(AND(Q17>=N17,AD17="YES",AG17="YES",AJ17="YES"),CONCATENATE(AC17,"R X ",F17,"kV X ",P17," X ",Q17," Sqmm"),"Cable size is not correct"),IF(AND(Q17>=N17,AD17="YES",AG17="YES",AJ17="NA"),CONCATENATE(AC17,"R X ",F17,"kV X ",P17," X ",Q17," Sqmm"),"Cable size is not correct")) -> 1R X 11kV X 3C X 240 Sqmm | AL17: =IF(P17="1C",3*U17*AC17,U17*AC17) -> 490 | AN17: =AC17*2 -> 2
A18: 11 | B18: ESP Service Transformer Feeder-3 | C18: F | D18: 2500 | F18: 11 | G18: 0.85 | H18: 0.92 | I18: =IF(D18="",(E18/(1.732*F18*G18*H18)),(D18/(1.732*F18))) -> 131.21982 | J18: =IF(C18="M",7.2*I18,0) -> 0 | K18: =IF(C18="M",0.2,0) -> 0 | L18: 50 | M18: 0.16 | N18: =(L18*1000*SQRT(M18)/94) -> 212.76596 | O18: AIR | P18: 3C | Q18: 240 | R18: 387 | S18: 0.162 | T18: 0.088 | U18: 490 | V18: 0.89 | W18: 0.73 | X18: NA | Y18: 0 | Z18: 0 | AA18: 0.6497 | AB18: =R18*AA18 -> 251.4339 | AC18: =ROUNDUP(((I18)/AB18),0) -> 1 | AD18: =IF(AB18*AC18>=I18,"YES","NO") -> YES | AE18: =IF(C18="M",(SQRT(3)*I18*(U18/1000)*((S18/AC18)*G18+(T18/AC18)*SIN(ACOS(G18)))),(SQRT(3)*I18*(U18/1000)*((S18/AC18)*G18+(T18/AC18)*SIN(ACOS(G18))))) -> 20.497844 | AF18: =(AE18/(F18*1000))*100 -> 0.18634404 | AG18: =IF(C18="I",IF(AF18<=2,"YES","NO"),IF(AF18<=3,"YES","NO")) -> YES | AH18: =IF(C18="M",(SQRT(3)*J18*(U18/1000)*((S18/AC18)*K18+(T18/AC18)*SIN(ACOS(K18)))),"NA") -> NA | AI18: =IF(C18="M",(AH18/(F18*1000))*100,"NA") -> NA | AJ18: =IF(C18="M",IF(AI18<=10,"YES","NO"),"NA") -> NA | AK18: =IF(C18="M",IF(AND(Q18>=N18,AD18="YES",AG18="YES",AJ18="YES"),CONCATENATE(AC18,"R X ",F18,"kV X ",P18," X ",Q18," Sqmm"),"Cable size is not correct"),IF(AND(Q18>=N18,AD18="YES",AG18="YES",AJ18="NA"),CONCATENATE(AC18,"R X ",F18,"kV X ",P18," X ",Q18," Sqmm"),"Cable size is not correct")) -> 1R X 11kV X 3C X 240 Sqmm | AL18: =IF(P18="1C",3*U18*AC18,U18*AC18) -> 490 | AN18: =AC18*2 -> 2
A19: 12 | B19: Cooling Tower Transformer Feeder-2A | C19: F | D19: 3000 | F19: 11 | G19: 0.85 | H19: 0.92 | I19: =IF(D19="",(E19/(1.732*F19*G19*H19)),(D19/(1.732*F19))) -> 157.46378 | J19: =IF(C19="M",7.2*I19,0) -> 0 | K19: =IF(C19="M",0.2,0) -> 0 | L19: 50 | M19: 0.16 | N19: =(L19*1000*SQRT(M19)/94) -> 212.76596 | O19: AIR | P19: 3C | Q19: 240 | R19: 387 | S19: 0.162 | T19: 0.088 | U19: 1100 | V19: 0.89 | W19: 0.73 | X19: NA | Y19: 0 | Z19: 0 | AA19: 0.6497 | AB19: =R19*AA19 -> 251.4339 | AC19: =ROUNDUP(((I19)/AB19),0) -> 1 | AD19: =IF(AB19*AC19>=I19,"YES","NO") -> YES | AE19: =IF(C19="M",(SQRT(3)*I19*(U19/1000)*((S19/AC19)*G19+(T19/AC19)*SIN(ACOS(G19)))),(SQRT(3)*I19*(U19/1000)*((S19/AC19)*G19+(T19/AC19)*SIN(ACOS(G19))))) -> 55.218683 | AF19: =(AE19/(F19*1000))*100 -> 0.50198802 | AG19: =IF(C19="I",IF(AF19<=2,"YES","NO"),IF(AF19<=3,"YES","NO")) -> YES | AH19: =IF(C19="M",(SQRT(3)*J19*(U19/1000)*((S19/AC19)*K19+(T19/AC19)*SIN(ACOS(K19)))),"NA") -> NA | AI19: =IF(C19="M",(AH19/(F19*1000))*100,"NA") -> NA | AJ19: =IF(C19="M",IF(AI19<=10,"YES","NO"),"NA") -> NA | AK19: =IF(C19="M",IF(AND(Q19>=N19,AD19="YES",AG19="YES",AJ19="YES"),CONCATENATE(AC19,"R X ",F19,"kV X ",P19," X ",Q19," Sqmm"),"Cable size is not correct"),IF(AND(Q19>=N19,AD19="YES",AG19="YES",AJ19="NA"),CONCATENATE(AC19,"R X ",F19,"kV X ",P19," X ",Q19," Sqmm"),"Cable size is not correct")) -> 1R X 11kV X 3C X 240 Sqmm | AL19: =IF(P19="1C",3*U19*AC19,U19*AC19) -> 1100 | AN19: =AC19*2 -> 2
A20: 13 | B20: UAT Auxiliary Transformer Feeder | C20: F | D20: 20000 | F20: 11 | G20: 0.85 | H20: 0.92 | I20: =IF(D20="",(E20/(1.732*F20*G20*H20)),(D20/(1.732*F20))) -> 1049.7586 | J20: =IF(C20="M",7.2*I20,0) -> 0 | K20: =IF(C20="M",0.2,0) -> 0 | L20: 50 | M20: 0.16 | N20: =(L20*1000*SQRT(M20)/94) -> 212.76596 | O20: AIR | P20: 1C | Q20: 400 | R20: 575 | S20: 0.1018 | T20: 0.0937 | U20: 120 | V20: 0.89 | W20: 0.78 | X20: NA | Y20: 0 | Z20: 0 | AA20: 0.6942 | AB20: =R20*AA20 -> 399.165 | AC20: =ROUNDUP(((I20)/AB20),0) -> 3 | AD20: =IF(AB20*AC20>=I20,"YES","NO") -> YES | AE20: =IF(C20="M",(SQRT(3)*I20*(U20/1000)*((S20/AC20)*G20+(T20/AC20)*SIN(ACOS(G20)))),(SQRT(3)*I20*(U20/1000)*((S20/AC20)*G20+(T20/AC20)*SIN(ACOS(G20))))) -> 9.8831654 | AF20: =(AE20/(F20*1000))*100 -> 0.089846958 | AG20: =IF(C20="I",IF(AF20<=2,"YES","NO"),IF(AF20<=3,"YES","NO")) -> YES | AH20: =IF(C20="M",(SQRT(3)*J20*(U20/1000)*((S20/AC20)*K20+(T20/AC20)*SIN(ACOS(K20)))),"NA") -> NA | AI20: =IF(C20="M",(AH20/(F20*1000))*100,"NA") -> NA | AJ20: =IF(C20="M",IF(AI20<=10,"YES","NO"),"NA") -> NA | AK20: =IF(C20="M",IF(AND(Q20>=N20,AD20="YES",AG20="YES",AJ20="YES"),CONCATENATE(AC20,"R X ",F20,"kV X ",P20," X ",Q20," Sqmm"),"Cable size is not correct"),IF(AND(Q20>=N20,AD20="YES",AG20="YES",AJ20="NA"),CONCATENATE(AC20,"R X ",F20,"kV X ",P20," X ",Q20," Sqmm"),"Cable size is not correct")) -> 3R X 11kV X 1C X 400 Sqmm | AL20: =IF(P20="1C",3*U20*AC20,U20*AC20) -> 1080 | AN20: =AC20*2 -> 6
B22: 11 KV UNIT SWGR-3UB | AN22: =AC22*2 -> 0
A23: 1 | B23: FD FAN-3B | C23: M | E23: 2450 | F23: 11 | G23: 0.85 | H23: 0.92 | I23: =IF(D23="",(E23/(1.732*F23*G23*H23)),(D23/(1.732*F23))) -> 164.44428 | J23: =IF(C23="M",7.2*I23,0) -> 1183.9988 | K23: =IF(C23="M",0.2,0) -> 0.2 | L23: 50 | M23: 0.16 | N23: =(L23*1000*SQRT(M23)/94) -> 212.76596 | O23: AIR | P23: 3C | Q23: 240 | R23: 387 | S23: 0.162 | T23: 0.088 | U23: 475 | V23: 0.89 | W23: 0.73 | X23: NA | Y23: 0 | Z23: 0 | AA23: 0.6497 | AB23: =R23*AA23 -> 251.4339 | AC23: =ROUNDUP(((I23)/AB23),0) -> 1 | AD23: =IF(AB23*AC23>=I23,"YES","NO") -> YES | AE23: =IF(C23="M",(SQRT(3)*I23*(U23/1000)*((S23/AC23)*G23+(T23/AC23)*SIN(ACOS(G23)))),(SQRT(3)*I23*(U23/1000)*((S23/AC23)*G23+(T23/AC23)*SIN(ACOS(G23))))) -> 24.901473 | AF23: =(AE23/(F23*1000))*100 -> 0.22637703 | AG23: =IF(C23="I",IF(AF23<=2,"YES","NO"),IF(AF23<=3,"YES","NO")) -> YES | AH23: =IF(C23="M",(SQRT(3)*J23*(U23/1000)*((S23/AC23)*K23+(T23/AC23)*SIN(ACOS(K23)))),"NA") -> 115.55025 | AI23: =IF(C23="M",(AH23/(F23*1000))*100,"NA") -> 1.0504568 | AJ23: =IF(C23="M",IF(AI23<=10,"YES","NO"),"NA") -> YES | AK23: =IF(C23="M",IF(AND(Q23>=N23,AD23="YES",AG23="YES",AJ23="YES"),CONCATENATE(AC23,"R X ",F23,"kV X ",P23," X ",Q23," Sqmm"),"Cable size is not correct"),IF(AND(Q23>=N23,AD23="YES",AG23="YES",AJ23="NA"),CONCATENATE(AC23,"R X ",F23,"kV X ",P23," X ",Q23," Sqmm"),"Cable size is not correct")) -> 1R X 11kV X 3C X 240 Sqmm | AL23: =IF(P23="1C",3*U23*AC23,U23*AC23) -> 475 | AN23: =AC23*2 -> 2
A24: 2 | B24: PA Fan 3B | C24: M | E24: 3900 | F24: 11 | G24: 0.88 | H24: 0.95 | I24: =IF(D24="",(E24/(1.732*F24*G24*H24)),(D24/(1.732*F24))) -> 244.85995 | J24: =IF(C24="M",7.2*I24,0) -> 1762.9916 | K24: =IF(C24="M",0.2,0) -> 0.2 | L24: 50 | M24: 0.16 | N24: =(L24*1000*SQRT(M24)/94) -> 212.76596 | O24: AIR | P24: 3C | Q24: 300 | R24: 441 | S24: 0.13 | T24: 0.086 | U24: 500 | V24: 0.89 | W24: 0.73 | X24: NA | Y24: 0 | Z24: 0 | AA24: 0.6497 | AB24: =R24*AA24 -> 286.5177 | AC24: =ROUNDUP(((I24)/AB24),0) -> 1 | AD24: =IF(AB24*AC24>=I24,"YES","NO") -> YES | AE24: =IF(C24="M",(SQRT(3)*I24*(U24/1000)*((S24/AC24)*G24+(T24/AC24)*SIN(ACOS(G24)))),(SQRT(3)*I24*(U24/1000)*((S24/AC24)*G24+(T24/AC24)*SIN(ACOS(G24))))) -> 32.921049 | AF24: =(AE24/(F24*1000))*100 -> 0.29928226 | AG24: =IF(C24="I",IF(AF24<=2,"YES","NO"),IF(AF24<=3,"YES","NO")) -> YES | AH24: =IF(C24="M",(SQRT(3)*J24*(U24/1000)*((S24/AC24)*K24+(T24/AC24)*SIN(ACOS(K24)))),"NA") -> 168.34821 | AI24: =IF(C24="M",(AH24/(F24*1000))*100,"NA") -> 1.5304383 | AJ24: =IF(C24="M",IF(AI24<=10,"YES","NO"),"NA") -> YES | AK24: =IF(C24="M",IF(AND(Q24>=N24,AD24="YES",AG24="YES",AJ24="YES"),CONCATENATE(AC24,"R X ",F24,"kV X ",P24," X ",Q24," Sqmm"),"Cable size is not correct"),IF(AND(Q24>=N24,AD24="YES",AG24="YES",AJ24="NA"),CONCATENATE(AC24,"R X ",F24,"kV X ",P24," X ",Q24," Sqmm"),"Cable size is not correct")) -> 1R X 11kV X 3C X 300 Sqmm | AL24: =IF(P24="1C",3*U24*AC24,U24*AC24) -> 500 | AN24: =AC24*2 -> 2
A25: 3 | B25: CW Pump #2 | C25: M | E25: 4325 | F25: 11 | G25: 0.77 | H25: 0.945 | I25: =IF(D25="",(E25/(1.732*F25*G25*H25)),(D25/(1.732*F25))) -> 311.97731 | J25: =IF(C25="M",7.2*I25,0) -> 2246.2366 | K25: =IF(C25="M",0.2,0) -> 0.2 | L25: 50 | M25: 0.16 | N25: =(L25*1000*SQRT(M25)/94) -> 212.76596 | O25: AIR | P25: 1C | Q25: 300 | R25: 387 | S25: 0.162 | T25: 0.088 | U25: 750 | V25: 0.89 | W25: 0.73 | X25: NA | Y25: 0 | Z25: 0 | AA25: 0.6497 | AB25: =R25*AA25 -> 251.4339 | AC25: 2 | AD25: =IF(AB25*AC25>=I25,"YES","NO") -> YES | AE25: =IF(C25="M",(SQRT(3)*I25*(U25/1000)*((S25/AC25)*G25+(T25/AC25)*SIN(ACOS(G25)))),(SQRT(3)*I25*(U25/1000)*((S25/AC25)*G25+(T25/AC25)*SIN(ACOS(G25))))) -> 36.654249 | AF25: =(AE25/(F25*1000))*100 -> 0.33322045 | AG25: =IF(C25="I",IF(AF25<=2,"YES","NO"),IF(AF25<=3,"YES","NO")) -> YES | AH25: =IF(C25="M",(SQRT(3)*J25*(U25/1000)*((S25/AC25)*K25+(T25/AC25)*SIN(ACOS(K25)))),"NA") -> 173.06641 | AI25: =IF(C25="M",(AH25/(F25*1000))*100,"NA") -> 1.573331 | AJ25: =IF(C25="M",IF(AI25<=10,"YES","NO"),"NA") -> YES | AK25: =IF(C25="M",IF(AND(Q25>=N25,AD25="YES",AG25="YES",AJ25="YES"),CONCATENATE(AC25,"R X ",F25,"kV X ",P25," X ",Q25," Sqmm"),"Cable size is not correct"),IF(AND(Q25>=N25,AD25="YES",AG25="YES",AJ25="NA"),CONCATENATE(AC25,"R X ",F25,"kV X ",P25," X ",Q25," Sqmm"),"Cable size is not correct")) -> 2R X 11kV X 1C X 300 Sqmm | AL25: =IF(P25="1C",3*U25*AC25,U25*AC25) -> 4500 | AN25: =AC25*2 -> 4
A26: 4 | B26: ID FAN #3B | C26: M | E26: 11350 | F26: 11 | G26: 0.85 | H26: 0.97 | I26: =IF(D26="",(E26/(1.732*F26*G26*H26)),(D26/(1.732*F26))) -> 722.54455 | J26: =IF(C26="M",7.2*I26,0) -> 5202.3207 | K26: =IF(C26="M",0.2,0) -> 0.2 | L26: 50 | M26: 0.16 | N26: =(L26*1000*SQRT(M26)/94) -> 212.76596 | O26: AIR | P26: 1C | Q26: 400 | R26: 575 | S26: 0.1018 | T26: 0.0937 | U26: 410 | V26: 0.89 | W26: 0.78 | X26: NA | Y26: 0 | Z26: 0 | AA26: 0.6942 | AB26: =R26*AA26 -> 399.165 | AC26: =ROUNDUP(((I26)/AB26),0) -> 2 | AD26: =IF(AB26*AC26>=I26,"YES","NO") -> YES | AE26: =IF(C26="M",(SQRT(3)*I26*(U26/1000)*((S26/AC26)*G26+(T26/AC26)*SIN(ACOS(G26)))),(SQRT(3)*I26*(U26/1000)*((S26/AC26)*G26+(T26/AC26)*SIN(ACOS(G26))))) -> 34.863031 | AF26: =(AE26/(F26*1000))*100 -> 0.31693664 | AG26: =IF(C26="I",IF(AF26<=2,"YES","NO"),IF(AF26<=3,"YES","NO")) -> YES | AH26: =IF(C26="M",(SQRT(3)*J26*(U26/1000)*((S26/AC26)*K26+(T26/AC26)*SIN(ACOS(K26)))),"NA") -> 207.19355 | AI26: =IF(C26="M",(AH26/(F26*1000))*100,"NA") -> 1.8835777 | AJ26: =IF(C26="M",IF(AI26<=10,"YES","NO"),"NA") -> YES | AK26: =IF(C26="M",IF(AND(Q26>=N26,AD26="YES",AG26="YES",AJ26="YES"),CONCATENATE(AC26,"R X ",F26,"kV X ",P26," X ",Q26," Sqmm"),"Cable size is not correct"),IF(AND(Q26>=N26,AD26="YES",AG26="YES",AJ26="NA"),CONCATENATE(AC26,"R X ",F26,"kV X ",P26," X ",Q26," Sqmm"),"Cable size is not correct")) -> 2R X 11kV X 1C X 400 Sqmm | AL26: =IF(P26="1C",3*U26*AC26,U26*AC26) -> 2460 | AN26: =AC26*2 -> 4
A27: 5 | B27: UAT Auxiliary Transformer Feeder | C27: F | D27: 20000 | F27: 11 | G27: 0.83 | H27: 0.93 | I27: =IF(D27="",(E27/(1.732*F27*G27*H27)),(D27/(1.732*F27))) -> 1049.7586 | J27: =IF(C27="M",7.2*I27,0) -> 0 | K27: =IF(C27="M",0.2,0) -> 0 | L27: 50 | M27: 0.16 | N27: =(L27*1000*SQRT(M27)/94) -> 212.76596 | O27: AIR | P27: 1C | Q27: 400 | R27: 575 | S27: 0.1018 | T27: 0.0937 | U27: 120 | V27: 0.89 | W27: 0.78 | X27: NA | Y27: 0 | Z27: 0 | AA27: 0.6942 | AB27: =R27*AA27 -> 399.165 | AC27: =ROUNDUP(((I27)/AB27),0) -> 3 | AD27: =IF(AB27*AC27>=I27,"YES","NO") -> YES | AE27: =IF(C27="M",(SQRT(3)*I27*(U27/1000)*((S27/AC27)*G27+(T27/AC27)*SIN(ACOS(G27)))),(SQRT(3)*I27*(U27/1000)*((S27/AC27)*G27+(T27/AC27)*SIN(ACOS(G27))))) -> 9.9462139 | AF27: =(AE27/(F27*1000))*100 -> 0.090420127 | AG27: =IF(C27="I",IF(AF27<=2,"YES","NO"),IF(AF27<=3,"YES","NO")) -> YES | AH27: =IF(C27="M",(SQRT(3)*J27*(U27/1000)*((S27/AC27)*K27+(T27/AC27)*SIN(ACOS(K27)))),"NA") -> NA | AI27: =IF(C27="M",(AH27/(F27*1000))*100,"NA") -> NA | AJ27: =IF(C27="M",IF(AI27<=10,"YES","NO"),"NA") -> NA | AK27: =IF(C27="M",IF(AND(Q27>=N27,AD27="YES",AG27="YES",AJ27="YES"),CONCATENATE(AC27,"R X ",F27,"kV X ",P27," X ",Q27," Sqmm"),"Cable size is not correct"),IF(AND(Q27>=N27,AD27="YES",AG27="YES",AJ27="NA"),CONCATENATE(AC27,"R X ",F27,"kV X ",P27," X ",Q27," Sqmm"),"Cable size is not correct")) -> 3R X 11kV X 1C X 400 Sqmm | AL27: =IF(P27="1C",3*U27*AC27,U27*AC27) -> 1080 | AN27: =AC27*2 -> 6
A28: 6 | B28: HVAC Service Transformer Feeder | C28: F | D28: 3000 | F28: 11 | G28: 0.85 | H28: 0.92 | I28: =IF(D28="",(E28/(1.732*F28*G28*H28)),(D28/(1.732*F28))) -> 157.46378 | J28: =IF(C28="M",7.2*I28,0) -> 0 | K28: =IF(C28="M",0.2,0) -> 0 | L28: 50 | M28: 0.16 | N28: =(L28*1000*SQRT(M28)/94) -> 212.76596 | O28: AIR | P28: 3C | Q28: 240 | R28: 387 | S28: 0.162 | T28: 0.088 | U28: 460 | V28: 0.89 | W28: 0.73 | X28: NA | Y28: 0 | Z28: 0 | AA28: 0.6497 | AB28: =R28*AA28 -> 251.4339 | AC28: =ROUNDUP(((I28)/AB28),0) -> 1 | AD28: =IF(AB28*AC28>=I28,"YES","NO") -> YES | AE28: =IF(C28="M",(SQRT(3)*I28*(U28/1000)*((S28/AC28)*G28+(T28/AC28)*SIN(ACOS(G28)))),(SQRT(3)*I28*(U28/1000)*((S28/AC28)*G28+(T28/AC28)*SIN(ACOS(G28))))) -> 23.091449 | AF28: =(AE28/(F28*1000))*100 -> 0.20992226 | AG28: =IF(C28="I",IF(AF28<=2,"YES","NO"),IF(AF28<=3,"YES","NO")) -> YES | AH28: =IF(C28="M",(SQRT(3)*J28*(U28/1000)*((S28/AC28)*K28+(T28/AC28)*SIN(ACOS(K28)))),"NA") -> NA | AI28: =IF(C28="M",(AH28/(F28*1000))*100,"NA") -> NA | AJ28: =IF(C28="M",IF(AI28<=10,"YES","NO"),"NA") -> NA | AK28: =IF(C28="M",IF(AND(Q28>=N28,AD28="YES",AG28="YES",AJ28="YES"),CONCATENATE(AC28,"R X ",F28,"kV X ",P28," X ",Q28," Sqmm"),"Cable size is not correct"),IF(AND(Q28>=N28,AD28="YES",AG28="YES",AJ28="NA"),CONCATENATE(AC28,"R X ",F28,"kV X ",P28," X ",Q28," Sqmm"),"Cable size is not correct")) -> 1R X 11kV X 3C X 240 Sqmm | AL28: =IF(P28="1C",3*U28*AC28,U28*AC28) -> 460
A29: 7 | B29: Turbine Tower Service Transformer Feeder | C29: F | D29: 2500 | F29: 11 | G29: 0.85 | H29: 0.92 | I29: =IF(D29="",(E29/(1.732*F29*G29*H29)),(D29/(1.732*F29))) -> 131.21982 | J29: =IF(C29="M",7.2*I29,0) -> 0 | K29: =IF(C29="M",0.2,0) -> 0 | L29: 50 | M29: 0.16 | N29: =(L29*1000*SQRT(M29)/94) -> 212.76596 | O29: AIR | P29: 3C | Q29: 240 | R29: 387 | S29: 0.162 | T29: 0.088 | U29: 470 | V29: 0.89 | W29: 0.73 | X29: NA | Y29: 0 | Z29: 0 | AA29: 0.6497 | AB29: =R29*AA29 -> 251.4339 | AC29: =ROUNDUP(((I29)/AB29),0) -> 1 | AD29: =IF(AB29*AC29>=I29,"YES","NO") -> YES | AE29: =IF(C29="M",(SQRT(3)*I29*(U29/1000)*((S29/AC29)*G29+(T29/AC29)*SIN(ACOS(G29)))),(SQRT(3)*I29*(U29/1000)*((S29/AC29)*G29+(T29/AC29)*SIN(ACOS(G29))))) -> 19.661198 | AF29: =(AE29/(F29*1000))*100 -> 0.17873816 | AG29: =IF(C29="I",IF(AF29<=2,"YES","NO"),IF(AF29<=3,"YES","NO")) -> YES | AH29: =IF(C29="M",(SQRT(3)*J29*(U29/1000)*((S29/AC29)*K29+(T29/AC29)*SIN(ACOS(K29)))),"NA") -> NA | AI29: =IF(C29="M",(AH29/(F29*1000))*100,"NA") -> NA | AJ29: =IF(C29="M",IF(AI29<=10,"YES","NO"),"NA") -> NA | AK29: =IF(C29="M",IF(AND(Q29>=N29,AD29="YES",AG29="YES",AJ29="YES"),CONCATENATE(AC29,"R X ",F29,"kV X ",P29," X ",Q29," Sqmm"),"Cable size is not correct"),IF(AND(Q29>=N29,AD29="YES",AG29="YES",AJ29="NA"),CONCATENATE(AC29,"R X ",F29,"kV X ",P29," X ",Q29," Sqmm"),"Cable size is not correct")) -> 1R X 11kV X 3C X 240 Sqmm | AL29: =IF(P29="1C",3*U29*AC29,U29*AC29) -> 470 | AN29: =AC29*2 -> 2
A30: 8 | B30: Boiler Service Transformer Feeder | C30: F | D30: 3000 | F30: 11 | G30: 0.85 | H30: 0.92 | I30: =IF(D30="",(E30/(1.732*F30*G30*H30)),(D30/(1.732*F30))) -> 157.46378 | J30: =IF(C30="M",7.2*I30,0) -> 0 | K30: =IF(C30="M",0.2,0) -> 0 | L30: 50 | M30: 0.16 | N30: =(L30*1000*SQRT(M30)/94) -> 212.76596 | O30: AIR | P30: 3C | Q30: 240 | R30: 387 | S30: 0.162 | T30: 0.088 | U30: 460 | V30: 0.89 | W30: 0.73 | X30: NA | Y30: 0 | Z30: 0 | AA30: 0.6497 | AB30: =R30*AA30 -> 251.4339 | AC30: =ROUNDUP(((I30)/AB30),0) -> 1 | AD30: =IF(AB30*AC30>=I30,"YES","NO") -> YES | AE30: =IF(C30="M",(SQRT(3)*I30*(U30/1000)*((S30/AC30)*G30+(T30/AC30)*SIN(ACOS(G30)))),(SQRT(3)*I30*(U30/1000)*((S30/AC30)*G30+(T30/AC30)*SIN(ACOS(G30))))) -> 23.091449 | AF30: =(AE30/(F30*1000))*100 -> 0.20992226 | AG30: =IF(C30="I",IF(AF30<=2,"YES","NO"),IF(AF30<=3,"YES","NO")) -> YES | AH30: =IF(C30="M",(SQRT(3)*J30*(U30/1000)*((S30/AC30)*K30+(T30/AC30)*SIN(ACOS(K30)))),"NA") -> NA | AI30: =IF(C30="M",(AH30/(F30*1000))*100,"NA") -> NA | AJ30: =IF(C30="M",IF(AI30<=10,"YES","NO"),"NA") -> NA | AK30: =IF(C30="M",IF(AND(Q30>=N30,AD30="YES",AG30="YES",AJ30="YES"),CONCATENATE(AC30,"R X ",F30,"kV X ",P30," X ",Q30," Sqmm"),"Cable size is not correct"),IF(AND(Q30>=N30,AD30="YES",AG30="YES",AJ30="NA"),CONCATENATE(AC30,"R X ",F30,"kV X ",P30," X ",Q30," Sqmm"),"Cable size is not correct")) -> 1R X 11kV X 3C X 240 Sqmm | AL30: =IF(P30="1C",3*U30*AC30,U30*AC30) -> 460 | AN30: =AC30*2 -> 2
A31: 9 | B31: ESP Service Transformer Feeder-4 | C31: F | D31: 2500 | F31: 11 | G31: 0.85 | H31: 0.92 | I31: =IF(D31="",(E31/(1.732*F31*G31*H31)),(D31/(1.732*F31))) -> 131.21982 | J31: =IF(C31="M",7.2*I31,0) -> 0 | K31: =IF(C31="M",0.2,0) -> 0 | L31: 50 | M31: 0.16 | N31: =(L31*1000*SQRT(M31)/94) -> 212.76596 | O31: AIR | P31: 3C | Q31: 240 | R31: 387 | S31: 0.162 | T31: 0.088 | U31: 490 | V31: 0.89 | W31: 0.73 | X31: NA | Y31: 0 | Z31: 0 | AA31: 0.6497 | AB31: =R31*AA31 -> 251.4339 | AC31: =ROUNDUP(((I31)/AB31),0) -> 1 | AD31: =IF(AB31*AC31>=I31,"YES","NO") -> YES | AE31: =IF(C31="M",(SQRT(3)*I31*(U31/1000)*((S31/AC31)*G31+(T31/AC31)*SIN(ACOS(G31)))),(SQRT(3)*I31*(U31/1000)*((S31/AC31)*G31+(T31/AC31)*SIN(ACOS(G31))))) -> 20.497844 | AF31: =(AE31/(F31*1000))*100 -> 0.18634404 | AG31: =IF(C31="I",IF(AF31<=2,"YES","NO"),IF(AF31<=3,"YES","NO")) -> YES | AH31: =IF(C31="M",(SQRT(3)*J31*(U31/1000)*((S31/AC31)*K31+(T31/AC31)*SIN(ACOS(K31)))),"NA") -> NA | AI31: =IF(C31="M",(AH31/(F31*1000))*100,"NA") -> NA | AJ31: =IF(C31="M",IF(AI31<=10,"YES","NO"),"NA") -> NA | AK31: =IF(C31="M",IF(AND(Q31>=N31,AD31="YES",AG31="YES",AJ31="YES"),CONCATENATE(AC31,"R X ",F31,"kV X ",P31," X ",Q31," Sqmm"),"Cable size is not correct"),IF(AND(Q31>=N31,AD31="YES",AG31="YES",AJ31="NA"),CONCATENATE(AC31,"R X ",F31,"kV X ",P31," X ",Q31," Sqmm"),"Cable size is not correct")) -> 1R X 11kV X 3C X 240 Sqmm | AL31: =IF(P31="1C",3*U31*AC31,U31*AC31) -> 490 | AN31: =AC31*2 -> 2
A32: 10 | B32: ESP Service Transformer Feeder-5 | C32: F | D32: 2500 | F32: 11 | G32: 0.85 | H32: 0.92 | I32: =IF(D32="",(E32/(1.732*F32*G32*H32)),(D32/(1.732*F32))) -> 131.21982 | J32: =IF(C32="M",7.2*I32,0) -> 0 | K32: =IF(C32="M",0.2,0) -> 0 | L32: 50 | M32: 0.16 | N32: =(L32*1000*SQRT(M32)/94) -> 212.76596 | O32: AIR | P32: 3C | Q32: 240 | R32: 387 | S32: 0.162 | T32: 0.088 | U32: 490 | V32: 0.89 | W32: 0.73 | X32: NA | Y32: 0 | Z32: 0 | AA32: 0.6497 | AB32: =R32*AA32 -> 251.4339 | AC32: =ROUNDUP(((I32)/AB32),0) -> 1 | AD32: =IF(AB32*AC32>=I32,"YES","NO") -> YES | AE32: =IF(C32="M",(SQRT(3)*I32*(U32/1000)*((S32/AC32)*G32+(T32/AC32)*SIN(ACOS(G32)))),(SQRT(3)*I32*(U32/1000)*((S32/AC32)*G32+(T32/AC32)*SIN(ACOS(G32))))) -> 20.497844 | AF32: =(AE32/(F32*1000))*100 -> 0.18634404 | AG32: =IF(C32="I",IF(AF32<=2,"YES","NO"),IF(AF32<=3,"YES","NO")) -> YES | AH32: =IF(C32="M",(SQRT(3)*J32*(U32/1000)*((S32/AC32)*K32+(T32/AC32)*SIN(ACOS(K32)))),"NA") -> NA | AI32: =IF(C32="M",(AH32/(F32*1000))*100,"NA") -> NA | AJ32: =IF(C32="M",IF(AI32<=10,"YES","NO"),"NA") -> NA | AK32: =IF(C32="M",IF(AND(Q32>=N32,AD32="YES",AG32="YES",AJ32="YES"),CONCATENATE(AC32,"R X ",F32,"kV X ",P32," X ",Q32," Sqmm"),"Cable size is not correct"),IF(AND(Q32>=N32,AD32="YES",AG32="YES",AJ32="NA"),CONCATENATE(AC32,"R X ",F32,"kV X ",P32," X ",Q32," Sqmm"),"Cable size is not correct")) -> 1R X 11kV X 3C X 240 Sqmm | AL32: =IF(P32="1C",3*U32*AC32,U32*AC32) -> 490 | AN32: =AC32*2 -> 2
A33: 11 | B33: ESP Service Transformer Feeder-6 | C33: F | D33: 2500 | F33: 11 | G33: 0.85 | H33: 0.92 | I33: =IF(D33="",(E33/(1.732*F33*G33*H33)),(D33/(1.732*F33))) -> 131.21982 | J33: =IF(C33="M",7.2*I33,0) -> 0 | K33: =IF(C33="M",0.2,0) -> 0 | L33: 50 | M33: 0.16 | N33: =(L33*1000*SQRT(M33)/94) -> 212.76596 | O33: AIR | P33: 3C | Q33: 240 | R33: 387 | S33: 0.162 | T33: 0.088 | U33: 490 | V33: 0.89 | W33: 0.73 | X33: NA | Y33: 0 | Z33: 0 | AA33: 0.6497 | AB33: =R33*AA33 -> 251.4339 | AC33: =ROUNDUP(((I33)/AB33),0) -> 1 | AD33: =IF(AB33*AC33>=I33,"YES","NO") -> YES | AE33: =IF(C33="M",(SQRT(3)*I33*(U33/1000)*((S33/AC33)*G33+(T33/AC33)*SIN(ACOS(G33)))),(SQRT(3)*I33*(U33/1000)*((S33/AC33)*G33+(T33/AC33)*SIN(ACOS(G33))))) -> 20.497844 | AF33: =(AE33/(F33*1000))*100 -> 0.18634404 | AG33: =IF(C33="I",IF(AF33<=2,"YES","NO"),IF(AF33<=3,"YES","NO")) -> YES | AH33: =IF(C33="M",(SQRT(3)*J33*(U33/1000)*((S33/AC33)*K33+(T33/AC33)*SIN(ACOS(K33)))),"NA") -> NA | AI33: =IF(C33="M",(AH33/(F33*1000))*100,"NA") -> NA | AJ33: =IF(C33="M",IF(AI33<=10,"YES","NO"),"NA") -> NA | AK33: =IF(C33="M",IF(AND(Q33>=N33,AD33="YES",AG33="YES",AJ33="YES"),CONCATENATE(AC33,"R X ",F33,"kV X ",P33," X ",Q33," Sqmm"),"Cable size is not correct"),IF(AND(Q33>=N33,AD33="YES",AG33="YES",AJ33="NA"),CONCATENATE(AC33,"R X ",F33,"kV X ",P33," X ",Q33," Sqmm"),"Cable size is not correct")) -> 1R X 11kV X 3C X 240 Sqmm | AL33: =IF(P33="1C",3*U33*AC33,U33*AC33) -> 490 | AN33: =AC33*2 -> 2
A34: 12 | B34: Cooling Tower Transformer Feeder-2B | C34: F | D34: 3000 | F34: 11 | G34: 0.85 | H34: 0.92 | I34: =IF(D34="",(E34/(1.732*F34*G34*H34)),(D34/(1.732*F34))) -> 157.46378 | J34: =IF(C34="M",7.2*I34,0) -> 0 | K34: =IF(C34="M",0.2,0) -> 0 | L34: 50 | M34: 0.16 | N34: =(L34*1000*SQRT(M34)/94) -> 212.76596 | O34: AIR | P34: 3C | Q34: 240 | R34: 387 | S34: 0.162 | T34: 0.088 | U34: 1100 | V34: 0.89 | W34: 0.73 | X34: NA | Y34: 0 | Z34: 0 | AA34: 0.6497 | AB34: =R34*AA34 -> 251.4339 | AC34: =ROUNDUP(((I34)/AB34),0) -> 1 | AD34: =IF(AB34*AC34>=I34,"YES","NO") -> YES | AE34: =IF(C34="M",(SQRT(3)*I34*(U34/1000)*((S34/AC34)*G34+(T34/AC34)*SIN(ACOS(G34)))),(SQRT(3)*I34*(U34/1000)*((S34/AC34)*G34+(T34/AC34)*SIN(ACOS(G34))))) -> 55.218683 | AF34: =(AE34/(F34*1000))*100 -> 0.50198802 | AG34: =IF(C34="I",IF(AF34<=2,"YES","NO"),IF(AF34<=3,"YES","NO")) -> YES | AH34: =IF(C34="M",(SQRT(3)*J34*(U34/1000)*((S34/AC34)*K34+(T34/AC34)*SIN(ACOS(K34)))),"NA") -> NA | AI34: =IF(C34="M",(AH34/(F34*1000))*100,"NA") -> NA | AJ34: =IF(C34="M",IF(AI34<=10,"YES","NO"),"NA") -> NA | AK34: =IF(C34="M",IF(AND(Q34>=N34,AD34="YES",AG34="YES",AJ34="YES"),CONCATENATE(AC34,"R X ",F34,"kV X ",P34," X ",Q34," Sqmm"),"Cable size is not correct"),IF(AND(Q34>=N34,AD34="YES",AG34="YES",AJ34="NA"),CONCATENATE(AC34,"R X ",F34,"kV X ",P34," X ",Q34," Sqmm"),"Cable size is not correct")) -> 1R X 11kV X 3C X 240 Sqmm | AL34: =IF(P34="1C",3*U34*AC34,U34*AC34) -> 1100 | AN34: =AC34*2 -> 2
A35: 13
B36: 11 KV UNIT SWGR-4UA | AN36: =AC36*2 -> 0
A37: 1 | B37: FD FAN-4A | C37: M | E37: 2450 | F37: 11 | G37: 0.77 | H37: 0.945 | I37: =IF(D37="",(E37/(1.732*F37*G37*H37)),(D37/(1.732*F37))) -> 176.72703 | J37: =IF(C37="M",7.2*I37,0) -> 1272.4346 | K37: =IF(C37="M",0.2,0) -> 0.2 | L37: 50 | M37: 0.16 | N37: =(L37*1000*SQRT(M37)/94) -> 212.76596 | O37: AIR | P37: 3C | Q37: 240 | R37: 387 | S37: 0.162 | T37: 0.088 | U37: 475 | V37: 0.89 | W37: 0.73 | X37: NA | Y37: 0 | Z37: 0 | AA37: 0.6497 | AB37: =R37*AA37 -> 251.4339 | AC37: =ROUNDUP(((I37)/AB37),0) -> 1 | AD37: =IF(AB37*AC37>=I37,"YES","NO") -> YES | AE37: =IF(C37="M",(SQRT(3)*I37*(U37/1000)*((S37/AC37)*G37+(T37/AC37)*SIN(ACOS(G37)))),(SQRT(3)*I37*(U37/1000)*((S37/AC37)*G37+(T37/AC37)*SIN(ACOS(G37))))) -> 26.30066 | AF37: =(AE37/(F37*1000))*100 -> 0.23909691 | AG37: =IF(C37="I",IF(AF37<=2,"YES","NO"),IF(AF37<=3,"YES","NO")) -> YES | AH37: =IF(C37="M",(SQRT(3)*J37*(U37/1000)*((S37/AC37)*K37+(T37/AC37)*SIN(ACOS(K37)))),"NA") -> 124.18098 | AI37: =IF(C37="M",(AH37/(F37*1000))*100,"NA") -> 1.128918 | AJ37: =IF(C37="M",IF(AI37<=10,"YES","NO"),"NA") -> YES | AK37: =IF(C37="M",IF(AND(Q37>=N37,AD37="YES",AG37="YES",AJ37="YES"),CONCATENATE(AC37,"R X ",F37,"kV X ",P37," X ",Q37," Sqmm"),"Cable size is not correct"),IF(AND(Q37>=N37,AD37="YES",AG37="YES",AJ37="NA"),CONCATENATE(AC37,"R X ",F37,"kV X ",P37," X ",Q37," Sqmm"),"Cable size is not correct")) -> 1R X 11kV X 3C X 240 Sqmm | AL37: =IF(P37="1C",3*U37*AC37,U37*AC37) -> 475 | AN37: =AC37*2 -> 2
A38: 2 | B38: PA FAN-4A | C38: M | E38: 3900 | F38: 11 | G38: 0.88 | H38: 0.95 | I38: =IF(D38="",(E38/(1.732*F38*G38*H38)),(D38/(1.732*F38))) -> 244.85995 | J38: =IF(C38="M",7.2*I38,0) -> 1762.9916 | K38: =IF(C38="M",0.2,0) -> 0.2 | L38: 50 | M38: 0.16 | N38: =(L38*1000*SQRT(M38)/94) -> 212.76596 | O38: AIR | P38: 3C | Q38: 300 | R38: 441 | S38: 0.13 | T38: 0.086 | U38: 500 | V38: 0.89 | W38: 0.73 | X38: NA | Y38: 0 | Z38: 0 | AA38: 0.6497 | AB38: =R38*AA38 -> 286.5177 | AC38: =ROUNDUP(((I38)/AB38),0) -> 1 | AD38: =IF(AB38*AC38>=I38,"YES","NO") -> YES | AE38: =IF(C38="M",(SQRT(3)*I38*(U38/1000)*((S38/AC38)*G38+(T38/AC38)*SIN(ACOS(G38)))),(SQRT(3)*I38*(U38/1000)*((S38/AC38)*G38+(T38/AC38)*SIN(ACOS(G38))))) -> 32.921049 | AF38: =(AE38/(F38*1000))*100 -> 0.29928226 | AG38: =IF(C38="I",IF(AF38<=2,"YES","NO"),IF(AF38<=3,"YES","NO")) -> YES | AH38: =IF(C38="M",(SQRT(3)*J38*(U38/1000)*((S38/AC38)*K38+(T38/AC38)*SIN(ACOS(K38)))),"NA") -> 168.34821 | AI38: =IF(C38="M",(AH38/(F38*1000))*100,"NA") -> 1.5304383 | AJ38: =IF(C38="M",IF(AI38<=10,"YES","NO"),"NA") -> YES | AK38: =IF(C38="M",IF(AND(Q38>=N38,AD38="YES",AG38="YES",AJ38="YES"),CONCATENATE(AC38,"R X ",F38,"kV X ",P38," X ",Q38," Sqmm"),"Cable size is not correct"),IF(AND(Q38>=N38,AD38="YES",AG38="YES",AJ38="NA"),CONCATENATE(AC38,"R X ",F38,"kV X ",P38," X ",Q38," Sqmm"),"Cable size is not correct")) -> 1R X 11kV X 3C X 300 Sqmm | AL38: =IF(P38="1C",3*U38*AC38,U38*AC38) -> 500 | AN38: =AC38*2 -> 2
A39: 3 | B39: CW Pump Motor#3 | C39: M | E39: 4325 | F39: 11 | G39: 0.77 | H39: 0.945 | I39: =IF(D39="",(E39/(1.732*F39*G39*H39)),(D39/(1.732*F39))) -> 311.97731 | J39: =IF(C39="M",7.2*I39,0) -> 2246.2366 | K39: =IF(C39="M",0.2,0) -> 0.2 | L39: 50 | M39: 0.16 | N39: =(L39*1000*SQRT(M39)/94) -> 212.76596 | O39: AIR | P39: 1C | Q39: 300 | R39: 387 | S39: 0.162 | T39: 0.088 | U39: 750 | V39: 0.89 | W39: 0.73 | X39: NA | Y39: 0 | Z39: 0 | AA39: 0.6497 | AB39: =R39*AA39 -> 251.4339 | AC39: 2 | AD39: =IF(AB39*AC39>=I39,"YES","NO") -> YES | AE39: =IF(C39="M",(SQRT(3)*I39*(U39/1000)*((S39/AC39)*G39+(T39/AC39)*SIN(ACOS(G39)))),(SQRT(3)*I39*(U39/1000)*((S39/AC39)*G39+(T39/AC39)*SIN(ACOS(G39))))) -> 36.654249 | AF39: =(AE39/(F39*1000))*100 -> 0.33322045 | AG39: =IF(C39="I",IF(AF39<=2,"YES","NO"),IF(AF39<=3,"YES","NO")) -> YES | AH39: =IF(C39="M",(SQRT(3)*J39*(U39/1000)*((S39/AC39)*K39+(T39/AC39)*SIN(ACOS(K39)))),"NA") -> 173.06641 | AI39: =IF(C39="M",(AH39/(F39*1000))*100,"NA") -> 1.573331 | AJ39: =IF(C39="M",IF(AI39<=10,"YES","NO"),"NA") -> YES | AK39: =IF(C39="M",IF(AND(Q39>=N39,AD39="YES",AG39="YES",AJ39="YES"),CONCATENATE(AC39,"R X ",F39,"kV X ",P39," X ",Q39," Sqmm"),"Cable size is not correct"),IF(AND(Q39>=N39,AD39="YES",AG39="YES",AJ39="NA"),CONCATENATE(AC39,"R X ",F39,"kV X ",P39," X ",Q39," Sqmm"),"Cable size is not correct")) -> 2R X 11kV X 1C X 300 Sqmm | AL39: =IF(P39="1C",3*U39*AC39,U39*AC39) -> 4500 | AN39: =AC39*2 -> 4
A40: 4 | B40: ID FAN-4A | C40: M | E40: 11350 | F40: 11 | G40: 0.85 | H40: 0.97 | I40: =IF(D40="",(E40/(1.732*F40*G40*H40)),(D40/(1.732*F40))) -> 722.54455 | J40: =IF(C40="M",7.2*I40,0) -> 5202.3207 | K40: =IF(C40="M",0.2,0) -> 0.2 | L40: 50 | M40: 0.16 | N40: =(L40*1000*SQRT(M40)/94) -> 212.76596 | O40: AIR | P40: 1C | Q40: 400 | R40: 575 | S40: 0.1018 | T40: 0.0937 | U40: 410 | V40: 0.89 | W40: 0.78 | X40: NA | Y40: 0 | Z40: 0 | AA40: 0.6942 | AB40: =R40*AA40 -> 399.165 | AC40: =ROUNDUP(((I40)/AB40),0) -> 2 | AD40: =IF(AB40*AC40>=I40,"YES","NO") -> YES | AE40: =IF(C40="M",(SQRT(3)*I40*(U40/1000)*((S40/AC40)*G40+(T40/AC40)*SIN(ACOS(G40)))),(SQRT(3)*I40*(U40/1000)*((S40/AC40)*G40+(T40/AC40)*SIN(ACOS(G40))))) -> 34.863031 | AF40: =(AE40/(F40*1000))*100 -> 0.31693664 | AG40: =IF(C40="I",IF(AF40<=2,"YES","NO"),IF(AF40<=3,"YES","NO")) -> YES | AH40: =IF(C40="M",(SQRT(3)*J40*(U40/1000)*((S40/AC40)*K40+(T40/AC40)*SIN(ACOS(K40)))),"NA") -> 207.19355 | AI40: =IF(C40="M",(AH40/(F40*1000))*100,"NA") -> 1.8835777 | AJ40: =IF(C40="M",IF(AI40<=10,"YES","NO"),"NA") -> YES | AK40: =IF(C40="M",IF(AND(Q40>=N40,AD40="YES",AG40="YES",AJ40="YES"),CONCATENATE(AC40,"R X ",F40,"kV X ",P40," X ",Q40," Sqmm"),"Cable size is not correct"),IF(AND(Q40>=N40,AD40="YES",AG40="YES",AJ40="NA"),CONCATENATE(AC40,"R X ",F40,"kV X ",P40," X ",Q40," Sqmm"),"Cable size is not correct")) -> 2R X 11kV X 1C X 400 Sqmm | AL40: =IF(P40="1C",3*U40*AC40,U40*AC40) -> 2460 | AN40: =AC40*2 -> 4
A41: 5 | B41: MDBFP Motor | C41: M | E41: 13000 | F41: 11 | G41: 0.85 | H41: 0.97 | I41: =IF(D41="",(E41/(1.732*F41*G41*H41)),(D41/(1.732*F41))) -> 827.58406 | J41: =IF(C41="M",7.2*I41,0) -> 5958.6053 | K41: =IF(C41="M",0.2,0) -> 0.2 | L41: 50 | M41: 0.16 | N41: =(L41*1000*SQRT(M41)/94) -> 212.76596 | O41: AIR | P41: 1C | Q41: 400 | R41: 575 | S41: 0.1018 | T41: 0.0937 | U41: 85 | V41: 0.89 | W41: 0.78 | X41: NA | Y41: 0 | Z41: 0 | AA41: 0.6942 | AB41: =R41*AA41 -> 399.165 | AC41: =ROUNDUP(((I41)/AB41),0) -> 3 | AD41: =IF(AB41*AC41>=I41,"YES","NO") -> YES | AE41: =IF(C41="M",(SQRT(3)*I41*(U41/1000)*((S41/AC41)*G41+(T41/AC41)*SIN(ACOS(G41)))),(SQRT(3)*I41*(U41/1000)*((S41/AC41)*G41+(T41/AC41)*SIN(ACOS(G41))))) -> 5.5189497 | AF41: =(AE41/(F41*1000))*100 -> 0.05017227 | AG41: =IF(C41="I",IF(AF41<=2,"YES","NO"),IF(AF41<=3,"YES","NO")) -> YES | AH41: =IF(C41="M",(SQRT(3)*J41*(U41/1000)*((S41/AC41)*K41+(T41/AC41)*SIN(ACOS(K41)))),"NA") -> 32.799524 | AI41: =IF(C41="M",(AH41/(F41*1000))*100,"NA") -> 0.29817749 | AJ41: =IF(C41="M",IF(AI41<=10,"YES","NO"),"NA") -> YES | AK41: =IF(C41="M",IF(AND(Q41>=N41,AD41="YES",AG41="YES",AJ41="YES"),CONCATENATE(AC41,"R X ",F41,"kV X ",P41," X ",Q41," Sqmm"),"Cable size is not correct"),IF(AND(Q41>=N41,AD41="YES",AG41="YES",AJ41="NA"),CONCATENATE(AC41,"R X ",F41,"kV X ",P41," X ",Q41," Sqmm"),"Cable size is not correct")) -> 3R X 11kV X 1C X 400 Sqmm | AL41: =IF(P41="1C",3*U41*AC41,U41*AC41) -> 765 | AN41: =AC41*2 -> 6
A42: 6 | B42: Turbine Tower Service Transformer Feeder | C42: F | D42: 2500 | F42: 11 | G42: 0.85 | H42: 0.92 | I42: =IF(D42="",(E42/(1.732*F42*G42*H42)),(D42/(1.732*F42))) -> 131.21982 | J42: =IF(C42="M",7.2*I42,0) -> 0 | K42: =IF(C42="M",0.2,0) -> 0 | L42: 50 | M42: 0.16 | N42: =(L42*1000*SQRT(M42)/94) -> 212.76596 | O42: AIR | P42: 3C | Q42: 240 | R42: 387 | S42: 0.162 | T42: 0.088 | U42: 470 | V42: 0.89 | W42: 0.73 | X42: NA | Y42: 0 | Z42: 0 | AA42: 0.6497 | AB42: =R42*AA42 -> 251.4339 | AC42: =ROUNDUP(((I42)/AB42),0) -> 1 | AD42: =IF(AB42*AC42>=I42,"YES","NO") -> YES | AE42: =IF(C42="M",(SQRT(3)*I42*(U42/1000)*((S42/AC42)*G42+(T42/AC42)*SIN(ACOS(G42)))),(SQRT(3)*I42*(U42/1000)*((S42/AC42)*G42+(T42/AC42)*SIN(ACOS(G42))))) -> 19.661198 | AF42: =(AE42/(F42*1000))*100 -> 0.17873816 | AG42: =IF(C42="I",IF(AF42<=2,"YES","NO"),IF(AF42<=3,"YES","NO")) -> YES | AH42: =IF(C42="M",(SQRT(3)*J42*(U42/1000)*((S42/AC42)*K42+(T42/AC42)*SIN(ACOS(K42)))),"NA") -> NA | AI42: =IF(C42="M",(AH42/(F42*1000))*100,"NA") -> NA | AJ42: =IF(C42="M",IF(AI42<=10,"YES","NO"),"NA") -> NA | AK42: =IF(C42="M",IF(AND(Q42>=N42,AD42="YES",AG42="YES",AJ42="YES"),CONCATENATE(AC42,"R X ",F42,"kV X ",P42," X ",Q42," Sqmm"),"Cable size is not correct"),IF(AND(Q42>=N42,AD42="YES",AG42="YES",AJ42="NA"),CONCATENATE(AC42,"R X ",F42,"kV X ",P42," X ",Q42," Sqmm"),"Cable size is not correct")) -> 1R X 11kV X 3C X 240 Sqmm | AL42: =IF(P42="1C",3*U42*AC42,U42*AC42) -> 470 | AN42: =AC42*2 -> 2
A43: 7 | B43: Boiler Service Transformer Feeder | C43: F | D43: 3000 | F43: 11 | G43: 0.85 | H43: 0.92 | I43: =IF(D43="",(E43/(1.732*F43*G43*H43)),(D43/(1.732*F43))) -> 157.46378 | J43: =IF(C43="M",7.2*I43,0) -> 0 | K43: =IF(C43="M",0.2,0) -> 0 | L43: 50 | M43: 0.16 | N43: =(L43*1000*SQRT(M43)/94) -> 212.76596 | O43: AIR | P43: 3C | Q43: 240 | R43: 387 | S43: 0.162 | T43: 0.088 | U43: 470 | V43: 0.89 | W43: 0.73 | X43: NA | Y43: 0 | Z43: 0 | AA43: 0.6497 | AB43: =R43*AA43 -> 251.4339 | AC43: =ROUNDUP(((I43)/AB43),0) -> 1 | AD43: =IF(AB43*AC43>=I43,"YES","NO") -> YES | AE43: =IF(C43="M",(SQRT(3)*I43*(U43/1000)*((S43/AC43)*G43+(T43/AC43)*SIN(ACOS(G43)))),(SQRT(3)*I43*(U43/1000)*((S43/AC43)*G43+(T43/AC43)*SIN(ACOS(G43))))) -> 23.593437 | AF43: =(AE43/(F43*1000))*100 -> 0.21448579 | AG43: =IF(C43="I",IF(AF43<=2,"YES","NO"),IF(AF43<=3,"YES","NO")) -> YES | AH43: =IF(C43="M",(SQRT(3)*J43*(U43/1000)*((S43/AC43)*K43+(T43/AC43)*SIN(ACOS(K43)))),"NA") -> NA | AI43: =IF(C43="M",(AH43/(F43*1000))*100,"NA") -> NA | AJ43: =IF(C43="M",IF(AI43<=10,"YES","NO"),"NA") -> NA | AK43: =IF(C43="M",IF(AND(Q43>=N43,AD43="YES",AG43="YES",AJ43="YES"),CONCATENATE(AC43,"R X ",F43,"kV X ",P43," X ",Q43," Sqmm"),"Cable size is not correct"),IF(AND(Q43>=N43,AD43="YES",AG43="YES",AJ43="NA"),CONCATENATE(AC43,"R X ",F43,"kV X ",P43," X ",Q43," Sqmm"),"Cable size is not correct")) -> 1R X 11kV X 3C X 240 Sqmm | AL43: =IF(P43="1C",3*U43*AC43,U43*AC43) -> 470 | AN43: =AC43*2 -> 2
A44: 8 | B44: ESP Service Transformer Feeder-1 | C44: F | D44: 2500 | F44: 11 | G44: 0.85 | H44: 0.92 | I44: =IF(D44="",(E44/(1.732*F44*G44*H44)),(D44/(1.732*F44))) -> 131.21982 | J44: =IF(C44="M",7.2*I44,0) -> 0 | K44: =IF(C44="M",0.2,0) -> 0 | L44: 50 | M44: 0.16 | N44: =(L44*1000*SQRT(M44)/94) -> 212.76596 | O44: AIR | P44: 3C | Q44: 240 | R44: 387 | S44: 0.162 | T44: 0.088 | U44: 490 | V44: 0.89 | W44: 0.73 | X44: NA | Y44: 0 | Z44: 0 | AA44: 0.6497 | AB44: =R44*AA44 -> 251.4339 | AC44: =ROUNDUP(((I44)/AB44),0) -> 1 | AD44: =IF(AB44*AC44>=I44,"YES","NO") -> YES | AE44: =IF(C44="M",(SQRT(3)*I44*(U44/1000)*((S44/AC44)*G44+(T44/AC44)*SIN(ACOS(G44)))),(SQRT(3)*I44*(U44/1000)*((S44/AC44)*G44+(T44/AC44)*SIN(ACOS(G44))))) -> 20.497844 | AF44: =(AE44/(F44*1000))*100 -> 0.18634404 | AG44: =IF(C44="I",IF(AF44<=2,"YES","NO"),IF(AF44<=3,"YES","NO")) -> YES | AH44: =IF(C44="M",(SQRT(3)*J44*(U44/1000)*((S44/AC44)*K44+(T44/AC44)*SIN(ACOS(K44)))),"NA") -> NA | AI44: =IF(C44="M",(AH44/(F44*1000))*100,"NA") -> NA | AJ44: =IF(C44="M",IF(AI44<=10,"YES","NO"),"NA") -> NA | AK44: =IF(C44="M",IF(AND(Q44>=N44,AD44="YES",AG44="YES",AJ44="YES"),CONCATENATE(AC44,"R X ",F44,"kV X ",P44," X ",Q44," Sqmm"),"Cable size is not correct"),IF(AND(Q44>=N44,AD44="YES",AG44="YES",AJ44="NA"),CONCATENATE(AC44,"R X ",F44,"kV X ",P44," X ",Q44," Sqmm"),"Cable size is not correct")) -> 1R X 11kV X 3C X 240 Sqmm | AL44: =IF(P44="1C",3*U44*AC44,U44*AC44) -> 490 | AN44: =AC44*2 -> 2
A45: 9 | B45: ESP Service Transformer Feeder-2 | C45: F | D45: 2500 | F45: 11 | G45: 0.85 | H45: 0.92 | I45: =IF(D45="",(E45/(1.732*F45*G45*H45)),(D45/(1.732*F45))) -> 131.21982 | J45: =IF(C45="M",7.2*I45,0) -> 0 | K45: =IF(C45="M",0.2,0) -> 0 | L45: 50 | M45: 0.16 | N45: =(L45*1000*SQRT(M45)/94) -> 212.76596 | O45: AIR | P45: 3C | Q45: 240 | R45: 387 | S45: 0.162 | T45: 0.088 | U45: 490 | V45: 0.89 | W45: 0.73 | X45: NA | Y45: 0 | Z45: 0 | AA45: 0.6497 | AB45: =R45*AA45 -> 251.4339 | AC45: =ROUNDUP(((I45)/AB45),0) -> 1 | AD45: =IF(AB45*AC45>=I45,"YES","NO") -> YES | AE45: =IF(C45="M",(SQRT(3)*I45*(U45/1000)*((S45/AC45)*G45+(T45/AC45)*SIN(ACOS(G45)))),(SQRT(3)*I45*(U45/1000)*((S45/AC45)*G45+(T45/AC45)*SIN(ACOS(G45))))) -> 20.497844 | AF45: =(AE45/(F45*1000))*100 -> 0.18634404 | AG45: =IF(C45="I",IF(AF45<=2,"YES","NO"),IF(AF45<=3,"YES","NO")) -> YES | AH45: =IF(C45="M",(SQRT(3)*J45*(U45/1000)*((S45/AC45)*K45+(T45/AC45)*SIN(ACOS(K45)))),"NA") -> NA | AI45: =IF(C45="M",(AH45/(F45*1000))*100,"NA") -> NA | AJ45: =IF(C45="M",IF(AI45<=10,"YES","NO"),"NA") -> NA | AK45: =IF(C45="M",IF(AND(Q45>=N45,AD45="YES",AG45="YES",AJ45="YES"),CONCATENATE(AC45,"R X ",F45,"kV X ",P45," X ",Q45," Sqmm"),"Cable size is not correct"),IF(AND(Q45>=N45,AD45="YES",AG45="YES",AJ45="NA"),CONCATENATE(AC45,"R X ",F45,"kV X ",P45," X ",Q45," Sqmm"),"Cable size is not correct")) -> 1R X 11kV X 3C X 240 Sqmm | AL45: =IF(P45="1C",3*U45*AC45,U45*AC45) -> 490 | AN45: =AC45*2 -> 2
A46: 10 | B46: ESP Service Transformer Feeder-3 | C46: F | D46: 2500 | F46: 11 | G46: 0.85 | H46: 0.92 | I46: =IF(D46="",(E46/(1.732*F46*G46*H46)),(D46/(1.732*F46))) -> 131.21982 | J46: =IF(C46="M",7.2*I46,0) -> 0 | K46: =IF(C46="M",0.2,0) -> 0 | L46: 50 | M46: 0.16 | N46: =(L46*1000*SQRT(M46)/94) -> 212.76596 | O46: AIR | P46: 3C | Q46: 240 | R46: 387 | S46: 0.162 | T46: 0.088 | U46: 490 | V46: 0.89 | W46: 0.73 | X46: NA | Y46: 0 | Z46: 0 | AA46: 0.6497 | AB46: =R46*AA46 -> 251.4339 | AC46: =ROUNDUP(((I46)/AB46),0) -> 1 | AD46: =IF(AB46*AC46>=I46,"YES","NO") -> YES | AE46: =IF(C46="M",(SQRT(3)*I46*(U46/1000)*((S46/AC46)*G46+(T46/AC46)*SIN(ACOS(G46)))),(SQRT(3)*I46*(U46/1000)*((S46/AC46)*G46+(T46/AC46)*SIN(ACOS(G46))))) -> 20.497844 | AF46: =(AE46/(F46*1000))*100 -> 0.18634404 | AG46: =IF(C46="I",IF(AF46<=2,"YES","NO"),IF(AF46<=3,"YES","NO")) -> YES | AH46: =IF(C46="M",(SQRT(3)*J46*(U46/1000)*((S46/AC46)*K46+(T46/AC46)*SIN(ACOS(K46)))),"NA") -> NA | AI46: =IF(C46="M",(AH46/(F46*1000))*100,"NA") -> NA | AJ46: =IF(C46="M",IF(AI46<=10,"YES","NO"),"NA") -> NA | AK46: =IF(C46="M",IF(AND(Q46>=N46,AD46="YES",AG46="YES",AJ46="YES"),CONCATENATE(AC46,"R X ",F46,"kV X ",P46," X ",Q46," Sqmm"),"Cable size is not correct"),IF(AND(Q46>=N46,AD46="YES",AG46="YES",AJ46="NA"),CONCATENATE(AC46,"R X ",F46,"kV X ",P46," X ",Q46," Sqmm"),"Cable size is not correct")) -> 1R X 11kV X 3C X 240 Sqmm | AL46: =IF(P46="1C",3*U46*AC46,U46*AC46) -> 490 | AN46: =AC46*2 -> 2
A47: 11 | B47: HVAC Transformer Feeder | C47: F | D47: 3000 | F47: 11 | G47: 0.85 | H47: 0.92 | I47: =IF(D47="",(E47/(1.732*F47*G47*H47)),(D47/(1.732*F47))) -> 157.46378 | J47: =IF(C47="M",7.2*I47,0) -> 0 | K47: =IF(C47="M",0.2,0) -> 0 | L47: 50 | M47: 0.16 | N47: =(L47*1000*SQRT(M47)/94) -> 212.76596 | O47: AIR | P47: 3C | Q47: 240 | R47: 387 | S47: 0.162 | T47: 0.088 | U47: 490 | V47: 0.89 | W47: 0.73 | X47: NA | Y47: 0 | Z47: 0 | AA47: 0.6497 | AB47: =R47*AA47 -> 251.4339 | AC47: =ROUNDUP(((I47)/AB47),0) -> 1 | AD47: =IF(AB47*AC47>=I47,"YES","NO") -> YES | AE47: =IF(C47="M",(SQRT(3)*I47*(U47/1000)*((S47/AC47)*G47+(T47/AC47)*SIN(ACOS(G47)))),(SQRT(3)*I47*(U47/1000)*((S47/AC47)*G47+(T47/AC47)*SIN(ACOS(G47))))) -> 24.597413 | AF47: =(AE47/(F47*1000))*100 -> 0.22361285 | AG47: =IF(C47="I",IF(AF47<=2,"YES","NO"),IF(AF47<=3,"YES","NO")) -> YES | AH47: =IF(C47="M",(SQRT(3)*J47*(U47/1000)*((S47/AC47)*K47+(T47/AC47)*SIN(ACOS(K47)))),"NA") -> NA | AI47: =IF(C47="M",(AH47/(F47*1000))*100,"NA") -> NA | AJ47: =IF(C47="M",IF(AI47<=10,"YES","NO"),"NA") -> NA | AK47: =IF(C47="M",IF(AND(Q47>=N47,AD47="YES",AG47="YES",AJ47="YES"),CONCATENATE(AC47,"R X ",F47,"kV X ",P47," X ",Q47," Sqmm"),"Cable size is not correct"),IF(AND(Q47>=N47,AD47="YES",AG47="YES",AJ47="NA"),CONCATENATE(AC47,"R X ",F47,"kV X ",P47," X ",Q47," Sqmm"),"Cable size is not correct")) -> 1R X 11kV X 3C X 240 Sqmm | AL47: =IF(P47="1C",3*U47*AC47,U47*AC47) -> 490 | AN47: =AC47*2 -> 2
A48: 12 | B48: Cooling Tower Transformer Feeder-3A | C48: F | D48: 3000 | F48: 11 | G48: 0.85 | H48: 0.92 | I48: =IF(D48="",(E48/(1.732*F48*G48*H48)),(D48/(1.732*F48))) -> 157.46378 | J48: =IF(C48="M",7.2*I48,0) -> 0 | K48: =IF(C48="M",0.2,0) -> 0 | L48: 50 | M48: 0.16 | N48: =(L48*1000*SQRT(M48)/94) -> 212.76596 | O48: AIR | P48: 3C | Q48: 240 | R48: 387 | S48: 0.162 | T48: 0.088 | U48: 1100 | V48: 0.89 | W48: 0.73 | X48: NA | Y48: 0 | Z48: 0 | AA48: 0.6497 | AB48: =R48*AA48 -> 251.4339 | AC48: =ROUNDUP(((I48)/AB48),0) -> 1 | AD48: =IF(AB48*AC48>=I48,"YES","NO") -> YES | AE48: =IF(C48="M",(SQRT(3)*I48*(U48/1000)*((S48/AC48)*G48+(T48/AC48)*SIN(ACOS(G48)))),(SQRT(3)*I48*(U48/1000)*((S48/AC48)*G48+(T48/AC48)*SIN(ACOS(G48))))) -> 55.218683 | AF48: =(AE48/(F48*1000))*100 -> 0.50198802 | AG48: =IF(C48="I",IF(AF48<=2,"YES","NO"),IF(AF48<=3,"YES","NO")) -> YES | AH48: =IF(C48="M",(SQRT(3)*J48*(U48/1000)*((S48/AC48)*K48+(T48/AC48)*SIN(ACOS(K48)))),"NA") -> NA | AI48: =IF(C48="M",(AH48/(F48*1000))*100,"NA") -> NA | AJ48: =IF(C48="M",IF(AI48<=10,"YES","NO"),"NA") -> NA | AK48: =IF(C48="M",IF(AND(Q48>=N48,AD48="YES",AG48="YES",AJ48="YES"),CONCATENATE(AC48,"R X ",F48,"kV X ",P48," X ",Q48," Sqmm"),"Cable size is not correct"),IF(AND(Q48>=N48,AD48="YES",AG48="YES",AJ48="NA"),CONCATENATE(AC48,"R X ",F48,"kV X ",P48," X ",Q48," Sqmm"),"Cable size is not correct")) -> 1R X 11kV X 3C X 240 Sqmm | AL48: =IF(P48="1C",3*U48*AC48,U48*AC48) -> 1100 | AN48: =AC48*2 -> 2
A49: 13 | B49: UAT Auxiliary Transformer Feeder | C49: F | D49: 20000 | F49: 11 | G49: 0.85 | H49: 0.92 | I49: =IF(D49="",(E49/(1.732*F49*G49*H49)),(D49/(1.732*F49))) -> 1049.7586 | J49: =IF(C49="M",7.2*I49,0) -> 0 | K49: =IF(C49="M",0.2,0) -> 0 | L49: 50 | M49: 0.16 | N49: =(L49*1000*SQRT(M49)/94) -> 212.76596 | O49: AIR | P49: 1C | Q49: 400 | R49: 575 | S49: 0.1018 | T49: 0.0937 | U49: 120 | V49: 0.89 | W49: 0.78 | X49: NA | Y49: 0 | Z49: 0 | AA49: 0.6942 | AB49: =R49*AA49 -> 399.165 | AC49: =ROUNDUP(((I49)/AB49),0) -> 3 | AD49: =IF(AB49*AC49>=I49,"YES","NO") -> YES | AE49: =IF(C49="M",(SQRT(3)*I49*(U49/1000)*((S49/AC49)*G49+(T49/AC49)*SIN(ACOS(G49)))),(SQRT(3)*I49*(U49/1000)*((S49/AC49)*G49+(T49/AC49)*SIN(ACOS(G49))))) -> 9.8831654 | AF49: =(AE49/(F49*1000))*100 -> 0.089846958 | AG49: =IF(C49="I",IF(AF49<=2,"YES","NO"),IF(AF49<=3,"YES","NO")) -> YES | AH49: =IF(C49="M",(SQRT(3)*J49*(U49/1000)*((S49/AC49)*K49+(T49/AC49)*SIN(ACOS(K49)))),"NA") -> NA | AI49: =IF(C49="M",(AH49/(F49*1000))*100,"NA") -> NA | AJ49: =IF(C49="M",IF(AI49<=10,"YES","NO"),"NA") -> NA | AK49: =IF(C49="M",IF(AND(Q49>=N49,AD49="YES",AG49="YES",AJ49="YES"),CONCATENATE(AC49,"R X ",F49,"kV X ",P49," X ",Q49," Sqmm"),"Cable size is not correct"),IF(AND(Q49>=N49,AD49="YES",AG49="YES",AJ49="NA"),CONCATENATE(AC49,"R X ",F49,"kV X ",P49," X ",Q49," Sqmm"),"Cable size is not correct")) -> 3R X 11kV X 1C X 400 Sqmm | AL49: =IF(P49="1C",3*U49*AC49,U49*AC49) -> 1080 | AN49: =AC49*2 -> 6
B51: 11 KV UNIT SWGR-4UB | AN51: =AC51*2 -> 0
A52: 1 | B52: FD FAN-4B | C52: M | E52: 2450 | F52: 11 | G52: 0.77 | H52: 0.945 | I52: =IF(D52="",(E52/(1.732*F52*G52*H52)),(D52/(1.732*F52))) -> 176.72703 | J52: =IF(C52="M",7.2*I52,0) -> 1272.4346 | K52: =IF(C52="M",0.2,0) -> 0.2 | L52: 50 | M52: 0.16 | N52: =(L52*1000*SQRT(M52)/94) -> 212.76596 | O52: AIR | P52: 3C | Q52: 240 | R52: 387 | S52: 0.162 | T52: 0.088 | U52: 475 | V52: 0.89 | W52: 0.73 | X52: NA | Y52: 0 | Z52: 0 | AA52: 0.6497 | AB52: =R52*AA52 -> 251.4339 | AC52: =ROUNDUP(((I52)/AB52),0) -> 1 | AD52: =IF(AB52*AC52>=I52,"YES","NO") -> YES | AE52: =IF(C52="M",(SQRT(3)*I52*(U52/1000)*((S52/AC52)*G52+(T52/AC52)*SIN(ACOS(G52)))),(SQRT(3)*I52*(U52/1000)*((S52/AC52)*G52+(T52/AC52)*SIN(ACOS(G52))))) -> 26.30066 | AF52: =(AE52/(F52*1000))*100 -> 0.23909691 | AG52: =IF(C52="I",IF(AF52<=2,"YES","NO"),IF(AF52<=3,"YES","NO")) -> YES | AH52: =IF(C52="M",(SQRT(3)*J52*(U52/1000)*((S52/AC52)*K52+(T52/AC52)*SIN(ACOS(K52)))),"NA") -> 124.18098 | AI52: =IF(C52="M",(AH52/(F52*1000))*100,"NA") -> 1.128918 | AJ52: =IF(C52="M",IF(AI52<=10,"YES","NO"),"NA") -> YES | AK52: =IF(C52="M",IF(AND(Q52>=N52,AD52="YES",AG52="YES",AJ52="YES"),CONCATENATE(AC52,"R X ",F52,"kV X ",P52," X ",Q52," Sqmm"),"Cable size is not correct"),IF(AND(Q52>=N52,AD52="YES",AG52="YES",AJ52="NA"),CONCATENATE(AC52,"R X ",F52,"kV X ",P52," X ",Q52," Sqmm"),"Cable size is not correct")) -> 1R X 11kV X 3C X 240 Sqmm | AL52: =IF(P52="1C",3*U52*AC52,U52*AC52) -> 475 | AN52: =AC52*2 -> 2
A53: 2 | B53: PA FAN-4B | C53: M | E53: 3900 | F53: 11 | G53: 0.88 | H53: 0.95 | I53: =IF(D53="",(E53/(1.732*F53*G53*H53)),(D53/(1.732*F53))) -> 244.85995 | J53: =IF(C53="M",7.2*I53,0) -> 1762.9916 | K53: =IF(C53="M",0.2,0) -> 0.2 | L53: 50 | M53: 0.16 | N53: =(L53*1000*SQRT(M53)/94) -> 212.76596 | O53: AIR | P53: 3C | Q53: 300 | R53: 441 | S53: 0.13 | T53: 0.086 | U53: 500 | V53: 0.89 | W53: 0.73 | X53: NA | Y53: 0 | Z53: 0 | AA53: 0.6497 | AB53: =R53*AA53 -> 286.5177 | AC53: =ROUNDUP(((I53)/AB53),0) -> 1 | AD53: =IF(AB53*AC53>=I53,"YES","NO") -> YES | AE53: =IF(C53="M",(SQRT(3)*I53*(U53/1000)*((S53/AC53)*G53+(T53/AC53)*SIN(ACOS(G53)))),(SQRT(3)*I53*(U53/1000)*((S53/AC53)*G53+(T53/AC53)*SIN(ACOS(G53))))) -> 32.921049 | AF53: =(AE53/(F53*1000))*100 -> 0.29928226 | AG53: =IF(C53="I",IF(AF53<=2,"YES","NO"),IF(AF53<=3,"YES","NO")) -> YES | AH53: =IF(C53="M",(SQRT(3)*J53*(U53/1000)*((S53/AC53)*K53+(T53/AC53)*SIN(ACOS(K53)))),"NA") -> 168.34821 | AI53: =IF(C53="M",(AH53/(F53*1000))*100,"NA") -> 1.5304383 | AJ53: =IF(C53="M",IF(AI53<=10,"YES","NO"),"NA") -> YES | AK53: =IF(C53="M",IF(AND(Q53>=N53,AD53="YES",AG53="YES",AJ53="YES"),CONCATENATE(AC53,"R X ",F53,"kV X ",P53," X ",Q53," Sqmm"),"Cable size is not correct"),IF(AND(Q53>=N53,AD53="YES",AG53="YES",AJ53="NA"),CONCATENATE(AC53,"R X ",F53,"kV X ",P53," X ",Q53," Sqmm"),"Cable size is not correct")) -> 1R X 11kV X 3C X 300 Sqmm | AL53: =IF(P53="1C",3*U53*AC53,U53*AC53) -> 500 | AN53: =AC53*2 -> 2
A54: 3 | B54: CW Pump Motor#4 | C54: M | E54: 4325 | F54: 11 | G54: 0.77 | H54: 0.945 | I54: =IF(D54="",(E54/(1.732*F54*G54*H54)),(D54/(1.732*F54))) -> 311.97731 | J54: =IF(C54="M",7.2*I54,0) -> 2246.2366 | K54: =IF(C54="M",0.2,0) -> 0.2 | L54: 50 | M54: 0.16 | N54: =(L54*1000*SQRT(M54)/94) -> 212.76596 | O54: AIR | P54: 1C | Q54: 300 | R54: 387 | S54: 0.162 | T54: 0.088 | U54: 750 | V54: 0.89 | W54: 0.73 | X54: NA | Y54: 0 | Z54: 0 | AA54: 0.6497 | AB54: =R54*AA54 -> 251.4339 | AC54: 2 | AD54: =IF(AB54*AC54>=I54,"YES","NO") -> YES | AE54: =IF(C54="M",(SQRT(3)*I54*(U54/1000)*((S54/AC54)*G54+(T54/AC54)*SIN(ACOS(G54)))),(SQRT(3)*I54*(U54/1000)*((S54/AC54)*G54+(T54/AC54)*SIN(ACOS(G54))))) -> 36.654249 | AF54: =(AE54/(F54*1000))*100 -> 0.33322045 | AG54: =IF(C54="I",IF(AF54<=2,"YES","NO"),IF(AF54<=3,"YES","NO")) -> YES | AH54: =IF(C54="M",(SQRT(3)*J54*(U54/1000)*((S54/AC54)*K54+(T54/AC54)*SIN(ACOS(K54)))),"NA") -> 173.06641 | AI54: =IF(C54="M",(AH54/(F54*1000))*100,"NA") -> 1.573331 | AJ54: =IF(C54="M",IF(AI54<=10,"YES","NO"),"NA") -> YES | AK54: =IF(C54="M",IF(AND(Q54>=N54,AD54="YES",AG54="YES",AJ54="YES"),CONCATENATE(AC54,"R X ",F54,"kV X ",P54," X ",Q54," Sqmm"),"Cable size is not correct"),IF(AND(Q54>=N54,AD54="YES",AG54="YES",AJ54="NA"),CONCATENATE(AC54,"R X ",F54,"kV X ",P54," X ",Q54," Sqmm"),"Cable size is not correct")) -> 2R X 11kV X 1C X 300 Sqmm | AL54: =IF(P54="1C",3*U54*AC54,U54*AC54) -> 4500 | AN54: =AC54*2 -> 4
A55: 4 | B55: ID FAN-4B | C55: M | E55: 11350 | F55: 11 | G55: 0.85 | H55: 0.97 | I55: =IF(D55="",(E55/(1.732*F55*G55*H55)),(D55/(1.732*F55))) -> 722.54455 | J55: =IF(C55="M",7.2*I55,0) -> 5202.3207 | K55: =IF(C55="M",0.2,0) -> 0.2 | L55: 50 | M55: 0.16 | N55: =(L55*1000*SQRT(M55)/94) -> 212.76596 | O55: AIR | P55: 1C | Q55: 400 | R55: 575 | S55: 0.1018 | T55: 0.0937 | U55: 410 | V55: 0.89 | W55: 0.78 | X55: NA | Y55: 0 | Z55: 0 | AA55: 0.6942 | AB55: =R55*AA55 -> 399.165 | AC55: =ROUNDUP(((I55)/AB55),0) -> 2 | AD55: =IF(AB55*AC55>=I55,"YES","NO") -> YES | AE55: =IF(C55="M",(SQRT(3)*I55*(U55/1000)*((S55/AC55)*G55+(T55/AC55)*SIN(ACOS(G55)))),(SQRT(3)*I55*(U55/1000)*((S55/AC55)*G55+(T55/AC55)*SIN(ACOS(G55))))) -> 34.863031 | AF55: =(AE55/(F55*1000))*100 -> 0.31693664 | AG55: =IF(C55="I",IF(AF55<=2,"YES","NO"),IF(AF55<=3,"YES","NO")) -> YES | AH55: =IF(C55="M",(SQRT(3)*J55*(U55/1000)*((S55/AC55)*K55+(T55/AC55)*SIN(ACOS(K55)))),"NA") -> 207.19355 | AI55: =IF(C55="M",(AH55/(F55*1000))*100,"NA") -> 1.8835777 | AJ55: =IF(C55="M",IF(AI55<=10,"YES","NO"),"NA") -> YES | AK55: =IF(C55="M",IF(AND(Q55>=N55,AD55="YES",AG55="YES",AJ55="YES"),CONCATENATE(AC55,"R X ",F55,"kV X ",P55," X ",Q55," Sqmm"),"Cable size is not correct"),IF(AND(Q55>=N55,AD55="YES",AG55="YES",AJ55="NA"),CONCATENATE(AC55,"R X ",F55,"kV X ",P55," X ",Q55," Sqmm"),"Cable size is not correct")) -> 2R X 11kV X 1C X 400 Sqmm | AL55: =IF(P55="1C",3*U55*AC55,U55*AC55) -> 2460 | AN55: =AC55*2 -> 4
A56: 5 | B56: HVAC Service Transformer Feeder | C56: F | D56: 3000 | F56: 11 | G56: 0.85 | H56: 0.92 | I56: =IF(D56="",(E56/(1.732*F56*G56*H56)),(D56/(1.732*F56))) -> 157.46378 | J56: =IF(C56="M",7.2*I56,0) -> 0 | K56: =IF(C56="M",0.2,0) -> 0 | L56: 50 | M56: 0.16 | N56: =(L56*1000*SQRT(M56)/94) -> 212.76596 | O56: AIR | P56: 3C | Q56: 240 | R56: 387 | S56: 0.162 | T56: 0.088 | U56: 470 | V56: 0.89 | W56: 0.73 | X56: NA | Y56: 0 | Z56: 0 | AA56: 0.6497 | AB56: =R56*AA56 -> 251.4339 | AC56: =ROUNDUP(((I56)/AB56),0) -> 1 | AD56: =IF(AB56*AC56>=I56,"YES","NO") -> YES | AE56: =IF(C56="M",(SQRT(3)*I56*(U56/1000)*((S56/AC56)*G56+(T56/AC56)*SIN(ACOS(G56)))),(SQRT(3)*I56*(U56/1000)*((S56/AC56)*G56+(T56/AC56)*SIN(ACOS(G56))))) -> 23.593437 | AF56: =(AE56/(F56*1000))*100 -> 0.21448579 | AG56: =IF(C56="I",IF(AF56<=2,"YES","NO"),IF(AF56<=3,"YES","NO")) -> YES | AH56: =IF(C56="M",(SQRT(3)*J56*(U56/1000)*((S56/AC56)*K56+(T56/AC56)*SIN(ACOS(K56)))),"NA") -> NA | AI56: =IF(C56="M",(AH56/(F56*1000))*100,"NA") -> NA | AJ56: =IF(C56="M",IF(AI56<=10,"YES","NO"),"NA") -> NA | AK56: =IF(C56="M",IF(AND(Q56>=N56,AD56="YES",AG56="YES",AJ56="YES"),CONCATENATE(AC56,"R X ",F56,"kV X ",P56," X ",Q56," Sqmm"),"Cable size is not correct"),IF(AND(Q56>=N56,AD56="YES",AG56="YES",AJ56="NA"),CONCATENATE(AC56,"R X ",F56,"kV X ",P56," X ",Q56," Sqmm"),"Cable size is not correct")) -> 1R X 11kV X 3C X 240 Sqmm | AL56: =IF(P56="1C",3*U56*AC56,U56*AC56) -> 470
A57: 6 | B57: Turbine Tower Service Transformer Feeder | C57: F | D57: 2500 | F57: 11 | G57: 0.85 | H57: 0.92 | I57: =IF(D57="",(E57/(1.732*F57*G57*H57)),(D57/(1.732*F57))) -> 131.21982 | J57: =IF(C57="M",7.2*I57,0) -> 0 | K57: =IF(C57="M",0.2,0) -> 0 | L57: 50 | M57: 0.16 | N57: =(L57*1000*SQRT(M57)/94) -> 212.76596 | O57: AIR | P57: 3C | Q57: 240 | R57: 387 | S57: 0.162 | T57: 0.088 | U57: 470 | V57: 0.89 | W57: 0.73 | X57: NA | Y57: 0 | Z57: 0 | AA57: 0.6497 | AB57: =R57*AA57 -> 251.4339 | AC57: =ROUNDUP(((I57)/AB57),0) -> 1 | AD57: =IF(AB57*AC57>=I57,"YES","NO") -> YES | AE57: =IF(C57="M",(SQRT(3)*I57*(U57/1000)*((S57/AC57)*G57+(T57/AC57)*SIN(ACOS(G57)))),(SQRT(3)*I57*(U57/1000)*((S57/AC57)*G57+(T57/AC57)*SIN(ACOS(G57))))) -> 19.661198 | AF57: =(AE57/(F57*1000))*100 -> 0.17873816 | AG57: =IF(C57="I",IF(AF57<=2,"YES","NO"),IF(AF57<=3,"YES","NO")) -> YES | AH57: =IF(C57="M",(SQRT(3)*J57*(U57/1000)*((S57/AC57)*K57+(T57/AC57)*SIN(ACOS(K57)))),"NA") -> NA | AI57: =IF(C57="M",(AH57/(F57*1000))*100,"NA") -> NA | AJ57: =IF(C57="M",IF(AI57<=10,"YES","NO"),"NA") -> NA | AK57: =IF(C57="M",IF(AND(Q57>=N57,AD57="YES",AG57="YES",AJ57="YES"),CONCATENATE(AC57,"R X ",F57,"kV X ",P57," X ",Q57," Sqmm"),"Cable size is not correct"),IF(AND(Q57>=N57,AD57="YES",AG57="YES",AJ57="NA"),CONCATENATE(AC57,"R X ",F57,"kV X ",P57," X ",Q57," Sqmm"),"Cable size is not correct")) -> 1R X 11kV X 3C X 240 Sqmm | AL57: =IF(P57="1C",3*U57*AC57,U57*AC57) -> 470 | AN57: =AC57*2 -> 2
A58: 7 | B58: Boiler Service Transformer Feeder | C58: F | D58: 3000 | F58: 11 | G58: 0.85 | H58: 0.92 | I58: =IF(D58="",(E58/(1.732*F58*G58*H58)),(D58/(1.732*F58))) -> 157.46378 | J58: =IF(C58="M",7.2*I58,0) -> 0 | K58: =IF(C58="M",0.2,0) -> 0 | L58: 50 | M58: 0.16 | N58: =(L58*1000*SQRT(M58)/94) -> 212.76596 | O58: AIR | P58: 3C | Q58: 240 | R58: 387 | S58: 0.162 | T58: 0.088 | U58: 490 | V58: 0.89 | W58: 0.73 | X58: NA | Y58: 0 | Z58: 0 | AA58: 0.6497 | AB58: =R58*AA58 -> 251.4339 | AC58: =ROUNDUP(((I58)/AB58),0) -> 1 | AD58: =IF(AB58*AC58>=I58,"YES","NO") -> YES | AE58: =IF(C58="M",(SQRT(3)*I58*(U58/1000)*((S58/AC58)*G58+(T58/AC58)*SIN(ACOS(G58)))),(SQRT(3)*I58*(U58/1000)*((S58/AC58)*G58+(T58/AC58)*SIN(ACOS(G58))))) -> 24.597413 | AF58: =(AE58/(F58*1000))*100 -> 0.22361285 | AG58: =IF(C58="I",IF(AF58<=2,"YES","NO"),IF(AF58<=3,"YES","NO")) -> YES | AH58: =IF(C58="M",(SQRT(3)*J58*(U58/1000)*((S58/AC58)*K58+(T58/AC58)*SIN(ACOS(K58)))),"NA") -> NA | AI58: =IF(C58="M",(AH58/(F58*1000))*100,"NA") -> NA | AJ58: =IF(C58="M",IF(AI58<=10,"YES","NO"),"NA") -> NA | AK58: =IF(C58="M",IF(AND(Q58>=N58,AD58="YES",AG58="YES",AJ58="YES"),CONCATENATE(AC58,"R X ",F58,"kV X ",P58," X ",Q58," Sqmm"),"Cable size is not correct"),IF(AND(Q58>=N58,AD58="YES",AG58="YES",AJ58="NA"),CONCATENATE(AC58,"R X ",F58,"kV X ",P58," X ",Q58," Sqmm"),"Cable size is not correct")) -> 1R X 11kV X 3C X 240 Sqmm | AL58: =IF(P58="1C",3*U58*AC58,U58*AC58) -> 490 | AN58: =AC58*2 -> 2
A59: 8 | B59: ESP Service Transformer Feeder-4 | C59: F | D59: 2500 | F59: 11 | G59: 0.85 | H59: 0.92 | I59: =IF(D59="",(E59/(1.732*F59*G59*H59)),(D59/(1.732*F59))) -> 131.21982 | J59: =IF(C59="M",7.2*I59,0) -> 0 | K59: =IF(C59="M",0.2,0) -> 0 | L59: 50 | M59: 0.16 | N59: =(L59*1000*SQRT(M59)/94) -> 212.76596 | O59: AIR | P59: 3C | Q59: 240 | R59: 387 | S59: 0.162 | T59: 0.088 | U59: 490 | V59: 0.89 | W59: 0.73 | X59: NA | Y59: 0 | Z59: 0 | AA59: 0.6497 | AB59: =R59*AA59 -> 251.4339 | AC59: =ROUNDUP(((I59)/AB59),0) -> 1 | AD59: =IF(AB59*AC59>=I59,"YES","NO") -> YES | AE59: =IF(C59="M",(SQRT(3)*I59*(U59/1000)*((S59/AC59)*G59+(T59/AC59)*SIN(ACOS(G59)))),(SQRT(3)*I59*(U59/1000)*((S59/AC59)*G59+(T59/AC59)*SIN(ACOS(G59))))) -> 20.497844 | AF59: =(AE59/(F59*1000))*100 -> 0.18634404 | AG59: =IF(C59="I",IF(AF59<=2,"YES","NO"),IF(AF59<=3,"YES","NO")) -> YES | AH59: =IF(C59="M",(SQRT(3)*J59*(U59/1000)*((S59/AC59)*K59+(T59/AC59)*SIN(ACOS(K59)))),"NA") -> NA | AI59: =IF(C59="M",(AH59/(F59*1000))*100,"NA") -> NA | AJ59: =IF(C59="M",IF(AI59<=10,"YES","NO"),"NA") -> NA | AK59: =IF(C59="M",IF(AND(Q59>=N59,AD59="YES",AG59="YES",AJ59="YES"),CONCATENATE(AC59,"R X ",F59,"kV X ",P59," X ",Q59," Sqmm"),"Cable size is not correct"),IF(AND(Q59>=N59,AD59="YES",AG59="YES",AJ59="NA"),CONCATENATE(AC59,"R X ",F59,"kV X ",P59," X ",Q59," Sqmm"),"Cable size is not correct")) -> 1R X 11kV X 3C X 240 Sqmm | AL59: =IF(P59="1C",3*U59*AC59,U59*AC59) -> 490 | AN59: =AC59*2 -> 2
A60: 9 | B60: ESP Service Transformer Feeder-5 | C60: F | D60: 2500 | F60: 11 | G60: 0.85 | H60: 0.92 | I60: =IF(D60="",(E60/(1.732*F60*G60*H60)),(D60/(1.732*F60))) -> 131.21982 | J60: =IF(C60="M",7.2*I60,0) -> 0 | K60: =IF(C60="M",0.2,0) -> 0 | L60: 50 | M60: 0.16 | N60: =(L60*1000*SQRT(M60)/94) -> 212.76596 | O60: AIR | P60: 3C | Q60: 240 | R60: 387 | S60: 0.162 | T60: 0.088 | U60: 490 | V60: 0.89 | W60: 0.73 | X60: NA | Y60: 0 | Z60: 0 | AA60: 0.6497 | AB60: =R60*AA60 -> 251.4339 | AC60: =ROUNDUP(((I60)/AB60),0) -> 1 | AD60: =IF(AB60*AC60>=I60,"YES","NO") -> YES | AE60: =IF(C60="M",(SQRT(3)*I60*(U60/1000)*((S60/AC60)*G60+(T60/AC60)*SIN(ACOS(G60)))),(SQRT(3)*I60*(U60/1000)*((S60/AC60)*G60+(T60/AC60)*SIN(ACOS(G60))))) -> 20.497844 | AF60: =(AE60/(F60*1000))*100 -> 0.18634404 | AG60: =IF(C60="I",IF(AF60<=2,"YES","NO"),IF(AF60<=3,"YES","NO")) -> YES | AH60: =IF(C60="M",(SQRT(3)*J60*(U60/1000)*((S60/AC60)*K60+(T60/AC60)*SIN(ACOS(K60)))),"NA") -> NA | AI60: =IF(C60="M",(AH60/(F60*1000))*100,"NA") -> NA | AJ60: =IF(C60="M",IF(AI60<=10,"YES","NO"),"NA") -> NA | AK60: =IF(C60="M",IF(AND(Q60>=N60,AD60="YES",AG60="YES",AJ60="YES"),CONCATENATE(AC60,"R X ",F60,"kV X ",P60," X ",Q60," Sqmm"),"Cable size is not correct"),IF(AND(Q60>=N60,AD60="YES",AG60="YES",AJ60="NA"),CONCATENATE(AC60,"R X ",F60,"kV X ",P60," X ",Q60," Sqmm"),"Cable size is not correct")) -> 1R X 11kV X 3C X 240 Sqmm | AL60: =IF(P60="1C",3*U60*AC60,U60*AC60) -> 490 | AN60: =AC60*2 -> 2
A61: 10 | B61: ESP Service Transformer Feeder-6 | C61: F | D61: 2500 | F61: 11 | G61: 0.85 | H61: 0.92 | I61: =IF(D61="",(E61/(1.732*F61*G61*H61)),(D61/(1.732*F61))) -> 131.21982 | J61: =IF(C61="M",7.2*I61,0) -> 0 | K61: =IF(C61="M",0.2,0) -> 0 | L61: 50 | M61: 0.16 | N61: =(L61*1000*SQRT(M61)/94) -> 212.76596 | O61: AIR | P61: 3C | Q61: 240 | R61: 387 | S61: 0.162 | T61: 0.088 | U61: 490 | V61: 0.89 | W61: 0.73 | X61: NA | Y61: 0 | Z61: 0 | AA61: 0.6497 | AB61: =R61*AA61 -> 251.4339 | AC61: =ROUNDUP(((I61)/AB61),0) -> 1 | AD61: =IF(AB61*AC61>=I61,"YES","NO") -> YES | AE61: =IF(C61="M",(SQRT(3)*I61*(U61/1000)*((S61/AC61)*G61+(T61/AC61)*SIN(ACOS(G61)))),(SQRT(3)*I61*(U61/1000)*((S61/AC61)*G61+(T61/AC61)*SIN(ACOS(G61))))) -> 20.497844 | AF61: =(AE61/(F61*1000))*100 -> 0.18634404 | AG61: =IF(C61="I",IF(AF61<=2,"YES","NO"),IF(AF61<=3,"YES","NO")) -> YES | AH61: =IF(C61="M",(SQRT(3)*J61*(U61/1000)*((S61/AC61)*K61+(T61/AC61)*SIN(ACOS(K61)))),"NA") -> NA | AI61: =IF(C61="M",(AH61/(F61*1000))*100,"NA") -> NA | AJ61: =IF(C61="M",IF(AI61<=10,"YES","NO"),"NA") -> NA | AK61: =IF(C61="M",IF(AND(Q61>=N61,AD61="YES",AG61="YES",AJ61="YES"),CONCATENATE(AC61,"R X ",F61,"kV X ",P61," X ",Q61," Sqmm"),"Cable size is not correct"),IF(AND(Q61>=N61,AD61="YES",AG61="YES",AJ61="NA"),CONCATENATE(AC61,"R X ",F61,"kV X ",P61," X ",Q61," Sqmm"),"Cable size is not correct")) -> 1R X 11kV X 3C X 240 Sqmm | AL61: =IF(P61="1C",3*U61*AC61,U61*AC61) -> 490 | AN61: =AC61*2 -> 2
A62: 11 | B62: Cooling Tower Transformer Feeder-3B | C62: F | D62: 3000 | F62: 11 | G62: 0.85 | H62: 0.92 | I62: =IF(D62="",(E62/(1.732*F62*G62*H62)),(D62/(1.732*F62))) -> 157.46378 | J62: =IF(C62="M",7.2*I62,0) -> 0 | K62: =IF(C62="M",0.2,0) -> 0 | L62: 50 | M62: 0.16 | N62: =(L62*1000*SQRT(M62)/94) -> 212.76596 | O62: AIR | P62: 3C | Q62: 240 | R62: 387 | S62: 0.162 | T62: 0.088 | U62: 1100 | V62: 0.89 | W62: 0.73 | X62: NA | Y62: 0 | Z62: 0 | AA62: 0.6497 | AB62: =R62*AA62 -> 251.4339 | AC62: =ROUNDUP(((I62)/AB62),0) -> 1 | AD62: =IF(AB62*AC62>=I62,"YES","NO") -> YES | AE62: =IF(C62="M",(SQRT(3)*I62*(U62/1000)*((S62/AC62)*G62+(T62/AC62)*SIN(ACOS(G62)))),(SQRT(3)*I62*(U62/1000)*((S62/AC62)*G62+(T62/AC62)*SIN(ACOS(G62))))) -> 55.218683 | AF62: =(AE62/(F62*1000))*100 -> 0.50198802 | AG62: =IF(C62="I",IF(AF62<=2,"YES","NO"),IF(AF62<=3,"YES","NO")) -> YES | AH62: =IF(C62="M",(SQRT(3)*J62*(U62/1000)*((S62/AC62)*K62+(T62/AC62)*SIN(ACOS(K62)))),"NA") -> NA | AI62: =IF(C62="M",(AH62/(F62*1000))*100,"NA") -> NA | AJ62: =IF(C62="M",IF(AI62<=10,"YES","NO"),"NA") -> NA | AK62: =IF(C62="M",IF(AND(Q62>=N62,AD62="YES",AG62="YES",AJ62="YES"),CONCATENATE(AC62,"R X ",F62,"kV X ",P62," X ",Q62," Sqmm"),"Cable size is not correct"),IF(AND(Q62>=N62,AD62="YES",AG62="YES",AJ62="NA"),CONCATENATE(AC62,"R X ",F62,"kV X ",P62," X ",Q62," Sqmm"),"Cable size is not correct")) -> 1R X 11kV X 3C X 240 Sqmm | AL62: =IF(P62="1C",3*U62*AC62,U62*AC62) -> 1100 | AN62: =AC62*2 -> 2
A63: 12 | B63: UAT Auxiliary Transformer Feeder | C63: F | D63: 20000 | F63: 11 | G63: 0.85 | H63: 0.92 | I63: =IF(D63="",(E63/(1.732*F63*G63*H63)),(D63/(1.732*F63))) -> 1049.7586 | J63: =IF(C63="M",7.2*I63,0) -> 0 | K63: =IF(C63="M",0.2,0) -> 0 | L63: 50 | M63: 0.16 | N63: =(L63*1000*SQRT(M63)/94) -> 212.76596 | O63: AIR | P63: 1C | Q63: 400 | R63: 575 | S63: 0.1018 | T63: 0.0937 | U63: 120 | V63: 0.89 | W63: 0.78 | X63: NA | Y63: 0 | Z63: 0 | AA63: 0.6942 | AB63: =R63*AA63 -> 399.165 | AC63: =ROUNDUP(((I63)/AB63),0) -> 3 | AD63: =IF(AB63*AC63>=I63,"YES","NO") -> YES | AE63: =IF(C63="M",(SQRT(3)*I63*(U63/1000)*((S63/AC63)*G63+(T63/AC63)*SIN(ACOS(G63)))),(SQRT(3)*I63*(U63/1000)*((S63/AC63)*G63+(T63/AC63)*SIN(ACOS(G63))))) -> 9.8831654 | AF63: =(AE63/(F63*1000))*100 -> 0.089846958 | AG63: =IF(C63="I",IF(AF63<=2,"YES","NO"),IF(AF63<=3,"YES","NO")) -> YES | AH63: =IF(C63="M",(SQRT(3)*J63*(U63/1000)*((S63/AC63)*K63+(T63/AC63)*SIN(ACOS(K63)))),"NA") -> NA | AI63: =IF(C63="M",(AH63/(F63*1000))*100,"NA") -> NA | AJ63: =IF(C63="M",IF(AI63<=10,"YES","NO"),"NA") -> NA | AK63: =IF(C63="M",IF(AND(Q63>=N63,AD63="YES",AG63="YES",AJ63="YES"),CONCATENATE(AC63,"R X ",F63,"kV X ",P63," X ",Q63," Sqmm"),"Cable size is not correct"),IF(AND(Q63>=N63,AD63="YES",AG63="YES",AJ63="NA"),CONCATENATE(AC63,"R X ",F63,"kV X ",P63," X ",Q63," Sqmm"),"Cable size is not correct")) -> 3R X 11kV X 1C X 400 Sqmm | AL63: =IF(P63="1C",3*U63*AC63,U63*AC63) -> 1080 | AN63: =AC63*2 -> 6
AL64: =SUM(AL52:AL63) -> 13015
B65: 11 KV STATION SWGR-3SA | AN65: =AC65*2 -> 0
A66: 1 | B66: CW Pump Motor | C66: M | E66: 4325 | F66: 11 | G66: 0.77 | H66: 0.945 | I66: =IF(D66="",(E66/(1.732*F66*G66*H66)),(D66/(1.732*F66))) -> 311.97731 | J66: =IF(C66="M",7.2*I66,0) -> 2246.2366 | K66: =IF(C66="M",0.2,0) -> 0.2 | L66: 50 | M66: 0.16 | N66: =(L66*1000*SQRT(M66)/94) -> 212.76596 | O66: AIR | P66: 1C | Q66: 300 | R66: 387 | S66: 0.162 | T66: 0.088 | U66: 750 | V66: 0.89 | W66: 0.73 | X66: NA | Y66: 0 | Z66: 0 | AA66: 0.6497 | AB66: =R66*AA66 -> 251.4339 | AC66: 2 | AD66: =IF(AB66*AC66>=I66,"YES","NO") -> YES | AE66: =IF(C66="M",(SQRT(3)*I66*(U66/1000)*((S66/AC66)*G66+(T66/AC66)*SIN(ACOS(G66)))),(SQRT(3)*I66*(U66/1000)*((S66/AC66)*G66+(T66/AC66)*SIN(ACOS(G66))))) -> 36.654249 | AF66: =(AE66/(F66*1000))*100 -> 0.33322045 | AG66: =IF(C66="I",IF(AF66<=2,"YES","NO"),IF(AF66<=3,"YES","NO")) -> YES | AH66: =IF(C66="M",(SQRT(3)*J66*(U66/1000)*((S66/AC66)*K66+(T66/AC66)*SIN(ACOS(K66)))),"NA") -> 173.06641 | AI66: =IF(C66="M",(AH66/(F66*1000))*100,"NA") -> 1.573331 | AJ66: =IF(C66="M",IF(AI66<=10,"YES","NO"),"NA") -> YES | AK66: =IF(C66="M",IF(AND(Q66>=N66,AD66="YES",AG66="YES",AJ66="YES"),CONCATENATE(AC66,"R X ",F66,"kV X ",P66," X ",Q66," Sqmm"),"Cable size is not correct"),IF(AND(Q66>=N66,AD66="YES",AG66="YES",AJ66="NA"),CONCATENATE(AC66,"R X ",F66,"kV X ",P66," X ",Q66," Sqmm"),"Cable size is not correct")) -> 2R X 11kV X 1C X 300 Sqmm | AL66: =IF(P66="1C",3*U66*AC66,U66*AC66) -> 4500 | AN66: =AC66*2 -> 4
A67: 2 | B67: Lighting Service Transformer | C67: F | D67: 630 | F67: 11 | G67: 0.77 | H67: 0.945 | I67: =IF(D67="",(E67/(1.732*F67*G67*H67)),(D67/(1.732*F67))) -> 33.067394 | J67: =IF(C67="M",7.2*I67,0) -> 0 | K67: =IF(C67="M",0.2,0) -> 0 | L67: 50 | M67: 0.16 | N67: =(L67*1000*SQRT(M67)/94) -> 212.76596 | O67: AIR | P67: 3C | Q67: 240 | R67: 387 | S67: 0.162 | T67: 0.088 | U67: 150 | V67: 0.89 | W67: 0.73 | X67: NA | Y67: 0 | Z67: 0 | AA67: 0.6497 | AB67: =R67*AA67 -> 251.4339 | AC67: =ROUNDUP(((I67)/AB67),0) -> 1 | AD67: =IF(AB67*AC67>=I67,"YES","NO") -> YES | AE67: =IF(C67="M",(SQRT(3)*I67*(U67/1000)*((S67/AC67)*G67+(T67/AC67)*SIN(ACOS(G67)))),(SQRT(3)*I67*(U67/1000)*((S67/AC67)*G67+(T67/AC67)*SIN(ACOS(G67))))) -> 1.5540368 | AF67: =(AE67/(F67*1000))*100 -> 0.014127607 | AG67: =IF(C67="I",IF(AF67<=2,"YES","NO"),IF(AF67<=3,"YES","NO")) -> YES | AH67: =IF(C67="M",(SQRT(3)*J67*(U67/1000)*((S67/AC67)*K67+(T67/AC67)*SIN(ACOS(K67)))),"NA") -> NA | AI67: =IF(C67="M",(AH67/(F67*1000))*100,"NA") -> NA | AJ67: =IF(C67="M",IF(AI67<=10,"YES","NO"),"NA") -> NA | AK67: =IF(C67="M",IF(AND(Q67>=N67,AD67="YES",AG67="YES",AJ67="YES"),CONCATENATE(AC67,"R X ",F67,"kV X ",P67," X ",Q67," Sqmm"),"Cable size is not correct"),IF(AND(Q67>=N67,AD67="YES",AG67="YES",AJ67="NA"),CONCATENATE(AC67,"R X ",F67,"kV X ",P67," X ",Q67," Sqmm"),"Cable size is not correct")) -> 1R X 11kV X 3C X 240 Sqmm | AL67: =IF(P67="1C",3*U67*AC67,U67*AC67) -> 150 | AN67: =AC67*2 -> 2
A68: 3 | B68: 11/0.433kV Raw Water Service Transformer feeder#1 | C68: F | D68: 630 | F68: 11 | G68: 0.77 | H68: 0.945 | I68: =IF(D68="",(E68/(1.732*F68*G68*H68)),(D68/(1.732*F68))) -> 33.067394 | J68: =IF(C68="M",7.2*I68,0) -> 0 | K68: =IF(C68="M",0.2,0) -> 0 | L68: 50 | M68: 0.16 | N68: =(L68*1000*SQRT(M68)/94) -> 212.76596 | O68: AIR | P68: 3C | Q68: 240 | R68: 387 | S68: 0.162 | T68: 0.088 | U68: 2000 | V68: 0.89 | W68: 0.73 | X68: NA | Y68: 0 | Z68: 0 | AA68: 0.6497 | AB68: =R68*AA68 -> 251.4339 | AC68: =ROUNDUP(((I68)/AB68),0) -> 1 | AD68: =IF(AB68*AC68>=I68,"YES","NO") -> YES | AE68: =IF(C68="M",(SQRT(3)*I68*(U68/1000)*((S68/AC68)*G68+(T68/AC68)*SIN(ACOS(G68)))),(SQRT(3)*I68*(U68/1000)*((S68/AC68)*G68+(T68/AC68)*SIN(ACOS(G68))))) -> 20.72049 | AF68: =(AE68/(F68*1000))*100 -> 0.18836809 | AG68: =IF(C68="I",IF(AF68<=2,"YES","NO"),IF(AF68<=3,"YES","NO")) -> YES | AH68: =IF(C68="M",(SQRT(3)*J68*(U68/1000)*((S68/AC68)*K68+(T68/AC68)*SIN(ACOS(K68)))),"NA") -> NA | AI68: =IF(C68="M",(AH68/(F68*1000))*100,"NA") -> NA | AJ68: =IF(C68="M",IF(AI68<=10,"YES","NO"),"NA") -> NA | AK68: =IF(C68="M",IF(AND(Q68>=N68,AD68="YES",AG68="YES",AJ68="YES"),CONCATENATE(AC68,"R X ",F68,"kV X ",P68," X ",Q68," Sqmm"),"Cable size is not correct"),IF(AND(Q68>=N68,AD68="YES",AG68="YES",AJ68="NA"),CONCATENATE(AC68,"R X ",F68,"kV X ",P68," X ",Q68," Sqmm"),"Cable size is not correct")) -> 1R X 11kV X 3C X 240 Sqmm | AL68: =IF(P68="1C",3*U68*AC68,U68*AC68) -> 2000 | AN68: =AC68*2 -> 2
A69: 4 | B69: Station Service Transformer Feeder | C69: F | D69: 2500 | F69: 11 | G69: 0.77 | H69: 0.945 | I69: =IF(D69="",(E69/(1.732*F69*G69*H69)),(D69/(1.732*F69))) -> 131.21982 | J69: =IF(C69="M",7.2*I69,0) -> 0 | K69: =IF(C69="M",0.2,0) -> 0 | L69: 50 | M69: 0.16 | N69: =(L69*1000*SQRT(M69)/94) -> 212.76596 | O69: AIR | P69: 3C | Q69: 240 | R69: 387 | S69: 0.162 | T69: 0.088 | U69: 150 | V69: 0.89 | W69: 0.73 | X69: NA | Y69: 0 | Z69: 0 | AA69: 0.6497 | AB69: =R69*AA69 -> 251.4339 | AC69: =ROUNDUP(((I69)/AB69),0) -> 1 | AD69: =IF(AB69*AC69>=I69,"YES","NO") -> YES | AE69: =IF(C69="M",(SQRT(3)*I69*(U69/1000)*((S69/AC69)*G69+(T69/AC69)*SIN(ACOS(G69)))),(SQRT(3)*I69*(U69/1000)*((S69/AC69)*G69+(T69/AC69)*SIN(ACOS(G69))))) -> 6.1668126 | AF69: =(AE69/(F69*1000))*100 -> 0.056061932 | AG69: =IF(C69="I",IF(AF69<=2,"YES","NO"),IF(AF69<=3,"YES","NO")) -> YES | AH69: =IF(C69="M",(SQRT(3)*J69*(U69/1000)*((S69/AC69)*K69+(T69/AC69)*SIN(ACOS(K69)))),"NA") -> NA | AI69: =IF(C69="M",(AH69/(F69*1000))*100,"NA") -> NA | AJ69: =IF(C69="M",IF(AI69<=10,"YES","NO"),"NA") -> NA | AK69: =IF(C69="M",IF(AND(Q69>=N69,AD69="YES",AG69="YES",AJ69="YES"),CONCATENATE(AC69,"R X ",F69,"kV X ",P69," X ",Q69," Sqmm"),"Cable size is not correct"),IF(AND(Q69>=N69,AD69="YES",AG69="YES",AJ69="NA"),CONCATENATE(AC69,"R X ",F69,"kV X ",P69," X ",Q69," Sqmm"),"Cable size is not correct")) -> 1R X 11kV X 3C X 240 Sqmm | AL69: =IF(P69="1C",3*U69*AC69,U69*AC69) -> 150 | AN69: =AC69*2 -> 2
A70: 5 | B70: Switchyard Service Transformer Feeder | C70: F | D70: 750 | F70: 11 | G70: 0.88 | H70: 0.95 | I70: =IF(D70="",(E70/(1.732*F70*G70*H70)),(D70/(1.732*F70))) -> 39.365946 | J70: =IF(C70="M",7.2*I70,0) -> 0 | K70: =IF(C70="M",0.2,0) -> 0 | L70: 50 | M70: 0.16 | N70: =(L70*1000*SQRT(M70)/94) -> 212.76596 | O70: AIR | P70: 3C | Q70: 240 | R70: 387 | S70: 0.162 | T70: 0.088 | U70: 400 | V70: 0.89 | W70: 0.73 | X70: NA | Y70: 0 | Z70: 0 | AA70: 0.6497 | AB70: =R70*AA70 -> 251.4339 | AC70: =ROUNDUP(((I70)/AB70),0) -> 1 | AD70: =IF(AB70*AC70>=I70,"YES","NO") -> YES | AE70: =IF(C70="M",(SQRT(3)*I70*(U70/1000)*((S70/AC70)*G70+(T70/AC70)*SIN(ACOS(G70)))),(SQRT(3)*I70*(U70/1000)*((S70/AC70)*G70+(T70/AC70)*SIN(ACOS(G70))))) -> 5.0280843 | AF70: =(AE70/(F70*1000))*100 -> 0.045709858 | AG70: =IF(C70="I",IF(AF70<=2,"YES","NO"),IF(AF70<=3,"YES","NO")) -> YES | AH70: =IF(C70="M",(SQRT(3)*J70*(U70/1000)*((S70/AC70)*K70+(T70/AC70)*SIN(ACOS(K70)))),"NA") -> NA | AI70: =IF(C70="M",(AH70/(F70*1000))*100,"NA") -> NA | AJ70: =IF(C70="M",IF(AI70<=10,"YES","NO"),"NA") -> NA | AK70: =IF(C70="M",IF(AND(Q70>=N70,AD70="YES",AG70="YES",AJ70="YES"),CONCATENATE(AC70,"R X ",F70,"kV X ",P70," X ",Q70," Sqmm"),"Cable size is not correct"),IF(AND(Q70>=N70,AD70="YES",AG70="YES",AJ70="NA"),CONCATENATE(AC70,"R X ",F70,"kV X ",P70," X ",Q70," Sqmm"),"Cable size is not correct")) -> 1R X 11kV X 3C X 240 Sqmm | AL70: =IF(P70="1C",3*U70*AC70,U70*AC70) -> 400 | AN70: =AC70*2 -> 2
A71: 6 | B71: 11/0.433kV AWRS Service Transformer feeder#1 | C71: F | D71: 630 | F71: 11 | G71: 0.88 | H71: 0.95 | I71: =IF(D71="",(E71/(1.732*F71*G71*H71)),(D71/(1.732*F71))) -> 33.067394 | J71: =IF(C71="M",7.2*I71,0) -> 0 | K71: =IF(C71="M",0.2,0) -> 0 | L71: 50 | M71: 0.16 | N71: =(L71*1000*SQRT(M71)/94) -> 212.76596 | O71: AIR | P71: 3C | Q71: 240 | R71: 387 | S71: 0.162 | T71: 0.088 | U71: 200 | V71: 0.89 | W71: 0.73 | X71: NA | Y71: 0 | Z71: 0 | AA71: 0.6497 | AB71: =R71*AA71 -> 251.4339 | AC71: =ROUNDUP(((I71)/AB71),0) -> 1 | AD71: =IF(AB71*AC71>=I71,"YES","NO") -> YES | AE71: =IF(C71="M",(SQRT(3)*I71*(U71/1000)*((S71/AC71)*G71+(T71/AC71)*SIN(ACOS(G71)))),(SQRT(3)*I71*(U71/1000)*((S71/AC71)*G71+(T71/AC71)*SIN(ACOS(G71))))) -> 2.1117954 | AF71: =(AE71/(F71*1000))*100 -> 0.01919814 | AG71: =IF(C71="I",IF(AF71<=2,"YES","NO"),IF(AF71<=3,"YES","NO")) -> YES | AH71: =IF(C71="M",(SQRT(3)*J71*(U71/1000)*((S71/AC71)*K71+(T71/AC71)*SIN(ACOS(K71)))),"NA") -> NA | AI71: =IF(C71="M",(AH71/(F71*1000))*100,"NA") -> NA | AJ71: =IF(C71="M",IF(AI71<=10,"YES","NO"),"NA") -> NA | AK71: =IF(C71="M",IF(AND(Q71>=N71,AD71="YES",AG71="YES",AJ71="YES"),CONCATENATE(AC71,"R X ",F71,"kV X ",P71," X ",Q71," Sqmm"),"Cable size is not correct"),IF(AND(Q71>=N71,AD71="YES",AG71="YES",AJ71="NA"),CONCATENATE(AC71,"R X ",F71,"kV X ",P71," X ",Q71," Sqmm"),"Cable size is not correct")) -> 1R X 11kV X 3C X 240 Sqmm | AL71: =IF(P71="1C",3*U71*AC71,U71*AC71) -> 200 | AN71: =AC71*2 -> 2
A72: 7 | B72: 11/0.433kV Fuel Oil Service Transformer feeder#1 | C72: F | D72: 750 | F72: 11 | G72: 0.83 | H72: 0.93 | I72: =IF(D72="",(E72/(1.732*F72*G72*H72)),(D72/(1.732*F72))) -> 39.365946 | J72: =IF(C72="M",7.2*I72,0) -> 0 | K72: =IF(C72="M",0.2,0) -> 0 | L72: 50 | M72: 0.16 | N72: =(L72*1000*SQRT(M72)/94) -> 212.76596 | O72: AIR | P72: 3C | Q72: 240 | R72: 387 | S72: 0.162 | T72: 0.088 | U72: 250 | V72: 0.89 | W72: 0.73 | X72: NA | Y72: 0 | Z72: 0 | AA72: 0.6497 | AB72: =R72*AA72 -> 251.4339 | AC72: =ROUNDUP(((I72)/AB72),0) -> 1 | AD72: =IF(AB72*AC72>=I72,"YES","NO") -> YES | AE72: =IF(C72="M",(SQRT(3)*I72*(U72/1000)*((S72/AC72)*G72+(T72/AC72)*SIN(ACOS(G72)))),(SQRT(3)*I72*(U72/1000)*((S72/AC72)*G72+(T72/AC72)*SIN(ACOS(G72))))) -> 3.1286687 | AF72: =(AE72/(F72*1000))*100 -> 0.028442443 | AG72: =IF(C72="I",IF(AF72<=2,"YES","NO"),IF(AF72<=3,"YES","NO")) -> YES | AH72: =IF(C72="M",(SQRT(3)*J72*(U72/1000)*((S72/AC72)*K72+(T72/AC72)*SIN(ACOS(K72)))),"NA") -> NA | AI72: =IF(C72="M",(AH72/(F72*1000))*100,"NA") -> NA | AJ72: =IF(C72="M",IF(AI72<=10,"YES","NO"),"NA") -> NA | AK72: =IF(C72="M",IF(AND(Q72>=N72,AD72="YES",AG72="YES",AJ72="YES"),CONCATENATE(AC72,"R X ",F72,"kV X ",P72," X ",Q72," Sqmm"),"Cable size is not correct"),IF(AND(Q72>=N72,AD72="YES",AG72="YES",AJ72="NA"),CONCATENATE(AC72,"R X ",F72,"kV X ",P72," X ",Q72," Sqmm"),"Cable size is not correct")) -> 1R X 11kV X 3C X 240 Sqmm | AL72: =IF(P72="1C",3*U72*AC72,U72*AC72) -> 250 | AN72: =AC72*2 -> 2
A73: 8 | B73: 11/0.433kV WTP Service Transformer feeder#1 | C73: F | D73: 2000 | F73: 11 | G73: 0.75 | H73: 0.97 | I73: =IF(D73="",(E73/(1.732*F73*G73*H73)),(D73/(1.732*F73))) -> 104.97586 | J73: =IF(C73="M",7.2*I73,0) -> 0 | K73: =IF(C73="M",0.2,0) -> 0 | L73: 50 | M73: 0.16 | N73: =(L73*1000*SQRT(M73)/94) -> 212.76596 | O73: AIR | P73: 3C | Q73: 240 | R73: 387 | S73: 0.162 | T73: 0.088 | U73: 535 | V73: 0.89 | W73: 0.73 | X73: NA | Y73: 0 | Z73: 0 | AA73: 0.6497 | AB73: =R73*AA73 -> 251.4339 | AC73: =ROUNDUP(((I73)/AB73),0) -> 1 | AD73: =IF(AB73*AC73>=I73,"YES","NO") -> YES | AE73: =IF(C73="M",(SQRT(3)*I73*(U73/1000)*((S73/AC73)*G73+(T73/AC73)*SIN(ACOS(G73)))),(SQRT(3)*I73*(U73/1000)*((S73/AC73)*G73+(T73/AC73)*SIN(ACOS(G73))))) -> 17.481057 | AF73: =(AE73/(F73*1000))*100 -> 0.1589187 | AG73: =IF(C73="I",IF(AF73<=2,"YES","NO"),IF(AF73<=3,"YES","NO")) -> YES | AH73: =IF(C73="M",(SQRT(3)*J73*(U73/1000)*((S73/AC73)*K73+(T73/AC73)*SIN(ACOS(K73)))),"NA") -> NA | AI73: =IF(C73="M",(AH73/(F73*1000))*100,"NA") -> NA | AJ73: =IF(C73="M",IF(AI73<=10,"YES","NO"),"NA") -> NA | AK73: =IF(C73="M",IF(AND(Q73>=N73,AD73="YES",AG73="YES",AJ73="YES"),CONCATENATE(AC73,"R X ",F73,"kV X ",P73," X ",Q73," Sqmm"),"Cable size is not correct"),IF(AND(Q73>=N73,AD73="YES",AG73="YES",AJ73="NA"),CONCATENATE(AC73,"R X ",F73,"kV X ",P73," X ",Q73," Sqmm"),"Cable size is not correct")) -> 1R X 11kV X 3C X 240 Sqmm | AL73: =IF(P73="1C",3*U73*AC73,U73*AC73) -> 535 | AN73: =AC73*2 -> 2
A74: 9 | B74: 11/0.433kV CHP Service Transformer feeder#1 (Bunker Bay) | C74: F | D74: 2000 | F74: 11 | G74: 0.85 | H74: 0.92 | I74: =IF(D74="",(E74/(1.732*F74*G74*H74)),(D74/(1.732*F74))) -> 104.97586 | J74: =IF(C74="M",7.2*I74,0) -> 0 | K74: =IF(C74="M",0.2,0) -> 0 | L74: 50 | M74: 0.16 | N74: =(L74*1000*SQRT(M74)/94) -> 212.76596 | O74: AIR | P74: 3C | Q74: 240 | R74: 387 | S74: 0.162 | T74: 0.088 | U74: 1000 | V74: 0.89 | W74: 0.73 | X74: NA | Y74: 0 | Z74: 0 | AA74: 0.6497 | AB74: =R74*AA74 -> 251.4339 | AC74: =ROUNDUP(((I74)/AB74),0) -> 1 | AD74: =IF(AB74*AC74>=I74,"YES","NO") -> YES | AE74: =IF(C74="M",(SQRT(3)*I74*(U74/1000)*((S74/AC74)*G74+(T74/AC74)*SIN(ACOS(G74)))),(SQRT(3)*I74*(U74/1000)*((S74/AC74)*G74+(T74/AC74)*SIN(ACOS(G74))))) -> 33.465868 | AF74: =(AE74/(F74*1000))*100 -> 0.30423517 | AG74: =IF(C74="I",IF(AF74<=2,"YES","NO"),IF(AF74<=3,"YES","NO")) -> YES | AH74: =IF(C74="M",(SQRT(3)*J74*(U74/1000)*((S74/AC74)*K74+(T74/AC74)*SIN(ACOS(K74)))),"NA") -> NA | AI74: =IF(C74="M",(AH74/(F74*1000))*100,"NA") -> NA | AJ74: =IF(C74="M",IF(AI74<=10,"YES","NO"),"NA") -> NA | AK74: =IF(C74="M",IF(AND(Q74>=N74,AD74="YES",AG74="YES",AJ74="YES"),CONCATENATE(AC74,"R X ",F74,"kV X ",P74," X ",Q74," Sqmm"),"Cable size is not correct"),IF(AND(Q74>=N74,AD74="YES",AG74="YES",AJ74="NA"),CONCATENATE(AC74,"R X ",F74,"kV X ",P74," X ",Q74," Sqmm"),"Cable size is not correct")) -> 1R X 11kV X 3C X 240 Sqmm | AL74: =IF(P74="1C",3*U74*AC74,U74*AC74) -> 1000 | AN74: =AC74*2 -> 2
A75: 10 | B75: 11/0.433kV Misc Service Transformer feeder#1 | C75: F | D75: 1000 | F75: 11 | G75: 0.88 | H75: 0.95 | I75: =IF(D75="",(E75/(1.732*F75*G75*H75)),(D75/(1.732*F75))) -> 52.487928 | J75: =IF(C75="M",7.2*I75,0) -> 0 | K75: =IF(C75="M",0.2,0) -> 0 | L75: 50 | M75: 0.16 | N75: =(L75*1000*SQRT(M75)/94) -> 212.76596 | O75: AIR | P75: 3C | Q75: 240 | R75: 575 | S75: 0.1018 | T75: 0.0937 | U75: 650 | V75: 0.89 | W75: 0.78 | X75: NA | Y75: 0 | Z75: 0 | AA75: 0.6942 | AB75: =R75*AA75 -> 399.165 | AC75: =ROUNDUP(((I75)/AB75),0) -> 1 | AD75: =IF(AB75*AC75>=I75,"YES","NO") -> YES | AE75: =IF(C75="M",(SQRT(3)*I75*(U75/1000)*((S75/AC75)*G75+(T75/AC75)*SIN(ACOS(G75)))),(SQRT(3)*I75*(U75/1000)*((S75/AC75)*G75+(T75/AC75)*SIN(ACOS(G75))))) -> 7.9236754 | AF75: =(AE75/(F75*1000))*100 -> 0.072033412 | AG75: =IF(C75="I",IF(AF75<=2,"YES","NO"),IF(AF75<=3,"YES","NO")) -> YES | AH75: =IF(C75="M",(SQRT(3)*J75*(U75/1000)*((S75/AC75)*K75+(T75/AC75)*SIN(ACOS(K75)))),"NA") -> NA | AI75: =IF(C75="M",(AH75/(F75*1000))*100,"NA") -> NA | AJ75: =IF(C75="M",IF(AI75<=10,"YES","NO"),"NA") -> NA | AK75: =IF(C75="M",IF(AND(Q75>=N75,AD75="YES",AG75="YES",AJ75="YES"),CONCATENATE(AC75,"R X ",F75,"kV X ",P75," X ",Q75," Sqmm"),"Cable size is not correct"),IF(AND(Q75>=N75,AD75="YES",AG75="YES",AJ75="NA"),CONCATENATE(AC75,"R X ",F75,"kV X ",P75," X ",Q75," Sqmm"),"Cable size is not correct")) -> 1R X 11kV X 3C X 240 Sqmm | AL75: =IF(P75="1C",3*U75*AC75,U75*AC75) -> 650 | AN75: =AC75*2 -> 2
A76: 11 | B76: 11/6.9kV AHP Auxiliary Transformer Feeder#1 | C76: F | D76: 14000 | F76: 11 | G76: 0.75 | H76: 0.97 | I76: =IF(D76="",(E76/(1.732*F76*G76*H76)),(D76/(1.732*F76))) -> 734.83099 | J76: =IF(C76="M",7.2*I76,0) -> 0 | K76: =IF(C76="M",0.2,0) -> 0 | L76: 50 | M76: 0.16 | N76: =(L76*1000*SQRT(M76)/94) -> 212.76596 | O76: AIR | P76: 1C | Q76: 400 | R76: 575 | S76: 0.1018 | T76: 0.0937 | U76: 600 | V76: 0.89 | W76: 0.78 | X76: NA | Y76: 0 | Z76: 0 | AA76: 0.6942 | AB76: =R76*AA76 -> 399.165 | AC76: 2 | AD76: =IF(AB76*AC76>=I76,"YES","NO") -> YES | AE76: =IF(C76="M",(SQRT(3)*I76*(U76/1000)*((S76/AC76)*G76+(T76/AC76)*SIN(ACOS(G76)))),(SQRT(3)*I76*(U76/1000)*((S76/AC76)*G76+(T76/AC76)*SIN(ACOS(G76))))) -> 52.817208 | AF76: =(AE76/(F76*1000))*100 -> 0.48015643 | AG76: =IF(C76="I",IF(AF76<=2,"YES","NO"),IF(AF76<=3,"YES","NO")) -> YES | AH76: =IF(C76="M",(SQRT(3)*J76*(U76/1000)*((S76/AC76)*K76+(T76/AC76)*SIN(ACOS(K76)))),"NA") -> NA | AI76: =IF(C76="M",(AH76/(F76*1000))*100,"NA") -> NA | AJ76: =IF(C76="M",IF(AI76<=10,"YES","NO"),"NA") -> NA | AK76: =IF(C76="M",IF(AND(Q76>=N76,AD76="YES",AG76="YES",AJ76="YES"),CONCATENATE(AC76,"R X ",F76,"kV X ",P76," X ",Q76," Sqmm"),"Cable size is not correct"),IF(AND(Q76>=N76,AD76="YES",AG76="YES",AJ76="NA"),CONCATENATE(AC76,"R X ",F76,"kV X ",P76," X ",Q76," Sqmm"),"Cable size is not correct")) -> 2R X 11kV X 1C X 400 Sqmm | AL76: =IF(P76="1C",3*U76*AC76,U76*AC76) -> 3600 | AN76: =AC76*2 -> 4
A77: 12 | B77: 11/6.9kV CHP Auxiliary Transformer Feeder#1 | C77: F | D77: 14000 | F77: 11 | G77: 0.83 | H77: 0.93 | I77: =IF(D77="",(E77/(1.732*F77*G77*H77)),(D77/(1.732*F77))) -> 734.83099 | J77: =IF(C77="M",7.2*I77,0) -> 0 | K77: =IF(C77="M",0.2,0) -> 0 | L77: 50 | M77: 0.16 | N77: =(L77*1000*SQRT(M77)/94) -> 212.76596 | O77: AIR | P77: 1C | Q77: 400 | R77: 575 | S77: 0.1018 | T77: 0.0937 | U77: 450 | V77: 0.89 | W77: 0.78 | X77: NA | Y77: 0 | Z77: 0 | AA77: 0.6942 | AB77: =R77*AA77 -> 399.165 | AC77: 2 | AD77: =IF(AB77*AC77>=I77,"YES","NO") -> YES | AE77: =IF(C77="M",(SQRT(3)*I77*(U77/1000)*((S77/AC77)*G77+(T77/AC77)*SIN(ACOS(G77)))),(SQRT(3)*I77*(U77/1000)*((S77/AC77)*G77+(T77/AC77)*SIN(ACOS(G77))))) -> 39.163217 | AF77: =(AE77/(F77*1000))*100 -> 0.35602925 | AG77: =IF(C77="I",IF(AF77<=2,"YES","NO"),IF(AF77<=3,"YES","NO")) -> YES | AH77: =IF(C77="M",(SQRT(3)*J77*(U77/1000)*((S77/AC77)*K77+(T77/AC77)*SIN(ACOS(K77)))),"NA") -> NA | AI77: =IF(C77="M",(AH77/(F77*1000))*100,"NA") -> NA | AJ77: =IF(C77="M",IF(AI77<=10,"YES","NO"),"NA") -> NA | AK77: =IF(C77="M",IF(AND(Q77>=N77,AD77="YES",AG77="YES",AJ77="YES"),CONCATENATE(AC77,"R X ",F77,"kV X ",P77," X ",Q77," Sqmm"),"Cable size is not correct"),IF(AND(Q77>=N77,AD77="YES",AG77="YES",AJ77="NA"),CONCATENATE(AC77,"R X ",F77,"kV X ",P77," X ",Q77," Sqmm"),"Cable size is not correct")) -> 2R X 11kV X 1C X 400 Sqmm | AL77: =IF(P77="1C",3*U77*AC77,U77*AC77) -> 2700 | AN77: =AC77*2 -> 4
A78: 13 | B78: 11/6.9kV FGD Auxiliary Transformer Feeder#1 | C78: F | D78: 20000 | F78: 11 | G78: 0.83 | H78: 0.93 | I78: =IF(D78="",(E78/(1.732*F78*G78*H78)),(D78/(1.732*F78))) -> 1049.7586 | J78: =IF(C78="M",7.2*I78,0) -> 0 | K78: =IF(C78="M",0.2,0) -> 0 | L78: 50 | M78: 0.16 | N78: =(L78*1000*SQRT(M78)/94) -> 212.76596 | O78: AIR | P78: 1C | Q78: 400 | R78: 387 | S78: 0.162 | T78: 0.088 | U78: 490 | V78: 0.89 | W78: 0.73 | X78: NA | Y78: 0 | Z78: 0 | AA78: 0.6497 | AB78: =R78*AA78 -> 251.4339 | AC78: 5 | AD78: =IF(AB78*AC78>=I78,"YES","NO") -> YES | AE78: =IF(C78="M",(SQRT(3)*I78*(U78/1000)*((S78/AC78)*G78+(T78/AC78)*SIN(ACOS(G78)))),(SQRT(3)*I78*(U78/1000)*((S78/AC78)*G78+(T78/AC78)*SIN(ACOS(G78))))) -> 32.705017 | AF78: =(AE78/(F78*1000))*100 -> 0.29731833 | AG78: =IF(C78="I",IF(AF78<=2,"YES","NO"),IF(AF78<=3,"YES","NO")) -> YES | AH78: =IF(C78="M",(SQRT(3)*J78*(U78/1000)*((S78/AC78)*K78+(T78/AC78)*SIN(ACOS(K78)))),"NA") -> NA | AI78: =IF(C78="M",(AH78/(F78*1000))*100,"NA") -> NA | AJ78: =IF(C78="M",IF(AI78<=10,"YES","NO"),"NA") -> NA | AK78: =IF(C78="M",IF(AND(Q78>=N78,AD78="YES",AG78="YES",AJ78="YES"),CONCATENATE(AC78,"R X ",F78,"kV X ",P78," X ",Q78," Sqmm"),"Cable size is not correct"),IF(AND(Q78>=N78,AD78="YES",AG78="YES",AJ78="NA"),CONCATENATE(AC78,"R X ",F78,"kV X ",P78," X ",Q78," Sqmm"),"Cable size is not correct")) -> 5R X 11kV X 1C X 400 Sqmm | AL78: =IF(P78="1C",3*U78*AC78,U78*AC78) -> 7350 | AN78: =AC78*2 -> 10
A79: 14 | B79: Colony Area Switchgear | C79: F | D79: 2500 | F79: 11 | G79: 0.83 | H79: 0.93 | I79: =IF(D79="",(E79/(1.732*F79*G79*H79)),(D79/(1.732*F79))) -> 131.21982 | J79: =IF(C79="M",7.2*I79,0) -> 0 | K79: =IF(C79="M",0.2,0) -> 0 | L79: 50 | M79: 0.16 | N79: =(L79*1000*SQRT(M79)/94) -> 212.76596 | O79: AIR | P79: 3C | Q79: 240 | R79: 387 | S79: 0.162 | T79: 0.088 | U79: 2000 | V79: 0.89 | W79: 0.73 | X79: NA | Y79: 0 | Z79: 0 | AA79: 0.6497 | AB79: =R79*AA79 -> 251.4339 | AC79: =ROUNDUP(((I79)/AB79),0) -> 1 | AD79: =IF(AB79*AC79>=I79,"YES","NO") -> YES | AE79: =IF(C79="M",(SQRT(3)*I79*(U79/1000)*((S79/AC79)*G79+(T79/AC79)*SIN(ACOS(G79)))),(SQRT(3)*I79*(U79/1000)*((S79/AC79)*G79+(T79/AC79)*SIN(ACOS(G79))))) -> 83.431165 | AF79: =(AE79/(F79*1000))*100 -> 0.75846513 | AG79: =IF(C79="I",IF(AF79<=2,"YES","NO"),IF(AF79<=3,"YES","NO")) -> YES | AH79: =IF(C79="M",(SQRT(3)*J79*(U79/1000)*((S79/AC79)*K79+(T79/AC79)*SIN(ACOS(K79)))),"NA") -> NA | AI79: =IF(C79="M",(AH79/(F79*1000))*100,"NA") -> NA | AJ79: =IF(C79="M",IF(AI79<=10,"YES","NO"),"NA") -> NA | AK79: =IF(C79="M",IF(AND(Q79>=N79,AD79="YES",AG79="YES",AJ79="YES"),CONCATENATE(AC79,"R X ",F79,"kV X ",P79," X ",Q79," Sqmm"),"Cable size is not correct"),IF(AND(Q79>=N79,AD79="YES",AG79="YES",AJ79="NA"),CONCATENATE(AC79,"R X ",F79,"kV X ",P79," X ",Q79," Sqmm"),"Cable size is not correct")) -> 1R X 11kV X 3C X 240 Sqmm | AL79: =IF(P79="1C",3*U79*AC79,U79*AC79) -> 2000
A80: 15 | B80: River Water Intake Pump House Feeder -1 | C80: F | D80: 6500 | F80: 11 | G80: 0.83 | H80: 0.93 | I80: =IF(D80="",(E80/(1.732*F80*G80*H80)),(D80/(1.732*F80))) -> 341.17153 | J80: =IF(C80="M",7.2*I80,0) -> 0 | K80: =IF(C80="M",0.2,0) -> 0 | L80: 50 | M80: 0.16 | N80: =(L80*1000*SQRT(M80)/94) -> 212.76596 | O80: AIR | P80: 1C | Q80: 400 | R80: 387 | S80: 0.162 | T80: 0.088 | U80: 2000 | V80: 0.89 | W80: 0.73 | X80: NA | Y80: 0 | Z80: 0 | AA80: 0.6497 | AB80: =R80*AA80 -> 251.4339 | AC80: =ROUNDUP(((I80)/AB80),0) -> 2 | AD80: =IF(AB80*AC80>=I80,"YES","NO") -> YES | AE80: =IF(C80="M",(SQRT(3)*I80*(U80/1000)*((S80/AC80)*G80+(T80/AC80)*SIN(ACOS(G80)))),(SQRT(3)*I80*(U80/1000)*((S80/AC80)*G80+(T80/AC80)*SIN(ACOS(G80))))) -> 108.46051 | AF80: =(AE80/(F80*1000))*100 -> 0.98600467 | AG80: =IF(C80="I",IF(AF80<=2,"YES","NO"),IF(AF80<=3,"YES","NO")) -> YES | AH80: =IF(C80="M",(SQRT(3)*J80*(U80/1000)*((S80/AC80)*K80+(T80/AC80)*SIN(ACOS(K80)))),"NA") -> NA | AI80: =IF(C80="M",(AH80/(F80*1000))*100,"NA") -> NA | AJ80: =IF(C80="M",IF(AI80<=10,"YES","NO"),"NA") -> NA | AK80: =IF(C80="M",IF(AND(Q80>=N80,AD80="YES",AG80="YES",AJ80="YES"),CONCATENATE(AC80,"R X ",F80,"kV X ",P80," X ",Q80," Sqmm"),"Cable size is not correct"),IF(AND(Q80>=N80,AD80="YES",AG80="YES",AJ80="NA"),CONCATENATE(AC80,"R X ",F80,"kV X ",P80," X ",Q80," Sqmm"),"Cable size is not correct")) -> 2R X 11kV X 1C X 400 Sqmm | AL80: =IF(P80="1C",3*U80*AC80,U80*AC80) -> 12000
B82: 11 KV STATION SWGR-4SA | AN82: =AC82*2 -> 0
A83: 1 | B83: Lighting Service Transformer | C83: F | D83: 630 | F83: 11 | G83: 0.77 | H83: 0.945 | I83: =IF(D83="",(E83/(1.732*F83*G83*H83)),(D83/(1.732*F83))) -> 33.067394 | J83: =IF(C83="M",7.2*I83,0) -> 0 | K83: =IF(C83="M",0.2,0) -> 0 | L83: 50 | M83: 0.16 | N83: =(L83*1000*SQRT(M83)/94) -> 212.76596 | O83: AIR | P83: 3C | Q83: 240 | R83: 387 | S83: 0.162 | T83: 0.088 | U83: 150 | V83: 0.89 | W83: 0.73 | X83: NA | Y83: 0 | Z83: 0 | AA83: 0.6497 | AB83: =R83*AA83 -> 251.4339 | AC83: =ROUNDUP(((I83)/AB83),0) -> 1 | AD83: =IF(AB83*AC83>=I83,"YES","NO") -> YES | AE83: =IF(C83="M",(SQRT(3)*I83*(U83/1000)*((S83/AC83)*G83+(T83/AC83)*SIN(ACOS(G83)))),(SQRT(3)*I83*(U83/1000)*((S83/AC83)*G83+(T83/AC83)*SIN(ACOS(G83))))) -> 1.5540368 | AF83: =(AE83/(F83*1000))*100 -> 0.014127607 | AG83: =IF(C83="I",IF(AF83<=2,"YES","NO"),IF(AF83<=3,"YES","NO")) -> YES | AH83: =IF(C83="M",(SQRT(3)*J83*(U83/1000)*((S83/AC83)*K83+(T83/AC83)*SIN(ACOS(K83)))),"NA") -> NA | AI83: =IF(C83="M",(AH83/(F83*1000))*100,"NA") -> NA | AJ83: =IF(C83="M",IF(AI83<=10,"YES","NO"),"NA") -> NA | AK83: =IF(C83="M",IF(AND(Q83>=N83,AD83="YES",AG83="YES",AJ83="YES"),CONCATENATE(AC83,"R X ",F83,"kV X ",P83," X ",Q83," Sqmm"),"Cable size is not correct"),IF(AND(Q83>=N83,AD83="YES",AG83="YES",AJ83="NA"),CONCATENATE(AC83,"R X ",F83,"kV X ",P83," X ",Q83," Sqmm"),"Cable size is not correct")) -> 1R X 11kV X 3C X 240 Sqmm | AL83: =IF(P83="1C",3*U83*AC83,U83*AC83) -> 150 | AN83: =AC83*2 -> 2
A84: 2 | B84: 11/0.433kV Raw Water Service Transformer feeder#1 | C84: F | D84: 630 | F84: 11 | G84: 0.77 | H84: 0.945 | I84: =IF(D84="",(E84/(1.732*F84*G84*H84)),(D84/(1.732*F84))) -> 33.067394 | J84: =IF(C84="M",7.2*I84,0) -> 0 | K84: =IF(C84="M",0.2,0) -> 0 | L84: 50 | M84: 0.16 | N84: =(L84*1000*SQRT(M84)/94) -> 212.76596 | O84: AIR | P84: 3C | Q84: 240 | R84: 387 | S84: 0.162 | T84: 0.088 | U84: 2000 | V84: 0.89 | W84: 0.73 | X84: NA | Y84: 0 | Z84: 0 | AA84: 0.6497 | AB84: =R84*AA84 -> 251.4339 | AC84: =ROUNDUP(((I84)/AB84),0) -> 1 | AD84: =IF(AB84*AC84>=I84,"YES","NO") -> YES | AE84: =IF(C84="M",(SQRT(3)*I84*(U84/1000)*((S84/AC84)*G84+(T84/AC84)*SIN(ACOS(G84)))),(SQRT(3)*I84*(U84/1000)*((S84/AC84)*G84+(T84/AC84)*SIN(ACOS(G84))))) -> 20.72049 | AF84: =(AE84/(F84*1000))*100 -> 0.18836809 | AG84: =IF(C84="I",IF(AF84<=2,"YES","NO"),IF(AF84<=3,"YES","NO")) -> YES | AH84: =IF(C84="M",(SQRT(3)*J84*(U84/1000)*((S84/AC84)*K84+(T84/AC84)*SIN(ACOS(K84)))),"NA") -> NA | AI84: =IF(C84="M",(AH84/(F84*1000))*100,"NA") -> NA | AJ84: =IF(C84="M",IF(AI84<=10,"YES","NO"),"NA") -> NA | AK84: =IF(C84="M",IF(AND(Q84>=N84,AD84="YES",AG84="YES",AJ84="YES"),CONCATENATE(AC84,"R X ",F84,"kV X ",P84," X ",Q84," Sqmm"),"Cable size is not correct"),IF(AND(Q84>=N84,AD84="YES",AG84="YES",AJ84="NA"),CONCATENATE(AC84,"R X ",F84,"kV X ",P84," X ",Q84," Sqmm"),"Cable size is not correct")) -> 1R X 11kV X 3C X 240 Sqmm | AL84: =IF(P84="1C",3*U84*AC84,U84*AC84) -> 2000
A85: 3 | B85: Switchyard Service Transformer Feeder | C85: F | D85: 750 | F85: 11 | G85: 0.88 | H85: 0.95 | I85: =IF(D85="",(E85/(1.732*F85*G85*H85)),(D85/(1.732*F85))) -> 39.365946 | J85: =IF(C85="M",7.2*I85,0) -> 0 | K85: =IF(C85="M",0.2,0) -> 0 | L85: 50 | M85: 0.16 | N85: =(L85*1000*SQRT(M85)/94) -> 212.76596 | O85: AIR | P85: 3C | Q85: 240 | R85: 387 | S85: 0.162 | T85: 0.088 | U85: 400 | V85: 0.89 | W85: 0.73 | X85: NA | Y85: 0 | Z85: 0 | AA85: 0.6497 | AB85: =R85*AA85 -> 251.4339 | AC85: =ROUNDUP(((I85)/AB85),0) -> 1 | AD85: =IF(AB85*AC85>=I85,"YES","NO") -> YES | AE85: =IF(C85="M",(SQRT(3)*I85*(U85/1000)*((S85/AC85)*G85+(T85/AC85)*SIN(ACOS(G85)))),(SQRT(3)*I85*(U85/1000)*((S85/AC85)*G85+(T85/AC85)*SIN(ACOS(G85))))) -> 5.0280843 | AF85: =(AE85/(F85*1000))*100 -> 0.045709858 | AG85: =IF(C85="I",IF(AF85<=2,"YES","NO"),IF(AF85<=3,"YES","NO")) -> YES | AH85: =IF(C85="M",(SQRT(3)*J85*(U85/1000)*((S85/AC85)*K85+(T85/AC85)*SIN(ACOS(K85)))),"NA") -> NA | AI85: =IF(C85="M",(AH85/(F85*1000))*100,"NA") -> NA | AJ85: =IF(C85="M",IF(AI85<=10,"YES","NO"),"NA") -> NA | AK85: =IF(C85="M",IF(AND(Q85>=N85,AD85="YES",AG85="YES",AJ85="YES"),CONCATENATE(AC85,"R X ",F85,"kV X ",P85," X ",Q85," Sqmm"),"Cable size is not correct"),IF(AND(Q85>=N85,AD85="YES",AG85="YES",AJ85="NA"),CONCATENATE(AC85,"R X ",F85,"kV X ",P85," X ",Q85," Sqmm"),"Cable size is not correct")) -> 1R X 11kV X 3C X 240 Sqmm | AL85: =IF(P85="1C",3*U85*AC85,U85*AC85) -> 400 | AN85: =AC85*2 -> 2
A86: 4 | B86: 11/0.433kV AWRS Service Transformer feeder#1 | C86: F | D86: 630 | F86: 11 | G86: 0.83 | H86: 0.93 | I86: =IF(D86="",(E86/(1.732*F86*G86*H86)),(D86/(1.732*F86))) -> 33.067394 | J86: =IF(C86="M",7.2*I86,0) -> 0 | K86: =IF(C86="M",0.2,0) -> 0 | L86: 50 | M86: 0.16 | N86: =(L86*1000*SQRT(M86)/94) -> 212.76596 | O86: AIR | P86: 3C | Q86: 240 | R86: 387 | S86: 0.162 | T86: 0.088 | U86: 200 | V86: 0.89 | W86: 0.73 | X86: NA | Y86: 0 | Z86: 0 | AA86: 0.6497 | AB86: =R86*AA86 -> 251.4339 | AC86: =ROUNDUP(((I86)/AB86),0) -> 1 | AD86: =IF(AB86*AC86>=I86,"YES","NO") -> YES | AE86: =IF(C86="M",(SQRT(3)*I86*(U86/1000)*((S86/AC86)*G86+(T86/AC86)*SIN(ACOS(G86)))),(SQRT(3)*I86*(U86/1000)*((S86/AC86)*G86+(T86/AC86)*SIN(ACOS(G86))))) -> 2.1024654 | AF86: =(AE86/(F86*1000))*100 -> 0.019113321 | AG86: =IF(C86="I",IF(AF86<=2,"YES","NO"),IF(AF86<=3,"YES","NO")) -> YES | AH86: =IF(C86="M",(SQRT(3)*J86*(U86/1000)*((S86/AC86)*K86+(T86/AC86)*SIN(ACOS(K86)))),"NA") -> NA | AI86: =IF(C86="M",(AH86/(F86*1000))*100,"NA") -> NA | AJ86: =IF(C86="M",IF(AI86<=10,"YES","NO"),"NA") -> NA | AK86: =IF(C86="M",IF(AND(Q86>=N86,AD86="YES",AG86="YES",AJ86="YES"),CONCATENATE(AC86,"R X ",F86,"kV X ",P86," X ",Q86," Sqmm"),"Cable size is not correct"),IF(AND(Q86>=N86,AD86="YES",AG86="YES",AJ86="NA"),CONCATENATE(AC86,"R X ",F86,"kV X ",P86," X ",Q86," Sqmm"),"Cable size is not correct")) -> 1R X 11kV X 3C X 240 Sqmm | AL86: =IF(P86="1C",3*U86*AC86,U86*AC86) -> 200 | AN86: =AC86*2 -> 2
A87: 5 | B87: 11/0.433kV Fuel Oil Service Transformer feeder#1 | C87: F | D87: 750 | F87: 11 | G87: 0.77 | H87: 0.945 | I87: =IF(D87="",(E87/(1.732*F87*G87*H87)),(D87/(1.732*F87))) -> 39.365946 | J87: =IF(C87="M",7.2*I87,0) -> 0 | K87: =IF(C87="M",0.2,0) -> 0 | L87: 50 | M87: 0.16 | N87: =(L87*1000*SQRT(M87)/94) -> 212.76596 | O87: AIR | P87: 3C | Q87: 240 | R87: 387 | S87: 0.162 | T87: 0.088 | U87: 250 | V87: 0.89 | W87: 0.73 | X87: NA | Y87: 0 | Z87: 0 | AA87: 0.6497 | AB87: =R87*AA87 -> 251.4339 | AC87: =ROUNDUP(((I87)/AB87),0) -> 1 | AD87: =IF(AB87*AC87>=I87,"YES","NO") -> YES | AE87: =IF(C87="M",(SQRT(3)*I87*(U87/1000)*((S87/AC87)*G87+(T87/AC87)*SIN(ACOS(G87)))),(SQRT(3)*I87*(U87/1000)*((S87/AC87)*G87+(T87/AC87)*SIN(ACOS(G87))))) -> 3.0834063 | AF87: =(AE87/(F87*1000))*100 -> 0.028030966 | AG87: =IF(C87="I",IF(AF87<=2,"YES","NO"),IF(AF87<=3,"YES","NO")) -> YES | AH87: =IF(C87="M",(SQRT(3)*J87*(U87/1000)*((S87/AC87)*K87+(T87/AC87)*SIN(ACOS(K87)))),"NA") -> NA | AI87: =IF(C87="M",(AH87/(F87*1000))*100,"NA") -> NA | AJ87: =IF(C87="M",IF(AI87<=10,"YES","NO"),"NA") -> NA | AK87: =IF(C87="M",IF(AND(Q87>=N87,AD87="YES",AG87="YES",AJ87="YES"),CONCATENATE(AC87,"R X ",F87,"kV X ",P87," X ",Q87," Sqmm"),"Cable size is not correct"),IF(AND(Q87>=N87,AD87="YES",AG87="YES",AJ87="NA"),CONCATENATE(AC87,"R X ",F87,"kV X ",P87," X ",Q87," Sqmm"),"Cable size is not correct")) -> 1R X 11kV X 3C X 240 Sqmm | AL87: =IF(P87="1C",3*U87*AC87,U87*AC87) -> 250 | AN87: =AC87*2 -> 2
A88: 6 | B88: WTP Service Transformer Feeder | C88: F | D88: 2000 | F88: 11 | G88: 0.85 | H88: 0.92 | I88: =IF(D88="",(E88/(1.732*F88*G88*H88)),(D88/(1.732*F88))) -> 104.97586 | J88: =IF(C88="M",7.2*I88,0) -> 0 | K88: =IF(C88="M",0.2,0) -> 0 | L88: 50 | M88: 0.16 | N88: =(L88*1000*SQRT(M88)/94) -> 212.76596 | O88: AIR | P88: 3C | Q88: 240 | R88: 387 | S88: 0.162 | T88: 0.088 | U88: 535 | V88: 0.89 | W88: 0.73 | X88: NA | Y88: 0 | Z88: 0 | AA88: 0.6497 | AB88: =R88*AA88 -> 251.4339 | AC88: =ROUNDUP(((I88)/AB88),0) -> 1 | AD88: =IF(AB88*AC88>=I88,"YES","NO") -> YES | AE88: =IF(C88="M",(SQRT(3)*I88*(U88/1000)*((S88/AC88)*G88+(T88/AC88)*SIN(ACOS(G88)))),(SQRT(3)*I88*(U88/1000)*((S88/AC88)*G88+(T88/AC88)*SIN(ACOS(G88))))) -> 17.90424 | AF88: =(AE88/(F88*1000))*100 -> 0.16276581 | AG88: =IF(C88="I",IF(AF88<=2,"YES","NO"),IF(AF88<=3,"YES","NO")) -> YES | AH88: =IF(C88="M",(SQRT(3)*J88*(U88/1000)*((S88/AC88)*K88+(T88/AC88)*SIN(ACOS(K88)))),"NA") -> NA | AI88: =IF(C88="M",(AH88/(F88*1000))*100,"NA") -> NA | AJ88: =IF(C88="M",IF(AI88<=10,"YES","NO"),"NA") -> NA | AK88: =IF(C88="M",IF(AND(Q88>=N88,AD88="YES",AG88="YES",AJ88="YES"),CONCATENATE(AC88,"R X ",F88,"kV X ",P88," X ",Q88," Sqmm"),"Cable size is not correct"),IF(AND(Q88>=N88,AD88="YES",AG88="YES",AJ88="NA"),CONCATENATE(AC88,"R X ",F88,"kV X ",P88," X ",Q88," Sqmm"),"Cable size is not correct")) -> 1R X 11kV X 3C X 240 Sqmm | AL88: =IF(P88="1C",3*U88*AC88,U88*AC88) -> 535 | AN88: =AC88*2 -> 2
A89: 7 | B89: CHP Service Transformer Feeder | C89: F | D89: 2000 | F89: 11 | G89: 0.75 | H89: 0.97 | I89: =IF(D89="",(E89/(1.732*F89*G89*H89)),(D89/(1.732*F89))) -> 104.97586 | J89: =IF(C89="M",7.2*I89,0) -> 0 | K89: =IF(C89="M",0.2,0) -> 0 | L89: 50 | M89: 0.16 | N89: =(L89*1000*SQRT(M89)/94) -> 212.76596 | O89: AIR | P89: 3C | Q89: 240 | R89: 387 | S89: 0.162 | T89: 0.088 | U89: 1000 | V89: 0.89 | W89: 0.73 | X89: NA | Y89: 0 | Z89: 0 | AA89: 0.6497 | AB89: =R89*AA89 -> 251.4339 | AC89: =ROUNDUP(((I89)/AB89),0) -> 1 | AD89: =IF(AB89*AC89>=I89,"YES","NO") -> YES | AE89: =IF(C89="M",(SQRT(3)*I89*(U89/1000)*((S89/AC89)*G89+(T89/AC89)*SIN(ACOS(G89)))),(SQRT(3)*I89*(U89/1000)*((S89/AC89)*G89+(T89/AC89)*SIN(ACOS(G89))))) -> 32.674873 | AF89: =(AE89/(F89*1000))*100 -> 0.2970443 | AG89: =IF(C89="I",IF(AF89<=2,"YES","NO"),IF(AF89<=3,"YES","NO")) -> YES | AH89: =IF(C89="M",(SQRT(3)*J89*(U89/1000)*((S89/AC89)*K89+(T89/AC89)*SIN(ACOS(K89)))),"NA") -> NA | AI89: =IF(C89="M",(AH89/(F89*1000))*100,"NA") -> NA | AJ89: =IF(C89="M",IF(AI89<=10,"YES","NO"),"NA") -> NA | AK89: =IF(C89="M",IF(AND(Q89>=N89,AD89="YES",AG89="YES",AJ89="YES"),CONCATENATE(AC89,"R X ",F89,"kV X ",P89," X ",Q89," Sqmm"),"Cable size is not correct"),IF(AND(Q89>=N89,AD89="YES",AG89="YES",AJ89="NA"),CONCATENATE(AC89,"R X ",F89,"kV X ",P89," X ",Q89," Sqmm"),"Cable size is not correct")) -> 1R X 11kV X 3C X 240 Sqmm | AL89: =IF(P89="1C",3*U89*AC89,U89*AC89) -> 1000 | AN89: =AC89*2 -> 2
A90: 8 | B90: 11/0.433kV Misc Service Transformer feeder#1 | C90: F | D90: 1000 | F90: 11 | G90: 0.77 | H90: 0.945 | I90: =IF(D90="",(E90/(1.732*F90*G90*H90)),(D90/(1.732*F90))) -> 52.487928 | J90: =IF(C90="M",7.2*I90,0) -> 0 | K90: =IF(C90="M",0.2,0) -> 0 | L90: 50 | M90: 0.16 | N90: =(L90*1000*SQRT(M90)/94) -> 212.76596 | O90: AIR | P90: 3C | Q90: 240 | R90: 387 | S90: 0.162 | T90: 0.088 | U90: 650 | V90: 0.89 | W90: 0.73 | X90: NA | Y90: 0 | Z90: 0 | AA90: 0.6497 | AB90: =R90*AA90 -> 251.4339 | AC90: =ROUNDUP(((I90)/AB90),0) -> 1 | AD90: =IF(AB90*AC90>=I90,"YES","NO") -> YES | AE90: =IF(C90="M",(SQRT(3)*I90*(U90/1000)*((S90/AC90)*G90+(T90/AC90)*SIN(ACOS(G90)))),(SQRT(3)*I90*(U90/1000)*((S90/AC90)*G90+(T90/AC90)*SIN(ACOS(G90))))) -> 10.689142 | AF90: =(AE90/(F90*1000))*100 -> 0.097174016 | AG90: =IF(C90="I",IF(AF90<=2,"YES","NO"),IF(AF90<=3,"YES","NO")) -> YES | AH90: =IF(C90="M",(SQRT(3)*J90*(U90/1000)*((S90/AC90)*K90+(T90/AC90)*SIN(ACOS(K90)))),"NA") -> NA | AI90: =IF(C90="M",(AH90/(F90*1000))*100,"NA") -> NA | AJ90: =IF(C90="M",IF(AI90<=10,"YES","NO"),"NA") -> NA | AK90: =IF(C90="M",IF(AND(Q90>=N90,AD90="YES",AG90="YES",AJ90="YES"),CONCATENATE(AC90,"R X ",F90,"kV X ",P90," X ",Q90," Sqmm"),"Cable size is not correct"),IF(AND(Q90>=N90,AD90="YES",AG90="YES",AJ90="NA"),CONCATENATE(AC90,"R X ",F90,"kV X ",P90," X ",Q90," Sqmm"),"Cable size is not correct")) -> 1R X 11kV X 3C X 240 Sqmm | AL90: =IF(P90="1C",3*U90*AC90,U90*AC90) -> 650 | AN90: =AC90*2 -> 2
A91: 9 | B91: Station Service Transformer Feeder | C91: F | D91: 2500 | F91: 11 | G91: 0.77 | H91: 0.945 | I91: =IF(D91="",(E91/(1.732*F91*G91*H91)),(D91/(1.732*F91))) -> 131.21982 | J91: =IF(C91="M",7.2*I91,0) -> 0 | K91: =IF(C91="M",0.2,0) -> 0 | L91: 50 | M91: 0.16 | N91: =(L91*1000*SQRT(M91)/94) -> 212.76596 | O91: AIR | P91: 3C | Q91: 240 | R91: 387 | S91: 0.162 | T91: 0.088 | U91: 150 | V91: 0.89 | W91: 0.73 | X91: NA | Y91: 0 | Z91: 0 | AA91: 0.6497 | AB91: =R91*AA91 -> 251.4339 | AC91: =ROUNDUP(((I91)/AB91),0) -> 1 | AD91: =IF(AB91*AC91>=I91,"YES","NO") -> YES | AE91: =IF(C91="M",(SQRT(3)*I91*(U91/1000)*((S91/AC91)*G91+(T91/AC91)*SIN(ACOS(G91)))),(SQRT(3)*I91*(U91/1000)*((S91/AC91)*G91+(T91/AC91)*SIN(ACOS(G91))))) -> 6.1668126 | AF91: =(AE91/(F91*1000))*100 -> 0.056061932 | AG91: =IF(C91="I",IF(AF91<=2,"YES","NO"),IF(AF91<=3,"YES","NO")) -> YES | AH91: =IF(C91="M",(SQRT(3)*J91*(U91/1000)*((S91/AC91)*K91+(T91/AC91)*SIN(ACOS(K91)))),"NA") -> NA | AI91: =IF(C91="M",(AH91/(F91*1000))*100,"NA") -> NA | AJ91: =IF(C91="M",IF(AI91<=10,"YES","NO"),"NA") -> NA | AK91: =IF(C91="M",IF(AND(Q91>=N91,AD91="YES",AG91="YES",AJ91="YES"),CONCATENATE(AC91,"R X ",F91,"kV X ",P91," X ",Q91," Sqmm"),"Cable size is not correct"),IF(AND(Q91>=N91,AD91="YES",AG91="YES",AJ91="NA"),CONCATENATE(AC91,"R X ",F91,"kV X ",P91," X ",Q91," Sqmm"),"Cable size is not correct")) -> 1R X 11kV X 3C X 240 Sqmm | AL91: =IF(P91="1C",3*U91*AC91,U91*AC91) -> 150 | AN91: =AC91*2 -> 2
A92: 10 | B92: AHP Auxiliary Transformer Feeder | C92: F | D92: 14000 | F92: 11 | G92: 0.88 | H92: 0.95 | I92: =IF(D92="",(E92/(1.732*F92*G92*H92)),(D92/(1.732*F92))) -> 734.83099 | J92: =IF(C92="M",7.2*I92,0) -> 0 | K92: =IF(C92="M",0.2,0) -> 0 | L92: 50 | M92: 0.16 | N92: =(L92*1000*SQRT(M92)/94) -> 212.76596 | O92: AIR | P92: 1C | Q92: 400 | R92: 575 | S92: 0.1018 | T92: 0.0937 | U92: 600 | V92: 0.89 | W92: 0.78 | X92: NA | Y92: 0 | Z92: 0 | AA92: 0.6942 | AB92: =R92*AA92 -> 399.165 | AC92: =ROUNDUP(((I92)/AB92),0) -> 2 | AD92: =IF(AB92*AC92>=I92,"YES","NO") -> YES | AE92: =IF(C92="M",(SQRT(3)*I92*(U92/1000)*((S92/AC92)*G92+(T92/AC92)*SIN(ACOS(G92)))),(SQRT(3)*I92*(U92/1000)*((S92/AC92)*G92+(T92/AC92)*SIN(ACOS(G92))))) -> 51.199133 | AF92: =(AE92/(F92*1000))*100 -> 0.46544666 | AG92: =IF(C92="I",IF(AF92<=2,"YES","NO"),IF(AF92<=3,"YES","NO")) -> YES | AH92: =IF(C92="M",(SQRT(3)*J92*(U92/1000)*((S92/AC92)*K92+(T92/AC92)*SIN(ACOS(K92)))),"NA") -> NA | AI92: =IF(C92="M",(AH92/(F92*1000))*100,"NA") -> NA | AJ92: =IF(C92="M",IF(AI92<=10,"YES","NO"),"NA") -> NA | AK92: =IF(C92="M",IF(AND(Q92>=N92,AD92="YES",AG92="YES",AJ92="YES"),CONCATENATE(AC92,"R X ",F92,"kV X ",P92," X ",Q92," Sqmm"),"Cable size is not correct"),IF(AND(Q92>=N92,AD92="YES",AG92="YES",AJ92="NA"),CONCATENATE(AC92,"R X ",F92,"kV X ",P92," X ",Q92," Sqmm"),"Cable size is not correct")) -> 2R X 11kV X 1C X 400 Sqmm | AL92: =IF(P92="1C",3*U92*AC92,U92*AC92) -> 3600 | AN92: =AC92*2 -> 4
A93: 11 | B93: CHP Auxiliary Transformer Feeder | C93: F | D93: 14000 | F93: 11 | G93: 0.75 | H93: 0.97 | I93: =IF(D93="",(E93/(1.732*F93*G93*H93)),(D93/(1.732*F93))) -> 734.83099 | J93: =IF(C93="M",7.2*I93,0) -> 0 | K93: =IF(C93="M",0.2,0) -> 0 | L93: 50 | M93: 0.16 | N93: =(L93*1000*SQRT(M93)/94) -> 212.76596 | O93: AIR | P93: 1C | Q93: 400 | R93: 575 | S93: 0.1018 | T93: 0.0937 | U93: 450 | V93: 0.89 | W93: 0.78 | X93: NA | Y93: 0 | Z93: 0 | AA93: 0.6942 | AB93: =R93*AA93 -> 399.165 | AC93: =ROUNDUP(((I93)/AB93),0) -> 2 | AD93: =IF(AB93*AC93>=I93,"YES","NO") -> YES | AE93: =IF(C93="M",(SQRT(3)*I93*(U93/1000)*((S93/AC93)*G93+(T93/AC93)*SIN(ACOS(G93)))),(SQRT(3)*I93*(U93/1000)*((S93/AC93)*G93+(T93/AC93)*SIN(ACOS(G93))))) -> 39.612906 | AF93: =(AE93/(F93*1000))*100 -> 0.36011733 | AG93: =IF(C93="I",IF(AF93<=2,"YES","NO"),IF(AF93<=3,"YES","NO")) -> YES | AH93: =IF(C93="M",(SQRT(3)*J93*(U93/1000)*((S93/AC93)*K93+(T93/AC93)*SIN(ACOS(K93)))),"NA") -> NA | AI93: =IF(C93="M",(AH93/(F93*1000))*100,"NA") -> NA | AJ93: =IF(C93="M",IF(AI93<=10,"YES","NO"),"NA") -> NA | AK93: =IF(C93="M",IF(AND(Q93>=N93,AD93="YES",AG93="YES",AJ93="YES"),CONCATENATE(AC93,"R X ",F93,"kV X ",P93," X ",Q93," Sqmm"),"Cable size is not correct"),IF(AND(Q93>=N93,AD93="YES",AG93="YES",AJ93="NA"),CONCATENATE(AC93,"R X ",F93,"kV X ",P93," X ",Q93," Sqmm"),"Cable size is not correct")) -> 2R X 11kV X 1C X 400 Sqmm | AL93: =IF(P93="1C",3*U93*AC93,U93*AC93) -> 2700 | AN93: =AC93*2 -> 4
A94: 12 | B94: FGD Auxiliary Transformer Feeder | C94: F | D94: 20000 | F94: 11 | G94: 0.83 | H94: 0.93 | I94: =IF(D94="",(E94/(1.732*F94*G94*H94)),(D94/(1.732*F94))) -> 1049.7586 | J94: =IF(C94="M",7.2*I94,0) -> 0 | K94: =IF(C94="M",0.2,0) -> 0 | L94: 50 | M94: 0.16 | N94: =(L94*1000*SQRT(M94)/94) -> 212.76596 | O94: AIR | P94: 1C | Q94: 400 | R94: 575 | S94: 0.1018 | T94: 0.0937 | U94: 490 | V94: 0.89 | W94: 0.78 | X94: NA | Y94: 0 | Z94: 0 | AA94: 0.6942 | AB94: =R94*AA94 -> 399.165 | AC94: =ROUNDUP(((I94)/AB94),0) -> 3 | AD94: =IF(AB94*AC94>=I94,"YES","NO") -> YES | AE94: =IF(C94="M",(SQRT(3)*I94*(U94/1000)*((S94/AC94)*G94+(T94/AC94)*SIN(ACOS(G94)))),(SQRT(3)*I94*(U94/1000)*((S94/AC94)*G94+(T94/AC94)*SIN(ACOS(G94))))) -> 40.613707 | AF94: =(AE94/(F94*1000))*100 -> 0.36921552 | AG94: =IF(C94="I",IF(AF94<=2,"YES","NO"),IF(AF94<=3,"YES","NO")) -> YES | AH94: =IF(C94="M",(SQRT(3)*J94*(U94/1000)*((S94/AC94)*K94+(T94/AC94)*SIN(ACOS(K94)))),"NA") -> NA | AI94: =IF(C94="M",(AH94/(F94*1000))*100,"NA") -> NA | AJ94: =IF(C94="M",IF(AI94<=10,"YES","NO"),"NA") -> NA | AK94: =IF(C94="M",IF(AND(Q94>=N94,AD94="YES",AG94="YES",AJ94="YES"),CONCATENATE(AC94,"R X ",F94,"kV X ",P94," X ",Q94," Sqmm"),"Cable size is not correct"),IF(AND(Q94>=N94,AD94="YES",AG94="YES",AJ94="NA"),CONCATENATE(AC94,"R X ",F94,"kV X ",P94," X ",Q94," Sqmm"),"Cable size is not correct")) -> 3R X 11kV X 1C X 400 Sqmm | AL94: =IF(P94="1C",3*U94*AC94,U94*AC94) -> 4410 | AN94: =AC94*2 -> 6
A95: 13 | B95: Colony Area Switchgear Feeder | C95: F | D95: 2500 | F95: 11 | G95: 0.83 | H95: 0.93 | I95: =IF(D95="",(E95/(1.732*F95*G95*H95)),(D95/(1.732*F95))) -> 131.21982 | J95: =IF(C95="M",7.2*I95,0) -> 0 | K95: =IF(C95="M",0.2,0) -> 0 | L95: 50 | M95: 0.16 | N95: =(L95*1000*SQRT(M95)/94) -> 212.76596 | O95: AIR | P95: 3C | Q95: 240 | R95: 387 | S95: 0.162 | T95: 0.088 | U95: 2000 | V95: 0.89 | W95: 0.73 | X95: NA | Y95: 0 | Z95: 0 | AA95: 0.6497 | AB95: =R95*AA95 -> 251.4339 | AC95: =ROUNDUP(((I95)/AB95),0) -> 1 | AD95: =IF(AB95*AC95>=I95,"YES","NO") -> YES | AE95: =IF(C95="M",(SQRT(3)*I95*(U95/1000)*((S95/AC95)*G95+(T95/AC95)*SIN(ACOS(G95)))),(SQRT(3)*I95*(U95/1000)*((S95/AC95)*G95+(T95/AC95)*SIN(ACOS(G95))))) -> 83.431165 | AF95: =(AE95/(F95*1000))*100 -> 0.75846513 | AG95: =IF(C95="I",IF(AF95<=2,"YES","NO"),IF(AF95<=3,"YES","NO")) -> YES | AH95: =IF(C95="M",(SQRT(3)*J95*(U95/1000)*((S95/AC95)*K95+(T95/AC95)*SIN(ACOS(K95)))),"NA") -> NA | AI95: =IF(C95="M",(AH95/(F95*1000))*100,"NA") -> NA | AJ95: =IF(C95="M",IF(AI95<=10,"YES","NO"),"NA") -> NA | AK95: =IF(C95="M",IF(AND(Q95>=N95,AD95="YES",AG95="YES",AJ95="YES"),CONCATENATE(AC95,"R X ",F95,"kV X ",P95," X ",Q95," Sqmm"),"Cable size is not correct"),IF(AND(Q95>=N95,AD95="YES",AG95="YES",AJ95="NA"),CONCATENATE(AC95,"R X ",F95,"kV X ",P95," X ",Q95," Sqmm"),"Cable size is not correct")) -> 1R X 11kV X 3C X 240 Sqmm | AL95: =IF(P95="1C",3*U95*AC95,U95*AC95) -> 2000 | AN95: =AC95*2 -> 2
A96: 14 | B96: River Water Intake Pump House Feeder -1 | C96: F | D96: 6500 | F96: 11 | G96: 0.83 | H96: 0.93 | I96: =IF(D96="",(E96/(1.732*F96*G96*H96)),(D96/(1.732*F96))) -> 341.17153 | J96: =IF(C96="M",7.2*I96,0) -> 0 | K96: =IF(C96="M",0.2,0) -> 0 | L96: 50 | M96: 0.16 | N96: =(L96*1000*SQRT(M96)/94) -> 212.76596 | O96: AIR | P96: 1C | Q96: 400 | R96: 387 | S96: 0.162 | T96: 0.088 | U96: 2000 | V96: 0.89 | W96: 0.73 | X96: NA | Y96: 0 | Z96: 0 | AA96: 0.6497 | AB96: =R96*AA96 -> 251.4339 | AC96: =ROUNDUP(((I96)/AB96),0) -> 2 | AD96: =IF(AB96*AC96>=I96,"YES","NO") -> YES | AE96: =IF(C96="M",(SQRT(3)*I96*(U96/1000)*((S96/AC96)*G96+(T96/AC96)*SIN(ACOS(G96)))),(SQRT(3)*I96*(U96/1000)*((S96/AC96)*G96+(T96/AC96)*SIN(ACOS(G96))))) -> 108.46051 | AF96: =(AE96/(F96*1000))*100 -> 0.98600467 | AG96: =IF(C96="I",IF(AF96<=2,"YES","NO"),IF(AF96<=3,"YES","NO")) -> YES | AH96: =IF(C96="M",(SQRT(3)*J96*(U96/1000)*((S96/AC96)*K96+(T96/AC96)*SIN(ACOS(K96)))),"NA") -> NA | AI96: =IF(C96="M",(AH96/(F96*1000))*100,"NA") -> NA | AJ96: =IF(C96="M",IF(AI96<=10,"YES","NO"),"NA") -> NA | AK96: =IF(C96="M",IF(AND(Q96>=N96,AD96="YES",AG96="YES",AJ96="YES"),CONCATENATE(AC96,"R X ",F96,"kV X ",P96," X ",Q96," Sqmm"),"Cable size is not correct"),IF(AND(Q96>=N96,AD96="YES",AG96="YES",AJ96="NA"),CONCATENATE(AC96,"R X ",F96,"kV X ",P96," X ",Q96," Sqmm"),"Cable size is not correct")) -> 2R X 11kV X 1C X 400 Sqmm | AL96: =IF(P96="1C",3*U96*AC96,U96*AC96) -> 12000
AR112: Row Labels | AS112: Sum of Total Length in meters
AR113: 2R X 11kV X 1C X 400 Sqmm | AS113: 26400
AR114: 3R X 11kV X 1C X 400 Sqmm | AS114: 17100
AR115: Grand Total | AS115: 43500

Sheet BOQ
A1: BOQ
A2: Sl.No | B2: Type of Cable | C2: Length As per Calculation | D2: Margin (10%) | E2: Total Length | F2: Rounded Up (length in M) | I2: =_xlfn.CONCAT('HT Cable'!P8," X ",'HT Cable'!Q8) -> 3C X 240 | J2: ='HT Cable'!AL8 -> 475
A3: 1 | B3: 3C X 240 | C3: =SUMIF(I2:J87,B3,J2) -> 27560 | D3: =C3*0.1 -> 2756 | E3: =C3+D3 -> 30316 | F3: 40000 | I3: =_xlfn.CONCAT('HT Cable'!P9," X ",'HT Cable'!Q9) -> 3C X 300 | J3: ='HT Cable'!AL9 -> 500
A4: 2 | B4: 3C x 300 | C4: =SUMIF(I3:J88,B4,J3) -> 2000 | D4: =C4*0.1 -> 200 | E4: =C4+D4 -> 2200 | F4: 2500 | I4: =_xlfn.CONCAT('HT Cable'!P10," X ",'HT Cable'!Q10) -> 1C X 300 | J4: ='HT Cable'!AL10 -> 4500
A5: 3 | B5: 1C x 400 | C5: =SUMIF(I4:J89,B5,J4) -> 49590 | D5: =C5*0.1 -> 4959 | E5: =C5+D5 -> 54549 | F5: 70000 | I5: =_xlfn.CONCAT('HT Cable'!P11," X ",'HT Cable'!Q11) -> 1C X 300 | J5: ='HT Cable'!AL11 -> 2460
I6: =_xlfn.CONCAT('HT Cable'!P12," X ",'HT Cable'!Q12) -> 1C X 400 | J6: ='HT Cable'!AL12 -> 765
I7: =_xlfn.CONCAT('HT Cable'!P13," X ",'HT Cable'!Q13) -> 3C X 240 | J7: ='HT Cable'!AL13 -> 460
I8: =_xlfn.CONCAT('HT Cable'!P14," X ",'HT Cable'!Q14) -> 3C X 240 | J8: ='HT Cable'!AL14 -> 470
I9: =_xlfn.CONCAT('HT Cable'!P15," X ",'HT Cable'!Q15) -> 3C X 240 | J9: ='HT Cable'!AL15 -> 460
I10: =_xlfn.CONCAT('HT Cable'!P16," X ",'HT Cable'!Q16) -> 3C X 240 | J10: ='HT Cable'!AL16 -> 490
I11: =_xlfn.CONCAT('HT Cable'!P17," X ",'HT Cable'!Q17) -> 3C X 240 | J11: ='HT Cable'!AL17 -> 490
I12: =_xlfn.CONCAT('HT Cable'!P18," X ",'HT Cable'!Q18) -> 3C X 240 | J12: ='HT Cable'!AL18 -> 490
I13: =_xlfn.CONCAT('HT Cable'!P19," X ",'HT Cable'!Q19) -> 3C X 240 | J13: ='HT Cable'!AL19 -> 1100
I14: =_xlfn.CONCAT('HT Cable'!P20," X ",'HT Cable'!Q20) -> 1C X 400 | J14: ='HT Cable'!AL20 -> 1080
I15: =_xlfn.CONCAT('HT Cable'!P21," X ",'HT Cable'!Q21) -> X | J15: ='HT Cable'!AL21 -> 0
I16: =_xlfn.CONCAT('HT Cable'!P22," X ",'HT Cable'!Q22) -> X | J16: ='HT Cable'!AL22 -> 0
I17: =_xlfn.CONCAT('HT Cable'!P23," X ",'HT Cable'!Q23) -> 3C X 240 | J17: ='HT Cable'!AL23 -> 475
... I21: =_xlfn.CONCAT('HT Cable'!P27," X ",'HT Cable'!Q27) -> 1C X 400 | J21: ='HT Cable'!AL27 -> 1080
I22: =_xlfn.CONCAT('HT Cable'!P29," X ",'HT Cable'!Q29) -> 3C X 240 | J22: ='HT Cable'!AL29 -> 470
I23: =_xlfn.CONCAT('HT Cable'!P30," X ",'HT Cable'!Q30) -> 3C X 240 | J23: ='HT Cable'!AL30 -> 460
I24: =_xlfn.CONCAT('HT Cable'!P31," X ",'HT Cable'!Q31) -> 3C X 240 | J24: ='HT Cable'!AL31 -> 490
I25: =_xlfn.CONCAT('HT Cable'!P32," X ",'HT Cable'!Q32) -> 3C X 240 | J25: ='HT Cable'!AL32 -> 490
I26: =_xlfn.CONCAT('HT Cable'!P33," X ",'HT Cable'!Q33) -> 3C X 240 | J26: ='HT Cable'!AL33 -> 490
I27: =_xlfn.CONCAT('HT Cable'!P34," X ",'HT Cable'!Q34) -> 3C X 240 | J27: ='HT Cable'!AL34 -> 1100
I28: =_xlfn.CONCAT('HT Cable'!P35," X ",'HT Cable'!Q35) -> X | J28: ='HT Cable'!AL35 -> 0
I29: =_xlfn.CONCAT('HT Cable'!P36," X ",'HT Cable'!Q36) -> X | J29: ='HT Cable'!AL36 -> 0
I30: =_xlfn.CONCAT('HT Cable'!P37," X ",'HT Cable'!Q37) -> 3C X 240 | J30: ='HT Cable'!AL37 -> 475
I31: =_xlfn.CONCAT('HT Cable'!P38," X ",'HT Cable'!Q38) -> 3C X 300 | J31: ='HT Cable'!AL38 -> 500
I32: =_xlfn.CONCAT('HT Cable'!P39," X ",'HT Cable'!Q39) -> 1C X 300 | J32: ='HT Cable'!AL39 -> 4500
I33: =_xlfn.CONCAT('HT Cable'!P40," X ",'HT Cable'!Q40) -> 1C X 400 | J33: ='HT Cable'!AL40 -> 2460
... I48: =_xlfn.CONCAT('HT Cable'!P55," X ",'HT Cable'!Q55) -> 1C X 400 | J48: ='HT Cable'!AL55 -> 2460
I49: =_xlfn.CONCAT('HT Cable'!P57," X ",'HT Cable'!Q57) -> 3C X 240 | J49: ='HT Cable'!AL57 -> 470
I50: =_xlfn.CONCAT('HT Cable'!P58," X ",'HT Cable'!Q58) -> 3C X 240 | J50: ='HT Cable'!AL58 -> 490
I51: =_xlfn.CONCAT('HT Cable'!P59," X ",'HT Cable'!Q59) -> 3C X 240 | J51: ='HT Cable'!AL59 -> 490
I52: =_xlfn.CONCAT('HT Cable'!P60," X ",'HT Cable'!Q60) -> 3C X 240 | J52: ='HT Cable'!AL60 -> 490
I53: =_xlfn.CONCAT('HT Cable'!P61," X ",'HT Cable'!Q61) -> 3C X 240 | J53: ='HT Cable'!AL61 -> 490
I54: =_xlfn.CONCAT('HT Cable'!P62," X ",'HT Cable'!Q62) -> 3C X 240 | J54: ='HT Cable'!AL62 -> 1100
I55: =_xlfn.CONCAT('HT Cable'!P63," X ",'HT Cable'!Q63) -> 1C X 400 | J55: ='HT Cable'!AL63 -> 1080
I56: =_xlfn.CONCAT('HT Cable'!P64," X ",'HT Cable'!Q64) -> X | J56: ='HT Cable'!AL64 -> 13015
I57: =_xlfn.CONCAT('HT Cable'!P65," X ",'HT Cable'!Q65) -> X | J57: ='HT Cable'!AL65 -> 0
I58: =_xlfn.CONCAT('HT Cable'!P66," X ",'HT Cable'!Q66) -> 1C X 300 | J58: ='HT Cable'!AL66 -> 4500
I59: =_xlfn.CONCAT('HT Cable'!P67," X ",'HT Cable'!Q67) -> 3C X 240 | J59: ='HT Cable'!AL67 -> 150
I60: =_xlfn.CONCAT('HT Cable'!P68," X ",'HT Cable'!Q68) -> 3C X 240 | J60: ='HT Cable'!AL68 -> 2000
... I70: =_xlfn.CONCAT('HT Cable'!P78," X ",'HT Cable'!Q78) -> 1C X 400 | J70: ='HT Cable'!AL78 -> 7350
I71: =_xlfn.CONCAT('HT Cable'!P81," X ",'HT Cable'!Q81) -> X | J71: ='HT Cable'!AL81 -> 0
I72: =_xlfn.CONCAT('HT Cable'!P82," X ",'HT Cable'!Q82) -> X | J72: ='HT Cable'!AL82 -> 0
I73: =_xlfn.CONCAT('HT Cable'!P83," X ",'HT Cable'!Q83) -> 3C X 240 | J73: ='HT Cable'!AL83 -> 150
I74: =_xlfn.CONCAT('HT Cable'!P85," X ",'HT Cable'!Q85) -> 3C X 240 | J74: ='HT Cable'!AL85 -> 400
I75: =_xlfn.CONCAT('HT Cable'!P86," X ",'HT Cable'!Q86) -> 3C X 240 | J75: ='HT Cable'!AL86 -> 200
I76: =_xlfn.CONCAT('HT Cable'!P87," X ",'HT Cable'!Q87) -> 3C X 240 | J76: ='HT Cable'!AL87 -> 250
I77: =_xlfn.CONCAT('HT Cable'!P88," X ",'HT Cable'!Q88) -> 3C X 240 | J77: ='HT Cable'!AL88 -> 535
I78: =_xlfn.CONCAT('HT Cable'!P89," X ",'HT Cable'!Q89) -> 3C X 240 | J78: ='HT Cable'!AL89 -> 1000
I79: =_xlfn.CONCAT('HT Cable'!P90," X ",'HT Cable'!Q90) -> 3C X 240 | J79: ='HT Cable'!AL90 -> 650
I80: =_xlfn.CONCAT('HT Cable'!P91," X ",'HT Cable'!Q91) -> 3C X 240 | J80: ='HT Cable'!AL91 -> 150
I81: =_xlfn.CONCAT('HT Cable'!P92," X ",'HT Cable'!Q92) -> 1C X 400 | J81: ='HT Cable'!AL92 -> 3600
I82: =_xlfn.CONCAT('HT Cable'!P93," X ",'HT Cable'!Q93) -> 1C X 400 | J82: ='HT Cable'!AL93 -> 2700
I83: =_xlfn.CONCAT('HT Cable'!P94," X ",'HT Cable'!Q94) -> 1C X 400 | J83: ='HT Cable'!AL94 -> 4410
I84: =_xlfn.CONCAT('HT Cable'!P95," X ",'HT Cable'!Q95) -> 3C X 240 | J84: ='HT Cable'!AL95 -> 2000
I85: =_xlfn.CONCAT('HT Cable'!P96," X ",'HT Cable'!Q96) -> 1C X 400 | J85: ='HT Cable'!AL96 -> 12000
... I87: =_xlfn.CONCAT('HT Cable'!P98," X ",'HT Cable'!Q98) -> X | J87: ='HT Cable'!AL98 -> 0

Sheet Catalogue
B2: KEC Cable Catalogue
B3: Multi core cable | F3: 11/11kV | I3: Single core cable | M3: 11/11kV
B5: Size in mm2 | C5: Current carrying capacity | F5: Resistance Ohm/km | G5: Reactance Ohm/km | H5: Cable Dia | I5: Size in mm2 | J5: Current carrying capacity | M5: Resistance Ohm/km | N5: Reactance Ohm/km | O5: Cable Dia | P5: XLPE | Q5: Ambient temperature (K1) 50°C | R5: Grouping factor (K2) Duct Spacing (3 cables) 200mm Centre to Centre & 3 tier trays with spacing | T5: Ground temprature (K3) 30°C | U5: Depth of laying (K4) (1500 mm) | W5: Thermal resistivity of ground (1.5 °C.m/W) (K5)
C6: Air | D6: Ground | E6: Duct | J6: Air | K6: Ground | L6: Duct | R6: Single core | S6: Multi core | U6: Single core | V6: Multi core | W6: Single core | X6: Multi core
B7: 3C X 120 | C7: 256 | D7: 216 | E7: 188 | F7: 0.325 | G7: 0.097 | H7: 55 | I7: 1C X 150 | J7: 335 | K7: 255 | L7: 215 | M7: 0.2648 | N7: 0.1058 | O7: 30 | P7: AIR | Q7: 0.89 | R7: 0.78 | S7: 0.73
B8: 3C X 150 | C8: 288 | D8: 242 | E8: 209 | F8: 0.265 | G8: 0.094 | H8: 58 | I8: 1C X 185 | J8: 384 | K8: 284 | L8: 238 | M8: 0.2112 | N8: 0.1 | O8: 33 | P8: Duct | R8: 0.75 | S8: 0.8 | T8: 1 | U8: 0.94 | V8: 0.96 | W8: 1 | X8: 1
B9: 3C X 185 | C9: 330 | D9: 273 | E9: 240 | F9: 0.211 | G9: 0.091 | H9: 61 | I9: 1C X 240 | J9: 446 | K9: 323 | L9: 270 | M9: 0.1615 | N9: 0.098 | O9: 35 | P9: Ground | R9: 0.73 | S9: 0.77 | T9: 1 | U9: 0.94 | V9: 0.95 | W9: 1 | X9: 1
B10: 3C X 240 | C10: 387 | D10: 315 | E10: 278 | F10: 0.162 | G10: 0.088 | H10: 67 | I10: 1C X 300 | J10: 503 | K10: 357 | L10: 297 | M10: 0.1297 | N10: 0.0974 | O10: 37
B11: 3C X 300 | C11: 441 | D11: 354 | E11: 312 | F11: 0.13 | G11: 0.086 | H11: 71 | I11: 1C X 400 | J11: 575 | K11: 397 | L11: 329 | M11: 0.1018 | N11: 0.0937 | O11: 40
B12: 3C X 400 | C12: 512 | D12: 404 | E12: 356 | F12: 0.102 | G12: 0.082 | H12: 76 | I12: 1C X 500 | J12: 647 | K12: 436 | L12: 360 | M12: 0.0802 | N12: 0.0918 | O12: 43
I13: 1C X 630 | J13: 725 | K13: 476 | L13: 390 | M13: 0.0636 | N13: 0.0901 | O13: 47
