Workbook
Name a: 'LV Cable sizing_SS-1'!$C$4

Sheet Basis & Assumptions (2)
A2: Assumptions and Inputs considered for MV & LV cable sizing
A4: 1) | B4: All MV & LV cables are considered to be laid in Air / Trench with cover Cable Tray and de-rated accordingly.
A5: 2) | B5: All MV & LV multi-core cables are considered to be laid on touching formation and de-rated accordingly.
A6: 3) | B6: All MV single core cables are considered to be laid in Trefoil Formation with 150mm spacing and de-rated accordingly.
A7: 4) | B7: All LV single core cables are considered to be laid in Trefoil Formation and de-rated accordingly.
A8: 5) | B8: Over all de-rating factor considered as mentioned below based on laying condition & method of installation: LV Multi core cable - 0.66 LV Single core cable - 0.9 MV Multi core cable - 0.664 MV Single core cable - 0.819
A9: 6) | B9: The % voltage drop is limited to 3% for outgoing motor feeders , 2.5% for outgoing Power feeders and 2% to incoming feeders.
A10: 7) | B10: The % voltage drop is limited to 15% for motor feeders during starting.
A11: 8) | B11: For both MV & LV Cable sizing all required datas are taken from reference Catalogue (KEC/RPG Make Catalogue). Further final Cable sizing/BOQ shall be updated based on final vendor data during Detail Engg. Stage.
A12: 9) | B12: Desalination package both MV & LV power cable has kept under hold & same shall be revised after the finaliziation of scope.
A13: 10) | B13: Wherever the location of load is unknown, an approximate location is assumed and % voltage drop is calculated.
A14: 11) | B14: This cable sizing is done based on the "Electrical Load List, Rev-1". And same will be revised after finalization of final Loas list.
A15: 12) | B15: The below mentioned pachages are part of Vendor scope, henece respective package Cable sizing / cable boq has not included. 1. Ammonia Storage area, 2. ASU Package, 3. Nitrogen Package, 4. Flare area Package, 5. Cooling tower Package. 6. ETP Package. 7. Desalination Sea Water Treatment Package. 8. Sea Water Intake system. 9. Electrolyzer Area Package.
B18: from ups sub db to I&C instrument cable lnot considered

Sheet Basis & Assumptions
A2: Basis & Assumptions considered for MV & LV cable sizing
A4: 1) | B4: All MV & LV cables are considered to be laid in Air / Trench with cover Cable Tray and de-rated accordingly.
A5: 2) | B5: All MV & LV multi-core cables are considered to be laid on touching formation and de-rated accordingly.
A6: 3) | B6: All MV single core cables are considered to be laid in Trefoil Formation with 150mm spacing and de-rated accordingly.
A7: 4) | B7: All LV single core cables are considered to be laid in Trefoil Formation and de-rated accordingly.
A8: 5) | B8: Over all de-rating factor considered as mentioned below based on laying condition & method of installation: LV Multi core cable - 0.587 LV Single core cable - 0.721 MV Multi core cable - 0.599 MV Single core cable - 0.738
A9: 6) | B9: The % voltage drop is limited to 3% for outgoing motor feeders , 2.5% for outgoing Power feeders and 2% to incoming feeders.
A10: 7) | B10: The % voltage drop is limited to 15% for motor feeders during starting.
A11: 8) | B11: For both MV & LV Cable sizing all required datas are taken from reference Catalogue (KEC/RPG Make Catalogue). Further final Cable sizing/BOQ shall be updated based on final vendor data during Detail Engg. Stage.
A12: 9) | B12: 1). All incoming cable from solar, Grid, BESS to 33kV Switchgear (MSB) cable is part of Vendor/ACME scope henace same sizing/BOQ not considered. 2). In Desalination package: a) Incoming Cable from LV VFD to PMCC-4, 11kV Switchgaer to MV VFD's, both MV & LV power cables are inculded in the sizing/BOQ. b) Further from PMCC to Motor/LCS, from LV VFD to motor/LCS, from MV VFD to motor/LCS both MV & LV power cable BOQ is part of Vendor/ACME scope hence same has not included in the sizing/BOQ.
A13: 10) | B13: Wherever the location of load is unknown, an approximate location is assumed and % voltage drop is calculated.
A14: 11) | B14: This cable sizing is done based on the "Electrical Load List, Rev-1". And same will be revised after finalization of final Loas list.
A15: 12) | B15: Cable from UPS DB/ Sub UPS DB to Instrument is not included in this sizing & same shall be considered in Instrument cable schedule/BOQ.
A16: 13) | B16: The below mentioned packages are part of Vendor scope, henece respective package Cable sizing / cable boq has not included. 1. Ammonia Storage area, 2. ASU Package, 3. Nitrogen Package, 4. Flare area Package, 5. Cooling tower Package. 6. ETP Package. 7. Desalination Sea Water Treatment Package. 8. Sea Water Intake system. 9. Electrolyzer Area Package.

Sheet Tray Sizing
B4: Cable Tray Sections | E4: A1 | F4: A | G4: B | H4: B1 | I4: C | J4: D | K4: D1 | L4: D2 | M4: D3 | N4: E | O4: E0 | P4: E1 | Q4: E2 | R4: E3 | S4: E4 | T4: E5 | U4: E6 | V4: F | W4: G | X4: G1 | Y4: G2 | Z4: G3 | AA4: G4 | AB4: H | AC4: I | AD4: J | AE4: J1 | AF4: J2 | AG4: J3 | AH4: K | AI4: L | AJ4: L1 | AK4: L2 | AL4: L3 | AM4: L4 | AN4: M | AO4: N | AP4: O | AQ4: O1 | AR4: P | AS4: Q | AT4: Q1 | AU4: Q2 | AV4: Q3 | AW4: R | AX4: R1 | AY4: R2 | AZ4: S | BA4: T
B6: 33kV MV Power Cable Trays
B7: MV Cable sizing-33kV | C7: Total Cable Dia | E7: =SUMIF(#REF!,'Tray Sizing'!E$4,#REF!) -> #REF! | F7: =SUMIF(#REF!,'Tray Sizing'!F$4,#REF!) -> #REF! | G7: =SUMIF(#REF!,'Tray Sizing'!G$4,#REF!) -> #REF! | H7: =SUMIF(#REF!,'Tray Sizing'!H$4,#REF!) -> #REF! | I7: =SUMIF(#REF!,'Tray Sizing'!I$4,#REF!) -> #REF! | J7: =SUMIF(#REF!,'Tray Sizing'!J$4,#REF!) -> #REF! | K7: =SUMIF(#REF!,'Tray Sizing'!K$4,#REF!) -> #REF! | L7: =SUMIF(#REF!,'Tray Sizing'!L$4,#REF!) -> #REF! | ... BA7: =SUMIF(#REF!,'Tray Sizing'!BA$4,#REF!) -> #REF!
B9: Total Cable Tray Dia required with 20% Margin | C9: with 20% marging | E9: =E7*1.2 -> #REF! | F9: =F7*1.2 -> #REF! | G9: =G7*1.2 -> #REF! | H9: =H7*1.2 -> #REF! | I9: =I7*1.2 -> #REF! | J9: =J7*1.2 -> #REF! | K9: =K7*1.2 -> #REF! | L9: =L7*1.2 -> #REF! | ... BA9: =BA7*1.2 -> #REF!
C11: 600 | E11: =E9/$C$11 -> #REF! | F11: =F9/$C$11 -> #REF! | G11: =G9/$C$11 -> #REF! | H11: =H9/$C$11 -> #REF! | I11: =I9/$C$11 -> #REF! | J11: =J9/$C$11 -> #REF! | K11: =K9/$C$11 -> #REF! | L11: =L9/$C$11 -> #REF! | ... BA11: =BA9/$C$11 -> #REF!
B12: 33kV MV Power Cable Trays | E12: =ROUNDUP(E11,0) -> #REF! | F12: =ROUNDUP(F11,0) -> #REF! | G12: =ROUNDUP(G11,0) -> #REF! | H12: =ROUNDUP(H11,0) -> #REF! | I12: =ROUNDUP(I11,0) -> #REF! | J12: =ROUNDUP(J11,0) -> #REF! | K12: =ROUNDUP(K11,0) -> #REF! | L12: =ROUNDUP(L11,0) -> #REF! | ... BA12: =ROUNDUP(BA11,0) -> #REF!
B18: 11kV MV Power Cable Trays
B20: MV Cable sizing-11kV | E20: =SUMIF('MV Cable sizing-11kV'!$DW$4:$GN$4,'Tray Sizing'!E$4,'MV Cable sizing-11kV'!$DW$85:$GN$85) -> 0 | F20: =SUMIF('MV Cable sizing-11kV'!$DW$4:$GN$4,'Tray Sizing'!F$4,'MV Cable sizing-11kV'!$DW$85:$GN$85) -> 1979 | G20: =SUMIF('MV Cable sizing-11kV'!$DW$4:$GN$4,'Tray Sizing'!G$4,'MV Cable sizing-11kV'!$DW$85:$GN$85) -> 0 | H20: =SUMIF('MV Cable sizing-11kV'!$DW$4:$GN$4,'Tray Sizing'!H$4,'MV Cable sizing-11kV'!$DW$85:$GN$85) -> 0 | I20: =SUMIF('MV Cable sizing-11kV'!$DW$4:$GN$4,'Tray Sizing'!I$4,'MV Cable sizing-11kV'!$DW$85:$GN$85) -> 1550 | J20: =SUMIF('MV Cable sizing-11kV'!$DW$4:$GN$4,'Tray Sizing'!J$4,'MV Cable sizing-11kV'!$DW$85:$GN$85) -> 1336 | K20: =SUMIF('MV Cable sizing-11kV'!$DW$4:$GN$4,'Tray Sizing'!K$4,'MV Cable sizing-11kV'!$DW$85:$GN$85) -> 0 | L20: =SUMIF('MV Cable sizing-11kV'!$DW$4:$GN$4,'Tray Sizing'!L$4,'MV Cable sizing-11kV'!$DW$85:$GN$85) -> 0 | ... BA20: =SUMIF('MV Cable sizing-11kV'!$DW$4:$GN$4,'Tray Sizing'!BA$4,'MV Cable sizing-11kV'!$DW$85:$GN$85) -> 0
B22: Total Cable Tray Dia required with 20% Margin | E22: =E20*1.2 -> 0 | F22: =F20*1.2 -> 2374.8 | G22: =G20*1.2 -> 0 | H22: =H20*1.2 -> 0 | I22: =I20*1.2 -> 1860 | J22: =J20*1.2 -> 1603.2 | K22: =K20*1.2 -> 0 | L22: =L20*1.2 -> 0 | ... BA22: =BA20*1.2 -> 0
B27: 11kV Power Cables - Ladder Type Tray | C27: 600 | E27: =E22/$C$27 -> 0 | F27: =F22/$C$27 -> 3.958 | G27: =G22/$C$27 -> 0 | H27: =H22/$C$27 -> 0 | I27: =I22/$C$27 -> 3.1 | J27: =J22/$C$27 -> 2.672 | K27: =K22/$C$27 -> 0 | L27: =L22/$C$27 -> 0 | ... BA27: =BA22/$C$27 -> 0
E29: =ROUNDUP(E27,0) -> 0 | F29: =ROUNDUP(F27,0) -> 4 | G29: =ROUNDUP(G27,0) -> 0 | H29: =ROUNDUP(H27,0) -> 0 | I29: =ROUNDUP(I27,0) -> 4 | J29: 2 | K29: 0 | L29: 0 | M29: 0 | N29: 2 | O29: 0 | P29: 1 | Q29: =ROUNDUP(Q27,0) -> 2 | R29: 0 | S29: 0 | T29: 0 | U29: 0 | V29: 1 | W29: 1 | X29: =ROUNDUP(X27,0) -> 0 | Y29: =ROUNDUP(Y27,0) -> 0 | Z29: =ROUNDUP(Z27,0) -> 0 | AA29: =ROUNDUP(AA27,0) -> 0 | AB29: 0 | AC29: =ROUNDUP(AC27,0) -> 2 | AD29: 0 | AE29: =ROUNDUP(AE27,0) -> 0 | AF29: 0 | AG29: 0 | AH29: 0 | AI29: =ROUNDUP(AI27,0) -> 0 | AJ29: =ROUNDUP(AJ27,0) -> 0 | AK29: =ROUNDUP(AK27,0) -> 0 | AL29: =ROUNDUP(AL27,0) -> 0 | AM29: =ROUNDUP(AM27,0) -> 0 | AN29: =ROUNDUP(AN27,0) -> 0 | AO29: =ROUNDUP(AO27,0) -> 0 | AP29: =ROUNDUP(AP27,0) -> 0 | ... AR29: =ROUNDUP(AR27,0) -> 0 | AS29: 0 | AT29: =ROUNDUP(AT27,0) -> 0 | AU29: 0 | AV29: =ROUNDUP(AV27,0) -> 0 | AW29: 0 | AX29: 0 | AY29: 0 | AZ29: =ROUNDUP(AZ27,0) -> 0 | BA29: =ROUNDUP(BA27,0) -> 0
C31: 450 | R31: =ROUNDUP(R27,0) -> 1 | AB31: =ROUNDUP(AB27,0) -> 1 | AD31: =ROUNDUP(AD27,0) -> 1 | AS31: =ROUNDUP(AS27,0) -> 1
C33: 300 | J33: 1 | K33: =ROUNDUP(K27,0) -> 0 | L33: =ROUNDUP(L27,0) -> 0 | M33: =ROUNDUP(M27,0) -> 0 | N33: 1 | O33: =ROUNDUP(O27,0) -> 0 | P33: 1 | S33: =ROUNDUP(S27,0) -> 1 | T33: =ROUNDUP(T27,0) -> 1 | U33: =ROUNDUP(U27,0) -> 0 | AF33: =ROUNDUP(AF27,0) -> 0 | AG33: =ROUNDUP(AG27,0) -> 0 | AH33: =ROUNDUP(AH27,0) -> 1 | AU33: =ROUNDUP(AU27,0) -> 1 | AW33: =ROUNDUP(AW27,0) -> 1 | AX33: =ROUNDUP(AX27,0) -> 1 | AY33: =ROUNDUP(AY27,0) -> 0
B35: LV Power Cable Trays
B36: LV Cable sizing_SS-1_Power Cables | E36: =SUMIF('LV Cable sizing_SS-1'!$DW$4:$FO$4,'Tray Sizing'!E$4,'LV Cable sizing_SS-1'!$DW$448:$FO$448) -> 719 | F36: =SUMIF('LV Cable sizing_SS-1'!$DW$4:$FO$4,'Tray Sizing'!F$4,'LV Cable sizing_SS-1'!$DW$448:$FO$448) -> #N/A | G36: =SUMIF('LV Cable sizing_SS-1'!$DW$4:$FO$4,'Tray Sizing'!G$4,'LV Cable sizing_SS-1'!$DW$448:$FO$448) -> #N/A | H36: =SUMIF('LV Cable sizing_SS-1'!$DW$4:$FO$4,'Tray Sizing'!H$4,'LV Cable sizing_SS-1'!$DW$448:$FO$448) -> 697 | I36: =SUMIF('LV Cable sizing_SS-1'!$DW$4:$FO$4,'Tray Sizing'!I$4,'LV Cable sizing_SS-1'!$DW$448:$FO$448) -> 3779 | J36: =SUMIF('LV Cable sizing_SS-1'!$DW$4:$FO$4,'Tray Sizing'!J$4,'LV Cable sizing_SS-1'!$DW$448:$FO$448) -> 3584 | K36: =SUMIF('LV Cable sizing_SS-1'!$DW$4:$FO$4,'Tray Sizing'!K$4,'LV Cable sizing_SS-1'!$DW$448:$FO$448) -> 95 | L36: =SUMIF('LV Cable sizing_SS-1'!$DW$4:$FO$4,'Tray Sizing'!L$4,'LV Cable sizing_SS-1'!$DW$448:$FO$448) -> 21 | ... BA36: =SUMIF('LV Cable sizing_SS-1'!$DW$4:$FO$4,'Tray Sizing'!BA$4,'LV Cable sizing_SS-1'!$DW$448:$FO$448) -> 0
B38: LV Cable sizing_SS-2_Power Cables | E38: =SUMIF('LV Cable sizing_SS-2'!$DW$4:$FZ$4,'Tray Sizing'!E$4,'LV Cable sizing_SS-2'!$DW$283:$FZ$283) -> 0 | F38: =SUMIF('LV Cable sizing_SS-2'!$DW$4:$FZ$4,'Tray Sizing'!F$4,'LV Cable sizing_SS-2'!$DW$283:$FZ$283) -> 0 | G38: =SUMIF('LV Cable sizing_SS-2'!$DW$4:$FZ$4,'Tray Sizing'!G$4,'LV Cable sizing_SS-2'!$DW$283:$FZ$283) -> 0 | H38: =SUMIF('LV Cable sizing_SS-2'!$DW$4:$FZ$4,'Tray Sizing'!H$4,'LV Cable sizing_SS-2'!$DW$283:$FZ$283) -> 0 | I38: =SUMIF('LV Cable sizing_SS-2'!$DW$4:$FZ$4,'Tray Sizing'!I$4,'LV Cable sizing_SS-2'!$DW$283:$FZ$283) -> 0 | J38: =SUMIF('LV Cable sizing_SS-2'!$DW$4:$FZ$4,'Tray Sizing'!J$4,'LV Cable sizing_SS-2'!$DW$283:$FZ$283) -> 0 | K38: =SUMIF('LV Cable sizing_SS-2'!$DW$4:$FZ$4,'Tray Sizing'!K$4,'LV Cable sizing_SS-2'!$DW$283:$FZ$283) -> 0 | L38: =SUMIF('LV Cable sizing_SS-2'!$DW$4:$FZ$4,'Tray Sizing'!L$4,'LV Cable sizing_SS-2'!$DW$283:$FZ$283) -> 0 | ... BA38: =SUMIF('LV Cable sizing_SS-2'!$DW$4:$FZ$4,'Tray Sizing'!BA$4,'LV Cable sizing_SS-2'!$DW$283:$FZ$283) -> 0
B40: LV Cable sizing_SS-3_Power Cables | E40: =SUMIF('LV Cable sizing_SS-3'!$DW$4:$FZ$4,'Tray Sizing'!E$4,'LV Cable sizing_SS-3'!$DW$102:$FZ$102) -> 0 | F40: =SUMIF('LV Cable sizing_SS-3'!$DW$4:$FZ$4,'Tray Sizing'!F$4,'LV Cable sizing_SS-3'!$DW$102:$FZ$102) -> 0 | G40: =SUMIF('LV Cable sizing_SS-3'!$DW$4:$FZ$4,'Tray Sizing'!G$4,'LV Cable sizing_SS-3'!$DW$102:$FZ$102) -> 0 | H40: =SUMIF('LV Cable sizing_SS-3'!$DW$4:$FZ$4,'Tray Sizing'!H$4,'LV Cable sizing_SS-3'!$DW$102:$FZ$102) -> 0 | I40: =SUMIF('LV Cable sizing_SS-3'!$DW$4:$FZ$4,'Tray Sizing'!I$4,'LV Cable sizing_SS-3'!$DW$102:$FZ$102) -> 0 | J40: =SUMIF('LV Cable sizing_SS-3'!$DW$4:$FZ$4,'Tray Sizing'!J$4,'LV Cable sizing_SS-3'!$DW$102:$FZ$102) -> 0 | K40: =SUMIF('LV Cable sizing_SS-3'!$DW$4:$FZ$4,'Tray Sizing'!K$4,'LV Cable sizing_SS-3'!$DW$102:$FZ$102) -> 0 | L40: =SUMIF('LV Cable sizing_SS-3'!$DW$4:$FZ$4,'Tray Sizing'!L$4,'LV Cable sizing_SS-3'!$DW$102:$FZ$102) -> 0 | ... BA40: =SUMIF('LV Cable sizing_SS-3'!$DW$4:$FZ$4,'Tray Sizing'!BA$4,'LV Cable sizing_SS-3'!$DW$102:$FZ$102) -> 0
B42: LV Cable sizing_SS-4_Power Cables | E42: =SUMIF(#REF!,'Tray Sizing'!E$4,#REF!) -> #REF! | F42: =SUMIF(#REF!,'Tray Sizing'!F$4,#REF!) -> #REF! | G42: =SUMIF(#REF!,'Tray Sizing'!G$4,#REF!) -> #REF! | H42: =SUMIF(#REF!,'Tray Sizing'!H$4,#REF!) -> #REF! | I42: =SUMIF(#REF!,'Tray Sizing'!I$4,#REF!) -> #REF! | J42: =SUMIF(#REF!,'Tray Sizing'!J$4,#REF!) -> #REF! | K42: =SUMIF(#REF!,'Tray Sizing'!K$4,#REF!) -> #REF! | L42: =SUMIF(#REF!,'Tray Sizing'!L$4,#REF!) -> #REF! | ... BA42: =SUMIF(#REF!,'Tray Sizing'!BA$4,#REF!) -> #REF!
B44: LV Cable sizing_SS-5_Power Cables
B46: LV Cable sizing_SS-6_Power Cables
B48: Total Cable Tray Dia required for LV power Cable | E48: =SUM(E36:E47) -> #REF! | F48: =SUM(F36:F47) -> #N/A | G48: =SUM(G36:G47) -> #N/A | H48: =SUM(H36:H47) -> #REF! | I48: =SUM(I36:I47) -> #REF! | J48: =SUM(J36:J47) -> #REF! | K48: =SUM(K36:K47) -> #REF! | L48: =SUM(L36:L47) -> #REF! | ... BA48: =SUM(BA36:BA47) -> #REF!
B50: Total Cable Tray Dia required with 20% Margin | E50: =E48*1.2 -> #REF! | F50: =F48*1.2 -> #N/A | G50: =G48*1.2 -> #N/A | H50: =H48*1.2 -> #REF! | I50: =I48*1.2 -> #REF! | J50: =J48*1.2 -> #REF! | K50: =K48*1.2 -> #REF! | L50: =L48*1.2 -> #REF! | ... BA50: =BA48*1.2 -> #REF!
B52: LV Power Cables - Ladder Type Tray | C52: 600 | E52: =E50/$C$52 -> #REF! | F52: =F50/$C$52 -> #N/A | G52: =G50/$C$52 -> #N/A | H52: =H50/$C$52 -> #REF! | I52: =I50/$C$52 -> #REF! | J52: =J50/$C$52 -> #REF! | K52: =K50/$C$52 -> #REF! | L52: =L50/$C$52 -> #REF! | ... BA52: =BA50/$C$52 -> #REF!
E54: =ROUNDUP(E52,0) -> #REF! | F54: 10 | G54: =ROUNDUP(G52,0) -> #N/A | H54: =ROUNDUP(H52,0) -> #REF! | I54: =ROUNDUP(I52,0) -> #REF! | J54: =ROUNDUP(J52,0) -> #REF! | K54: =ROUNDUP(K52,0) -> #REF! | L54: 0 | M54: =ROUNDUP(M52,0) -> #REF! | N54: =ROUNDUP(N52,0) -> #REF! | O54: =ROUNDUP(O52,0) -> #REF! | P54: 7 | Q54: 4 | R54: 3 | S54: 2 | T54: 1 | U54: 0 | V54: =ROUNDUP(V52,0) -> #REF! | W54: =ROUNDUP(W52,0) -> #REF! | X54: 1 | Y54: 0 | Z54: 1 | AA54: 0 | AB54: 1 | AC54: =ROUNDUP(AC52,0) -> #REF! | AD54: =ROUNDUP(AD52,0) -> #REF! | AE54: =ROUNDUP(AE52,0) -> #REF! | AF54: =ROUNDUP(AF52,0) -> #REF! | AG54: 0 | AH54: =ROUNDUP(AH52,0) -> #REF! | AI54: =ROUNDUP(AI52,0) -> #REF! | AJ54: =ROUNDUP(AJ52,0) -> #REF! | AK54: =ROUNDUP(AK52,0) -> #REF! | AL54: =ROUNDUP(AL52,0) -> #REF! | AM54: =ROUNDUP(AM52,0) -> #REF! | AN54: =ROUNDUP(AN52,0) -> #REF! | AO54: 0 | AP54: 0 | AQ54: 0 | AR54: =ROUNDUP(AR52,0) -> #REF! | AS54: 0 | AT54: 0 | AU54: 0 | AV54: 5 | AW54: 5 | AX54: 4 | AY54: =ROUNDUP(AY52,0) -> #REF! | AZ54: 2 | BA54: =ROUNDUP(BA52,0) -> #REF!
C56: 450 | Q56: 1 | U56: =ROUNDUP(U52,0) -> #REF! | AS56: =ROUNDUP(AS52,0) -> #REF!
C58: 300 | L58: =ROUNDUP(L52,0) -> #REF! | R58: 1 | S58: 1 | T58: 1 | X58: 1 | Y58: =ROUNDUP(Y52,0) -> #REF! | Z58: 1 | AA58: =ROUNDUP(AA52,0) -> #REF! | AB58: 1 | AG58: =ROUNDUP(AG52,0) -> #REF! | AO58: =ROUNDUP(AO52,0) -> #REF! | AP58: =ROUNDUP(AP52,0) -> #REF! | AQ58: =ROUNDUP(AQ52,0) -> #REF! | AT58: =ROUNDUP(AT52,0) -> #REF! | AU58: 1 | AX58: 1 | AZ58: 1
B60: LV Control Cables - Ladder Type Tray | C60: 600 | E60: 1 | F60: 1 | G60: 1 | H60: 1 | I60: 1 | J60: 1 | K60: 1 | L60: 1 | M60: 1 | N60: 1 | O60: 1 | P60: 1 | Q60: 1 | R60: 1 | S60: 1 | T60: 1 | U60: 0 | V60: 0 | W60: 1 | X60: 1 | Y60: 0 | Z60: 1 | AA60: 0 | AB60: 1 | AC60: 1 | AD60: 1 | AE60: 1 | AF60: 1 | AG60: 0 | AH60: 1 | AI60: 1 | AJ60: 1 | AK60: 1 | AL60: 1 | AM60: 1 | AN60: 1 | AO60: 0 | AP60: 0 | AQ60: 0 | AR60: 1 | AS60: 1 | AT60: 1 | AU60: 0 | AV60: 1 | AW60: 1 | AX60: 1 | AY60: 0 | AZ60: 0 | BA60: 0
C62: 450 | U62: 1
C64: 300 | V64: =ROUNDUP(V54,0) -> #REF! | Y64: =ROUNDUP(Y58,0) -> #REF! | AA64: =ROUNDUP(AA58,0) -> #REF! | AC64: =ROUNDUP(AC58,0) -> 0 | AD64: =ROUNDUP(AD58,0) -> 0 | AG64: =ROUNDUP(AG58,0) -> #REF! | AO64: 0 | AP64: =ROUNDUP(AP58,0) -> #REF! | AQ64: =ROUNDUP(AQ58,0) -> #REF! | AS64: 1 | AT64: =ROUNDUP(AT58,0) -> #REF! | AU64: =ROUNDUP(AU58,0) -> 1 | AV64: 1 | AW64: 1 | AX64: 1 | AY64: 0 | AZ64: 1 | BA64: 1
B67: Instrumentation Cable Trays | E67: 1 | F67: 3 | G67: 3 | H67: 14 | I67: 8 | J67: 4 | K67: 4 | L67: 4 | M67: 4 | N67: 4 | O67: 4 | P67: 4 | Q67: 4 | R67: 4 | S67: 4 | T67: 4 | U67: 4 | AO67: 2 | AP67: 2 | AR67: 2 | AS67: 2 | AT67: 1 | AU67: 2 | AV67: 2 | AW67: 2 | AX67: 2 | AY67: 1 | AZ67: 1 | BA67: 1
E69: 1 | F69: 2 | G69: 12 | H69: 2 | I69: 8 | J69: 4 | K69: 4 | L69: 4 | M69: 4 | N69: 4 | O69: 4 | P69: 4 | Q69: 4 | R69: 4 | S69: 4 | T69: 4 | U69: 4 | AO69: 2 | AP69: 2 | AR69: 2
B71: Instrumentation Cable Trays
B72: IS Cable Tray | C72: Total Cable Dia
C73: 600
C74: 450
C75: 300
B78: Non IS Cable Tray | C78: Total Cable Dia
C79: 600
C80: 450
C81: 300
B83: F&G Cable Tray | C83: Total Cable Dia
C84: 600
C85: 450
C86: 300
B88: FOC & Telecom Cable Tray | C88: Total Cable Dia
C89: 600
C90: 450
C91: 300
E95: =10+59+17.5+40+7 -> 133.5
E96: =10+59+17.5+40+10 -> 136.5
E97: =10+59+17.5+56+12+18 -> 172.5
E98: =10+59+17.5+56+47 -> 189.5
E99: =10+59+17.5+56+72 -> 214.5
E100: =10+59+17.5+56+55+7 -> 204.5
B126: SS-2 to Admin
B127: SS-2 to Canteen
B128: SS-2 to Fire room
B129: SS-2 to Store
B130: SS-2 to OHC
B131: SS-2 to Whorehouse

Sheet Catalogue Aluminium
B3: LV Cable Catalogue (KEC/RPG Make Catalogue Attached) | J3: DERATING FACTORS
B5: 1-core cable | G5: 0.6/1.0 kV
B7: Size in mm2 | C7: Current carrying capacity | F7: AC Resistance Ohm/km 90°C | G7: Reactance Ohm/km | H7: Cable Dia | I7: LV | J7: XLPE | K7: Ambient temperature (50°C) (K1) | L7: Grouping factor (K2) 4 trafoil groups, 6 tier trays with Touching | N7: Ground temperature (35°C) (K3) | O7: Depth of laying (900 mm) (K4) | Q7: Thermal resistivity of ground (1.2 K.m/W) (K5)
C8: Air | D8: Ground | E8: Duct | L8: Single core (Trefoil Formation with Touching) | M8: Multi core (Touching) | O8: Single core | P8: Multi core | Q8: Cable Size | R8: Single core | S8: Multi core
B9: 1C X 185 | C9: 370 | D9: 290 | E9: 224 | F9: 0.21 | G9: 0.0875 | H9: 26 | I9: 690/400V | J9: AIR | K9: 0.89 | L9: 0.81 | M9: 0.66 | N9: NA | O9: NA | P9: NA
B10: 1C X 240 | C10: 445 | D10: 340 | E10: 283 | F10: 0.16 | G10: 0.0866 | H10: 28 | J10: Duct | K10: NA | L10: 0.74 | M10: 0.71 | N10: 0.96 | O10: 0.98 | P10: 0.98 | Q10: 1.5 | R10: 1.09 | S10: 1.05
B11: 1C X 300 | C11: 514 | D11: 382 | E11: 317 | F11: 0.128 | G11: 0.0857 | H11: 31 | J11: Ground | K11: NA | L11: 0.61 | M11: 0.54 | N11: 0.96 | O11: 0.98 | P11: 0.98 | Q11: 2.5 | R11: 1.09 | S11: 1.05
B12: 1C X 400 | C12: 605 | D12: 437 | E12: 370 | F12: 0.1 | G12: 0.0855 | H12: 34 | J12: Trench with cover | K12: 0.89 | L12: 0.81 | M12: 0.66 | N12: NA | O12: NA | P12: NA | Q12: 4 | R12: 1.09 | S12: 1.05 | AA12: 0.76
B13: 1C X 500 | C13: 704 | D13: 500 | E13: 428 | F13: 0.0774 | G13: 0.0851 | H13: 38 | Q13: 6 | R13: 1.09 | S13: 1.05
B14: 1C X 630 | C14: 822 | D14: 565 | E14: 464 | F14: 0.06 | G14: 0.0843 | H14: 42 | Q14: 10 | R14: 1.09 | S14: 1.06
Q15: 16 | R15: 1.09 | S15: 1.06
B16: 2-core cable | G16: 0.6/1.0 kV | Q16: 25 | R16: 1.09 | S16: 1.08
B17: Size in mm2 | C17: Current carrying capacity | F17: AC Resistance Ohm/km 90°C | G17: Reactance Ohm/km | H17: Cable Dia | Q17: 35 | R17: 1.09 | S17: 1.08
C18: Air | D18: Ground | E18: Duct | Q18: 50 | R18: 1.09 | S18: 1.08
B19: 2C X 1.5 | C19: 29 | D19: 33 | E19: 29 | F19: 15.5 | G19: 0.108 | H19: 12 | Q19: 70 | R19: 1.1 | S19: 1.08
B20: 2C X 2.5 | C20: 39 | D20: 43 | E20: 37 | F20: 9.48 | G20: 0.1007 | H20: 13 | Q20: 95 | R20: 1.1 | S20: 1.08
B21: 2C X 4 | C21: 48 | D21: 54 | E21: 46 | F21: 5.9 | G21: 0.0947 | H21: 14 | Q21: 120 | R21: 1.1 | S21: 1.08
B22: 2C X 6 | C22: 59 | D22: 66 | E22: 58 | F22: 3.94 | G22: 0.0902 | H22: 15 | Q22: 150 | R22: 1.1 | S22: 1.09
B23: 2C X 10 | C23: 62 | D23: 70 | E23: 57 | F23: 3.94 | G23: 0.0852 | H23: 17 | Q23: 185 | R23: 1.1 | S23: 1.09
B24: 2C X 16 | C24: 79 | D24: 90 | E24: 75 | F24: 2.44 | G24: 0.0815 | H24: 18 | Q24: 240 | R24: 1.1 | S24: 1.09
B25: 2C X 25 | C25: 108 | D25: 117 | E25: 99 | F25: 1.54 | G25: 0.0816 | H25: 20 | Q25: 300 | R25: 1.1 | S25: 1.09
B26: 2C X 35 | C26: 143 | D26: 140 | E26: 117 | F26: 1.11 | G26: 0.0794 | H26: 21 | Q26: 400 | R26: 1.11 | S26: 1.1
B27: 2C X 50 | C27: 173 | D27: 168 | E27: 143 | F27: 0.82 | G27: 0.0792 | H27: 24 | Q27: 500 | R27: 1.11 | S27: 1.1
B28: 2C X 70 | C28: 212 | D28: 202 | E28: 177 | F28: 0.567 | G28: 0.0752 | H28: 27 | Q28: 630 | R28: 1.11 | S28: 1.1
B29: 2C X 95 | C29: 257 | D29: 243 | E29: 217 | F29: 0.41 | G29: 0.0734 | H29: 30
B30: 2C X 120 | C30: 295 | D30: 273 | E30: 247 | F30: 0.324 | G30: 0.0726 | H30: 32
B31: 2C X 150 | C31: 342 | D31: 310 | E31: 305 | F31: 0.264 | G31: 0.0732 | H31: 35
B32: 2C X 185 | C32: 395 | D32: 350 | E32: 345 | F32: 0.21 | G32: 0.0727 | H32: 39
B33: 2C X 240 | C33: 465 | D33: 401 | E33: 393 | F33: 0.16 | G33: 0.0719 | H33: 44
B34: 2C X 300 | C34: 532 | D34: 458 | E34: 453 | F34: 0.128 | G34: 0.0711 | H34: 48
B35: 2C X 400 | C35: 622 | D35: 505 | E35: 553 | F35: 0.1 | G35: 0.0705 | H35: 54
B37: 3-core cable | G37: 0.6/1.0 kV
B38: Size in mm2 | C38: Current carrying capacity | F38: AC Resistance Ohm/km 90°C | G38: Reactance Ohm/km | H38: Cable Dia
C39: Air | D39: Ground | E39: Duct
B40: 3C X 1.5 | C40: 22 | D40: 25 | E40: 22 | F40: 15.5 | G40: 0.108 | H40: 13 | AA40: 13.2
B41: 3C X 2.5 | C41: 28 | D41: 34 | E41: 28 | F41: 9.48 | G41: 0.1007 | H41: 14 | AA41: 16.8
B42: 3C X 4 | C42: 38 | D42: 44 | E42: 37 | F42: 5.9 | G42: 0.0947 | H42: 15 | AA42: 22.8
B43: 3C X 6 | C43: 51 | D43: 55 | E43: 46 | F43: 3.94 | G43: 0.0902 | H43: 16 | AA43: 30.6
B44: 3C X 10 | C44: 60 | D44: 57 | E44: 48 | F44: 3.94 | G44: 0.0852 | H44: 19 | AA44: 36
B45: 3C X 16 | C45: 70 | D45: 73 | E45: 61 | F45: 2.44 | G45: 0.0815 | H45: 19 | AA45: 42
B46: 3C X 25 | C46: 95 | D46: 96 | E46: 80 | F46: 1.54 | G46: 0.0816 | H46: 21 | AA46: 57
B47: 3C X 35 | C47: 117 | D47: 115 | E47: 96 | F47: 1.11 | G47: 0.0794 | H47: 23 | AA47: 70.2
B48: 3C X 50 | C48: 141 | D48: 134 | E48: 116 | F48: 0.82 | G48: 0.0792 | H48: 26 | AA48: 84.6
B49: 3C X 70 | C49: 177 | D49: 165 | E49: 141 | F49: 0.567 | G49: 0.0752 | H49: 30 | AA49: 106.2
B50: 3C X 95 | C50: 221 | D50: 198 | E50: 168 | F50: 0.41 | G50: 0.0734 | H50: 33 | AA50: 132.6
B51: 3C X 120 | C51: 257 | D51: 225 | E51: 189 | F51: 0.324 | G51: 0.0726 | H51: 35 | AA51: 154.2
... B56: 3C X 400 | C56: 536 | D56: 423 | E56: 282 | F56: 0.1 | G56: 0.0705 | H56: 59 | AA56: 321.6
B58: 4-core cable | G58: 0.6/1.0 kV
B59: Size in mm2 | C59: Current carrying capacity | F59: AC Resistance Ohm/km 90°C | G59: Reactance Ohm/km | H59: Cable Dia
C60: Air | D60: Ground | E60: Duct
B61: 4C X 1.5 | C61: 22 | D61: 25 | E61: 22 | F61: 15.5 | G61: 0.108 | H61: 13
B62: 4C X 2.5 | C62: 28 | D62: 34 | E62: 28 | F62: 9.48 | G62: 0.1007 | H62: 15
B63: 4C X 4 | C63: 38 | D63: 44 | E63: 37 | F63: 5.9 | G63: 0.0947 | H63: 16
B64: 4C X 6 | C64: 51 | D64: 55 | E64: 46 | F64: 3.94 | G64: 0.0902 | H64: 18
B65: 4C X 10 | C65: 60 | D65: 57 | E65: 48 | F65: 3.94 | G65: 0.0852 | H65: 20
B66: 4C X 16 | C66: 70 | D66: 73 | E66: 61 | F66: 2.44 | G66: 0.0815 | H66: 21
B67: 3.5C X 25 | C67: 95 | D67: 96 | E67: 80 | F67: 1.54 | G67: 0.0816 | H67: 25
B68: 3.5C X 35 | C68: 117 | D68: 115 | E68: 96 | F68: 1.11 | G68: 0.0794 | H68: 27
B69: 3.5C X 50 | C69: 141 | D69: 134 | E69: 116 | F69: 0.82 | G69: 0.0792 | H69: 30
B70: 3.5C X 70 | C70: 177 | D70: 165 | E70: 141 | F70: 0.567 | G70: 0.0752 | H70: 36
B71: 3.5C X 95 | C71: 221 | D71: 198 | E71: 168 | F71: 0.41 | G71: 0.0734 | H71: 39
B72: 3.5C X 120 | C72: 257 | D72: 225 | E72: 189 | F72: 0.324 | G72: 0.0726 | H72: 43
... B77: 3.5C X 400 | C77: 536 | D77: 423 | E77: 282 | F77: 0.1 | G77: 0.0705 | H77: 72
B79: 5-Core Cable | G79: 0.6/1.0 kV
B80: Size in mm2 | C80: Current carrying capacity | F80: AC Resistance Ohm/km 90°C | G80: Reactance Ohm/km | H80: Cable Dia
C81: Air | D81: Ground | E81: Duct
B82: 5C X 1.5 | C82: 22 | D82: 25 | E82: 22 | F82: 15.5 | G82: 0.108 | H82: 13
B83: 5C X 2.5 | C83: 28 | D83: 34 | E83: 28 | F83: 9.48 | G83: 0.1007 | H83: 15
B84: 5C X 4 | C84: 38 | D84: 44 | E84: 37 | F84: 5.9 | G84: 0.0947 | H84: 16
B85: 5C X 6 | C85: 51 | D85: 55 | E85: 46 | F85: 3.94 | G85: 0.0902 | H85: 18
B86: 5C X 10 | C86: 60 | D86: 57 | E86: 48 | F86: 3.94 | G86: 0.0852 | H86: 20
B87: 5C X 16 | C87: 70 | D87: 73 | E87: 61 | F87: 2.44 | G87: 0.0815 | H87: 20
B88: 5C X 25 | C88: 95 | D88: 96 | E88: 80 | F88: 1.54 | G88: 0.0816 | H88: 24
B89: 5C X 35 | C89: 117 | D89: 115 | E89: 96 | F89: 1.11 | G89: 0.0794 | H89: 26
B90: 5C X 50 | C90: 141 | D90: 134 | E90: 116 | F90: 0.82 | G90: 0.0792 | H90: 29
B91: 5C X 70 | C91: 177 | D91: 165 | E91: 141 | F91: 0.567 | G91: 0.0752 | H91: 33
B95: MV Cable Catalogue (KEC/RPG Make Catalogue Attached)
B97: Single core cable | F97: 3.8/6.6 kV
B99: Size in mm2 | C99: Current carrying capacity | F99: Approx. A.C. Resistance at 90°C Ohm/km | G99: Approx. Reactance Ohm/km | H99: Nominal Dia | I99: MV | J99: XLPE | K99: Ambient temperature (50°C) (K1) | L99: Grouping factor (K2) Duct Spacing (3 cables) 200mm Centre to Centre & 3 tier trays with spacing | N99: Ground temperature (35°C) (K3) | O99: Depth of laying (1200 mm) (K4) | Q99: Thermal resistivity of ground buried in Duct (1.2 K.m/W) (K5)
C100: Air (Trefoil) | D100: Ground (Trefoil) | E100: Duct (Trefoil) | L100: Single core (Trefoil Formation with 150mm spacing) | M100: Multi core (Touching) | O100: Single core | P100: Multi core | Q100: Cable Size | R100: Single core | S100: Multi core
B101: 1C X 70 | C101: 230 | D101: 186 | E101: 176 | F101: 0.568 | G101: 0.125 | H101: 26 | I101: 6600V | J101: AIR | K101: 0.91 | L101: 0.9 | M101: 0.73 | N101: NA | O101: NA | P101: NA
B102: 1C X 95 | C102: 280 | D102: 221 | E102: 210 | F102: 0.411 | G102: 0.12 | H102: 27 | J102: Duct | K102: NA | L102: 0.64 | M102: 0.8 | N102: 0.89 | O102: 0.95 | P102: 0.97 | Q102: 120 | R102: 1.09 | S102: 1.05
B103: 1C X 120 | C103: 324 | D103: 252 | E103: 240 | F103: 0.325 | G103: 0.115 | H103: 29 | J103: Ground | K103: NA | L103: 0.64 | M103: 0.8 | N103: 0.89 | O103: 0.95 | P103: 0.96 | Q103: 150 | R103: 1.09 | S103: 1.05
B104: 1C X 150 | C104: 368 | D104: 281 | E104: 267 | F104: 0.265 | G104: 0.114 | H104: 30 | J104: Trench with cover | K104: 0.91 | L104: 0.9 | M104: 0.73 | N104: NA | O104: NA | P104: NA | Q104: 185 | R104: 1.09 | S104: 1.05
B105: 1C X 185 | C105: 424 | D105: 317 | E105: 303 | F105: 0.211 | G105: 0.109 | H105: 33 | Q105: 240 | R105: 1.09 | S105: 1.05
B106: 1C X 240 | C106: 502 | D106: 367 | E106: 350 | F106: 0.161 | G106: 0.105 | H106: 35 | Q106: 300 | R106: 1.09 | S106: 1.05
B107: 1C X 300 | C107: 577 | D107: 414 | E107: 397 | F107: 0.13 | G107: 0.102 | H107: 38 | Q107: 400 | R107: 1.09 | S107: 1.05
B108: 1C X 400 | C108: 673 | D108: 470 | E108: 451 | F108: 0.102 | G108: 0.098 | H108: 41 | Q108: 500 | R108: 1.09 | S108: 1.05
B109: 1C X 500 | C109: 757 | D109: 519 | E109: 493 | F109: 0.08 | G109: 0.096 | H109: 46 | Q109: 630 | R109: 1.09 | S109: 1.05
B110: 1C X 630 | C110: 876 | D110: 586 | E110: 557 | F110: 0.063 | G110: 0.094 | H110: 50
B111: 1C X 800 | C111: 1005 | D111: 655 | E111: 622 | F111: 0.051 | G111: 0.09 | H111: 54
B112: 1C X 1000 | C112: 1138 | D112: 723 | E112: 687 | F112: 0.043 | G112: 0.088 | H112: 58
B116: Three core cable | F116: 3.8/6.6 kV
B117: Size in mm2 | C117: Current carrying capacity | F117: Approx. A.C. Resistance at 90°C Ohm/km | G117: Approx. Reactance Ohm/km | H117: Nominal Dia
C118: Air | D118: Ground | E118: Duct
B119: 3C X 70 | C119: 196 | D119: 171 | E119: 150 | F119: 0.568 | G119: 0.097 | H119: 49
B120: 3C X 95 | C120: 238 | D120: 24 | E120: 180 | F120: 0.411 | G120: 0.093 | H120: 52
B121: 3C X 120 | C121: 274 | D121: 232 | E121: 206 | F121: 0.325 | G121: 0.09 | H121: 56
B122: 3C X 150 | C122: 309 | D122: 259 | E122: 231 | F122: 0.265 | G122: 0.088 | H122: 58
B123: 3C X 185 | C123: 354 | D123: 293 | E123: 262 | F123: 0.211 | G123: 0.085 | H123: 63
...

Sheet MV Cable sizing-11kV
A2: MV (11kV) POWER CABLE SIZING
A3: Sl. No | D3: LOAD | Q3: SHORT CIRCUIT CURRENT WITHSTAND CAPABILITY | T3: CABLE DATA | AI3: DERATING FACTOR | AO3: CURRENT CARRYING CAPACITY | AR3: RUNNING CONDITION VOLTAGE DROP | AT3: MOTOR STARTING VOLTAGE DROP | AV3: Selected Cable Size
B4: Tag No. | C4: From | D4: Description | E4: Equipment Location | F4: BUS | G4: Type of feeder | H4: Rated power | I4: UNIT (kW / kVA) | J4: 3Phase / 1Phase | K4: Rated Voltage (V) | L4: Power factor | M4: Efficiency | N4: Rated full load current | O4: Motor starting current | P4: Motor starting power factor | Q4: Short circuit current of switchboard (kA) | R4: Short circuit current withstand duration (sec) | S4: Minimum size required for Short circuit withstand capacity (Sq.mm) | T4: Installation | U4: No. of Cores | V4: Size in (Sq.mm) | W4: Cable size | X4: Cable size With (PE) Core | Y4: Cable Voltage (kV) | Z4: Current Rating of the Cable (A) | AA4: Cable resistance at 90°C (Ohm / Ph / km) | AB4: Cable reactance at 50Hz (Ohm / Ph / km) | AC4: Cable Length with in Electrical Building (m) | AD4: Cable Length from Electrical Building to Equipment (m) | AE4: Cable length Riser & Dropper (m) | AF4: Cable length both side dropping & Termination (m) | AG4: Spare 10% | AH4: Cable length for each run (m) | AI4: Ambient temperature (K1) | AJ4: Grouping factor (K2) | AK4: Ground temperature (K3) | AL4: Depth of laying (K4) | AM4: Thermal resistivity of ground (K5) | AN4: Overall derating factor | AO4: Derated current carrying capacity (A) | AP4: No. of Runs | AQ4: Derated current > Rated current | AR4: % VOLTAGE DROP DURING RUNNING CONDITION | AS4: % VOLTAGE DROP WITHIN PERMISSIBLE LIMIT (YES/NO) | AT4: % VOLTAGE DROP DURING STARTING CONDITION | AU4: % VOLTAGE DROP WITHIN PERMISSIBLE LIMIT DURING STARTING CONDITION (YES/NO) | AV4: Selected cable size | AW4: Selected cable size | AX4: Total Cable Length in meters | AY4: Remarks | AZ4: No. of End Termination | BA4: Cable Route(Sections) | BB4: Dia of the conductor (mm) | BC4: Total Dia of the conductor (mm) | BE4: A1 | BF4: A | BG4: B | BH4: B1 | BI4: C | BJ4: D | BK4: D1 | BL4: D2 | BM4: D3 | BN4: E | BO4: E0 | BP4: E1 | BQ4: E2 | BR4: E3 | BS4: E4 | BT4: E5 | BU4: E6 | BV4: F | BW4: G | BX4: H | BY4: H1 | BZ4: I | CA4: I1 | CB4: I2 | CC4: IA | CD4: J | CE4: K | CF4: L | CG4: L1 | CH4: L2 | CI4: L3 | CJ4: L4 | CK4: L5 | CL4: L6 | CM4: L7 | CN4: L8 | CO4: L9 | CP4: M | CQ4: M1 | CR4: N | CS4: N1 | CT4: N2 | CU4: O | CV4: O1 | CW4: P | CX4: Q | CY4: Q1 | CZ4: Q2 | DA4: Q3 | DB4: Q4 | DC4: Q5 | DD4: Q6 | DE4: Q7 | DF4: Q8 | DG4: R | DH4: R1 | DI4: R2 | DJ4: R1.A | DK4: R2.A | DL4: S | DM4: S.A | DN4: S.B | DO4: S1 | DP4: S1.A | DQ4: T | DR4: T1 | DS4: TA | DT4: T1.A | DU4: U | DW4: A1 | DX4: A | DY4: B | DZ4: B1 | EA4: C | EB4: D | EC4: D1 | ED4: D2 | EE4: D3 | EF4: E | EG4: E0 | EH4: E1 | EI4: E2 | EJ4: E3 | EK4: E4 | EL4: E5 | EM4: E6 | EN4: F | EO4: G | EP4: H | EQ4: H1 | ER4: I | ES4: I1 | ET4: I2 | EU4: IA | EV4: J | EW4: K | EX4: L | EY4: L1 | EZ4: L2 | FA4: L3 | FB4: L4 | FC4: L5 | FD4: L6 | FE4: L7 | FF4: L8 | FG4: L9 | FH4: M | FI4: M1 | FJ4: N | FK4: N1 | FL4: N2 | FM4: O | FN4: O1 | FO4: P | FP4: Q | FQ4: Q1 | FR4: Q2 | FS4: Q3 | FT4: Q4 | FU4: Q5 | FV4: Q6 | FW4: Q7 | FX4: Q8 | FY4: R | FZ4: R1 | GA4: R2 | GB4: R1.A | GC4: R2.A | GD4: S | GE4: S.A | GF4: S.B | GG4: S1 | GH4: S1.A | GI4: T | GJ4: T1 | GK4: TA | GL4: T1.A | GM4: U
D5: MAIN SUBSTATION | G5: VFD | AO5: A
D6: 11kV MV Switchgear-1 | DW6: =IF(BE6=1,($BC6*BE6),0) -> 0 | DX6: =IF(BF6=1,($BC6*BF6),0) -> 0 | DY6: =IF(BG6=1,($BC6*BG6),0) -> 0 | DZ6: =IF(BH6=1,($BC6*BH6),0) -> 0 | EA6: =IF(BI6=1,($BC6*BI6),0) -> 0 | EB6: =IF(BJ6=1,($BC6*BJ6),0) -> 0 | EC6: =IF(BK6=1,($BC6*BK6),0) -> 0 | ED6: =IF(BL6=1,($BC6*BL6),0) -> 0 | ... GM6: =IF(DU6=1,($BC6*DU6),0) -> 0
A7: =A87+1 -> 1 | B7: 1401-B102 | C7: =$D$6 -> 11kV MV Switchgear-1 | D7: START-UP HEATER | E7: AMMONIA PLANT | F7: B | G7: POWER | H7: 3200 | I7: kW | J7: 3Ph | K7: 11000 | L7: 0.85 | M7: 0.95 | N7: =IF(I7="kVA",IF(J7="3Ph",(H7*1000/(1.732*M7*K7)),(H7*1000/(M7*K7))),IF(I7="kW",IF(J7="3Ph",(H7*1000/(1.732*M7*K7*L7)),(H7*1000/(M7*K7*L7))))) -> 208.0017 | O7: =IF(G7="MOTOR",(6*N7),IF(G7="VFD",(1*N7),0)) -> 0 | P7: =IF(G7="MOTOR",0.2,"0.00") -> 0.00 | Q7: 31.5 | R7: 0.16 | S7: =(Q7*1000*SQRT(R7)/94) -> 134.04255 | T7: AIR | U7: 3C | V7: 150 | W7: =CONCATENATE(U7," X ",V7) -> 3C X 150 | X7: =(IF(J7="1Ph",W7,IF(J7="3Ph",(IF(G7="MOTOR",(CONCATENATE(W7,"+PE")),W7))))) -> 3C X 150 | Y7: 6/10(12) | Z7: =IF(T7="AIR",VLOOKUP(W7,'Catalogue Aluminium'!$B$141:$G$173,2,FALSE),IF(T7="GROUND",VLOOKUP(W7,'Catalogue Aluminium'!$B$141:$G$173,3,FALSE),IF(T7="DUCT",VLOOKUP(W7,'Catalogue Aluminium'!$B$141:$G$173,4,FALSE),IF(T7="TRENCH",VLOOKUP(W7,'Catalogue Aluminium'!$B$141:$G$173,2,FALSE))))) -> 309 | AA7: =VLOOKUP(W7,'Catalogue Aluminium'!$B$141:$G$173,5,FALSE) -> 0.265 | AB7: =VLOOKUP(W7,'Catalogue Aluminium'!$B$141:$G$173,6,FALSE) -> 0.093 | AC7: =37+30 -> 67 | AD7: =40+50+38+50+17+(27+77) -> 299 | AE7: =11+8+8+11 -> 38 | AF7: =5+5 -> 10 | AG7: =ROUNDUP(SUM(AC7:AF7)*0.1,0) -> 42 | AH7: =CEILING(SUM(AC7:AG7),10) -> 460 | AI7: =IF(T7="AIR",'Catalogue Aluminium'!$K$141,IF(T7="TRENCH",'Catalogue Aluminium'!$K$144,"NA")) -> 0.82 | AJ7: =IF(T7="Air",(IF(U7="1C",'Catalogue Aluminium'!$L$141,'Catalogue Aluminium'!$M$141)),IF(T7="DUCT",(IF($U7="1C",'Catalogue Aluminium'!$L$142,'Catalogue Aluminium'!$M$142)),IF(T7="GROUND",(IF($U7="1C",'Catalogue Aluminium'!$L$143,'Catalogue Aluminium'!$M$143)),IF(T7="TRENCH",(IF($U7="1C",'Catalogue Aluminium'!$L$144,'Catalogue Aluminium'!$M$144)))))) -> 0.73 | AK7: =IF(T7="Air",'Catalogue Aluminium'!$N$141,IF(T7="GROUND",'Catalogue Aluminium'!$N$142,IF(T7="DUCT",'Catalogue Aluminium'!$N$143,IF(T7="TRENCH",'Catalogue Aluminium'!$N$144,"NA")))) -> NA | AL7: =IF(T7="Air",(IF(U7="1C",'Catalogue Aluminium'!$O$141,'Catalogue Aluminium'!$P$141)),IF(T7="DUCT",(IF($U7="1C",'Catalogue Aluminium'!$O$142,'Catalogue Aluminium'!$P$142)),IF(T7="GROUND",(IF($U7="1C",'Catalogue Aluminium'!$O$143,'Catalogue Aluminium'!$P$143)),IF(T7="TRENCH",(IF($U7="1C",'Catalogue Aluminium'!$O$144,'Catalogue Aluminium'!$P$144)))))) -> NA | AM7: =IF(T7="AIR","NA",IF(T7="TRENCH","NA",IF(T7="DUCT",IF(U7="1C",VLOOKUP(V7,'Catalogue Aluminium'!$Q$142:$S$153,2,FALSE),VLOOKUP(V7,'Catalogue Aluminium'!$Q$142:$S$153,3)),IF(T7="GROUND",IF(U7="1C",VLOOKUP(V7,'Catalogue Aluminium'!$Q$142:$S$153,2,FALSE),VLOOKUP(V7,'Catalogue Aluminium'!$Q$142:$S$153,3)))))) -> NA | AN7: =IF(T7="AIR",AI7*AJ7,IF(T7="TRENCH",AI7*AJ7,IF(T7="DUCT",AJ7*AK7*AL7*AM7,IF(T7="GROUND",AJ7*AK7*AL7*AM7)))) -> 0.5986 | AO7: =Z7*AN7 -> 184.9674 | AP7: =CEILING(((N7)/AO7),1) -> 2 | AQ7: =IF(AO7*AP7>=N7,"YES","NO") -> YES | AR7: =SQRT(3)*AH7*N7*((AA7*L7)+(AB7*SIN(ACOS(L7))))*100/(AP7*K7*1000) -> 0.20658306 | AS7: =IF(G7="INCOMER",(IF(AR7<=2,"YES","NO")),IF(G7="POWER",(IF(AR7<=2.5,"YES","NO")),IF(G7="MOTOR",(IF(AR7<=3,"YES","NO"))))) -> YES | AT7: =IF(G7="MOTOR",(SQRT(3)*AH7*O7*((AA7*P7)+(AB7*SIN(ACOS(P7))))*100/(AP7*K7*1000)),"NA") -> NA | AU7: =IF(G7="MOTOR",IF(AT7<=15,"YES","NO"),"NA") -> NA | AV7: =IF(U7="1C",CONCATENATE(AP7,"R x ",Y7,"kV x ",U7," x ",V7," Sqmm/Phase"),CONCATENATE(AP7,"R x ","6/10 (12)kV x ",U7," x ",V7," Sqmm")) -> 2R x 6/10 (12)kV x 3C x 150 Sqmm | AW7: =IF(U7="1C",CONCATENATE(AP7,"R x ",Y7,"kV x ",U7," x ",V7," Sqmm/Phase"),CONCATENATE(AP7,"R x ","6/10 (12)kV x ",U7," x ",V7," Sqmm")) -> 2R x 6/10 (12)kV x 3C x 150 Sqmm | AX7: =IF(U7="1C",(3*AH7*AP7),(AH7*AP7)) -> 920 | AZ7: =IF(U7="1C",(3*AP7*2),(AP7*2)) -> 4 | BA7: =CONCATENATE(IF(BE7=1,BE$4,""),IF(BF7=1,BF$4,""),IF(BG7=1,BG$4,""),IF(BH7=1,BH$4,""),IF(BI7=1,BI$4,""),IF(BJ7=1,BJ$4,""),IF(BK7=1,BK$4,""),IF(BL7=1,BL$4,""),IF(BM7=1,BM$4,""),IF(BN7=1,BN$4,""),IF(BO7=1,BO$4,""),IF(BP7=1,BP$4,""),IF(BQ7=1,BQ$4,""),IF(BR7=1,BR$4,""),IF(BS7=1,BS$4,""),IF(BT7=1,BT$4,""),IF(BU7=1,BU$4,""),IF(BV7=1,BV$4,""),IF(BW7=1,BW$4,""),IF(BX7=1,BX$4,""),IF(BY7=1,BY$4,""),IF(BZ7=1,BZ$4,""),IF(CA7=1,CA$4,""),IF(CB7=1,CB$4,""),IF(CC7=1,CC$4,""),IF(CD7=1,CD$4,""),IF(CE7=1,CE$4,""),IF(CF7=1,CF$4,""),IF(CG7=1,CG$4,""),IF(CH7=1,CH$4,""),IF(CI7=1,CI$4,""),IF(CJ7=1,CJ$4,""),IF(CK7=1,CK$4,""),IF(CL7=1,CL$4,""),IF(CM7=1,CM$4,""),IF(CN7=1,CN$4,""),IF(CO7=1,CO$4,""),IF(CP7=1,CP$4,""),IF(CQ7=1,CQ$4,""),IF(CR7=1,CR$4,""),IF(CS7=1,CS$4,""),IF(CT7=1,CT$4,""),IF(CU7=1,CU$4,""),IF(CV7=1,CV$4,""),IF(CW7=1,CW$4,""),IF(CX7=1,CX$4,""),IF(CY7=1,CY$4,""),IF(CZ7=1,CZ$4,""),IF(DA7=1,DA$4,""),IF(DB7=1,DB$4,""),IF(DC7=1,DC$4,""),IF(DD7=1,DD$4,""),IF(DE7=1,DE$4,""),IF(DF7=1,DF$4,""),IF(DG7=1,DG$4,""),IF(DH7=1,DH$4,""),IF(DI7=1,DI$4,""),IF(DJ7=1,DJ$4,""),IF(DK7=1,DK$4,""),IF(DL7=1,DL$4,""),IF(DM7=1,DM$4,""),IF(DN7=1,DN$4,""),IF(DO7=1,DO$4,""),IF(DP7=1,DP$4,""),IF(DQ7=1,DQ$4,""),IF(DR7=1,DR$4,""),IF(DS7=1,DS$4,""),IF(DT7=1,DT$4,""),IF(DU7=1,DU$4,"")) -> ACDEE1E2E3 | BB7: =VLOOKUP(W7,'Catalogue Aluminium'!$B$141:$H$173,7,FALSE) -> 62 | BC7: =AP7*BB7 -> 124 | BF7: 1 | BI7: 1 | BJ7: 1 | BN7: 1 | BP7: 1 | BQ7: 1 | BR7: 1 | DW7: =IF(BE7=1,($BC7*BE7),0) -> 0 | DX7: =IF(BF7=1,($BC7*BF7),0) -> 124 | DY7: =IF(BG7=1,($BC7*BG7),0) -> 0 | DZ7: =IF(BH7=1,($BC7*BH7),0) -> 0 | EA7: =IF(BI7=1,($BC7*BI7),0) -> 124 | EB7: =IF(BJ7=1,($BC7*BJ7),0) -> 124 | EC7: =IF(BK7=1,($BC7*BK7),0) -> 0 | ED7: =IF(BL7=1,($BC7*BL7),0) -> 0 | ... GM7: =IF(DU7=1,($BC7*DU7),0) -> 0
A8: X | B8: 1418-P003A | C8: =$D$6 -> 11kV MV Switchgear-1 | D8: MAIN FIRE PUMP-1 | E8: FIRE WATER PUMP HOUSE | F8: A | G8: MOTOR | H8: 500 | I8: kW | J8: 3Ph | K8: 11000 | L8: 0.87 | M8: 0.955 | N8: =IF(I8="kVA",IF(J8="3Ph",(H8*1000/(1.732*M8*K8)),(H8*1000/(M8*K8))),IF(I8="kW",IF(J8="3Ph",(H8*1000/(1.732*M8*K8*L8)),(H8*1000/(M8*K8*L8))))) -> 31.586886 | O8: =IF(G8="MOTOR",(6*N8),IF(G8="VFD",(1*N8),0)) -> 189.52131 | P8: =IF(G8="MOTOR",0.2,"0.00") -> 0.2 | Q8: 31.5 | R8: 0.16 | S8: =(Q8*1000*SQRT(R8)/94) -> 134.04255 | T8: AIR | U8: 3C | V8: 150 | W8: =CONCATENATE(U8," X ",V8) -> 3C X 150 | X8: =(IF(J8="1Ph",W8,IF(J8="3Ph",(IF(G8="MOTOR",(CONCATENATE(W8,"+PE")),W8))))) -> 3C X 150+PE | Y8: 6/10(12) | Z8: =IF(T8="AIR",VLOOKUP(W8,'Catalogue Aluminium'!$B$141:$G$173,2,FALSE),IF(T8="GROUND",VLOOKUP(W8,'Catalogue Aluminium'!$B$141:$G$173,3,FALSE),IF(T8="DUCT",VLOOKUP(W8,'Catalogue Aluminium'!$B$141:$G$173,4,FALSE),IF(T8="TRENCH",VLOOKUP(W8,'Catalogue Aluminium'!$B$141:$G$173,2,FALSE))))) -> 309 | AA8: =VLOOKUP(W8,'Catalogue Aluminium'!$B$141:$G$173,5,FALSE) -> 0.265 | AB8: =VLOOKUP(W8,'Catalogue Aluminium'!$B$141:$G$173,6,FALSE) -> 0.093 | AC8: =18+30 -> 48 | AD8: =11+34+48+35+30+51+5 -> 214 | AE8: 20 | AF8: 6 | AG8: =ROUNDUP(SUM(AC8:AF8)*0.1,0) -> 29 | AH8: =CEILING(SUM(AC8:AG8),10) -> 320 | AI8: =IF(T8="AIR",'Catalogue Aluminium'!$K$141,IF(T8="TRENCH",'Catalogue Aluminium'!$K$144,"NA")) -> 0.82 | AJ8: =IF(T8="Air",(IF(U8="1C",'Catalogue Aluminium'!$L$141,'Catalogue Aluminium'!$M$141)),IF(T8="DUCT",(IF($U8="1C",'Catalogue Aluminium'!$L$142,'Catalogue Aluminium'!$M$142)),IF(T8="GROUND",(IF($U8="1C",'Catalogue Aluminium'!$L$143,'Catalogue Aluminium'!$M$143)),IF(T8="TRENCH",(IF($U8="1C",'Catalogue Aluminium'!$L$144,'Catalogue Aluminium'!$M$144)))))) -> 0.73 | AK8: =IF(T8="Air",'Catalogue Aluminium'!$N$141,IF(T8="GROUND",'Catalogue Aluminium'!$N$142,IF(T8="DUCT",'Catalogue Aluminium'!$N$143,IF(T8="TRENCH",'Catalogue Aluminium'!$N$144,"NA")))) -> NA | AL8: =IF(T8="Air",(IF(U8="1C",'Catalogue Aluminium'!$O$141,'Catalogue Aluminium'!$P$141)),IF(T8="DUCT",(IF($U8="1C",'Catalogue Aluminium'!$O$142,'Catalogue Aluminium'!$P$142)),IF(T8="GROUND",(IF($U8="1C",'Catalogue Aluminium'!$O$143,'Catalogue Aluminium'!$P$143)),IF(T8="TRENCH",(IF($U8="1C",'Catalogue Aluminium'!$O$144,'Catalogue Aluminium'!$P$144)))))) -> NA | AM8: =IF(T8="AIR","NA",IF(T8="TRENCH","NA",IF(T8="DUCT",IF(U8="1C",VLOOKUP(V8,'Catalogue Aluminium'!$Q$142:$S$153,2,FALSE),VLOOKUP(V8,'Catalogue Aluminium'!$Q$142:$S$153,3)),IF(T8="GROUND",IF(U8="1C",VLOOKUP(V8,'Catalogue Aluminium'!$Q$142:$S$153,2,FALSE),VLOOKUP(V8,'Catalogue Aluminium'!$Q$142:$S$153,3)))))) -> NA | AN8: =IF(T8="AIR",AI8*AJ8,IF(T8="TRENCH",AI8*AJ8,IF(T8="DUCT",AJ8*AK8*AL8*AM8,IF(T8="GROUND",AJ8*AK8*AL8*AM8)))) -> 0.5986 | AO8: =Z8*AN8 -> 184.9674 | AP8: =CEILING(((N8)/AO8),1) -> 1 | AQ8: =IF(AO8*AP8>=N8,"YES","NO") -> YES | AR8: =SQRT(3)*AH8*N8*((AA8*L8)+(AB8*SIN(ACOS(L8))))*100/(AP8*K8*1000) -> 0.043991498 | AS8: =IF(G8="INCOMER",(IF(AR8<=2,"YES","NO")),IF(G8="POWER",(IF(AR8<=2,"YES","NO")),IF(G8="MOTOR",(IF(AR8<=3,"YES","NO"))))) -> YES | AT8: =IF(G8="MOTOR",(SQRT(3)*AH8*O8*((AA8*P8)+(AB8*SIN(ACOS(P8))))*100/(AP8*K8*1000)),"NA") -> 0.13762689 | AU8: =IF(G8="MOTOR",IF(AT8<=15,"YES","NO"),"NA") -> YES | AV8: =IF(U8="1C",CONCATENATE(AP8,"R x ",Y8,"kV x ",U8," x ",V8," Sqmm/Phase"),CONCATENATE(AP8,"R x ","6/10 (12)kV x ",U8," x ",V8," Sqmm")) -> 1R x 6/10 (12)kV x 3C x 150 Sqmm | AW8: =IF(U8="1C",CONCATENATE(AP8,"R x ",Y8,"kV x ",U8," x ",V8," Sqmm/Phase"),CONCATENATE(AP8,"R x ","6/10 (12)kV x ",U8," x ",V8," Sqmm")) -> 1R x 6/10 (12)kV x 3C x 150 Sqmm | BA8: =CONCATENATE(IF(BE8=1,BE$4,""),IF(BF8=1,BF$4,""),IF(BG8=1,BG$4,""),IF(BH8=1,BH$4,""),IF(BI8=1,BI$4,""),IF(BJ8=1,BJ$4,""),IF(BK8=1,BK$4,""),IF(BL8=1,BL$4,""),IF(BM8=1,BM$4,""),IF(BN8=1,BN$4,""),IF(BO8=1,BO$4,""),IF(BP8=1,BP$4,""),IF(BQ8=1,BQ$4,""),IF(BR8=1,BR$4,""),IF(BS8=1,BS$4,""),IF(BT8=1,BT$4,""),IF(BU8=1,BU$4,""),IF(BV8=1,BV$4,""),IF(BW8=1,BW$4,""),IF(BX8=1,BX$4,""),IF(BY8=1,BY$4,""),IF(BZ8=1,BZ$4,""),IF(CA8=1,CA$4,""),IF(CB8=1,CB$4,""),IF(CC8=1,CC$4,""),IF(CD8=1,CD$4,""),IF(CE8=1,CE$4,""),IF(CF8=1,CF$4,""),IF(CG8=1,CG$4,""),IF(CH8=1,CH$4,""),IF(CI8=1,CI$4,""),IF(CJ8=1,CJ$4,""),IF(CK8=1,CK$4,""),IF(CL8=1,CL$4,""),IF(CM8=1,CM$4,""),IF(CN8=1,CN$4,""),IF(CO8=1,CO$4,""),IF(CP8=1,CP$4,""),IF(CQ8=1,CQ$4,""),IF(CR8=1,CR$4,""),IF(CS8=1,CS$4,""),IF(CT8=1,CT$4,""),IF(CU8=1,CU$4,""),IF(CV8=1,CV$4,""),IF(CW8=1,CW$4,""),IF(CX8=1,CX$4,""),IF(CY8=1,CY$4,""),IF(CZ8=1,CZ$4,""),IF(DA8=1,DA$4,""),IF(DB8=1,DB$4,""),IF(DC8=1,DC$4,""),IF(DD8=1,DD$4,""),IF(DE8=1,DE$4,""),IF(DF8=1,DF$4,""),IF(DG8=1,DG$4,""),IF(DH8=1,DH$4,""),IF(DI8=1,DI$4,""),IF(DJ8=1,DJ$4,""),IF(DK8=1,DK$4,""),IF(DL8=1,DL$4,""),IF(DM8=1,DM$4,""),IF(DN8=1,DN$4,""),IF(DO8=1,DO$4,""),IF(DP8=1,DP$4,""),IF(DQ8=1,DQ$4,""),IF(DR8=1,DR$4,""),IF(DS8=1,DS$4,""),IF(DT8=1,DT$4,""),IF(DU8=1,DU$4,"")) | DW8: =IF(BE8=1,($BC8*BE8),0) -> 0 | DX8: =IF(BF8=1,($BC8*BF8),0) -> 0 | DY8: =IF(BG8=1,($BC8*BG8),0) -> 0 | DZ8: =IF(BH8=1,($BC8*BH8),0) -> 0 | EA8: =IF(BI8=1,($BC8*BI8),0) -> 0 | EB8: =IF(BJ8=1,($BC8*BJ8),0) -> 0 | EC8: =IF(BK8=1,($BC8*BK8),0) -> 0 | ED8: =IF(BL8=1,($BC8*BL8),0) -> 0 | ... FT8: =IF(DB8=1,($BC8*DB8),0) -> 0 | FY8: =IF(DG8=1,($BC8*DG8),0) -> 0 | FZ8: =IF(DH8=1,($BC8*DH8),0) -> 0 | GA8: =IF(DI8=1,($BC8*DI8),0) -> 0 | GB8: =IF(DJ8=1,($BC8*DJ8),0) -> 0 | GC8: =IF(DK8=1,($BC8*DK8),0) -> 0 | GD8: =IF(DL8=1,($BC8*DL8),0) -> 0 | GE8: =IF(DM8=1,($BC8*DM8),0) -> 0 | GF8: =IF(DN8=1,($BC8*DN8),0) -> 0 | ... GM8: =IF(DU8=1,($BC8*DU8),0) -> 0
A9: X | B9: 1418-P003B | C9: =$D$6 -> 11kV MV Switchgear-1 | D9: MAIN FIRE PUMP-2 | E9: FIRE WATER PUMP HOUSE | F9: B | G9: MOTOR | H9: 500 | I9: kW | J9: 3Ph | K9: 11000 | L9: 0.87 | M9: 0.955 | N9: =IF(I9="kVA",IF(J9="3Ph",(H9*1000/(1.732*M9*K9)),(H9*1000/(M9*K9))),IF(I9="kW",IF(J9="3Ph",(H9*1000/(1.732*M9*K9*L9)),(H9*1000/(M9*K9*L9))))) -> 31.586886 | O9: =IF(G9="MOTOR",(6*N9),IF(G9="VFD",(1*N9),0)) -> 189.52131 | P9: =IF(G9="MOTOR",0.2,"0.00") -> 0.2 | Q9: 31.5 | R9: 0.16 | S9: =(Q9*1000*SQRT(R9)/94) -> 134.04255 | T9: AIR | U9: 3C | V9: 150 | W9: =CONCATENATE(U9," X ",V9) -> 3C X 150 | X9: =(IF(J9="1Ph",W9,IF(J9="3Ph",(IF(G9="MOTOR",(CONCATENATE(W9,"+PE")),W9))))) -> 3C X 150+PE | Y9: 6/10(12) | Z9: =IF(T9="AIR",VLOOKUP(W9,'Catalogue Aluminium'!$B$141:$G$173,2,FALSE),IF(T9="GROUND",VLOOKUP(W9,'Catalogue Aluminium'!$B$141:$G$173,3,FALSE),IF(T9="DUCT",VLOOKUP(W9,'Catalogue Aluminium'!$B$141:$G$173,4,FALSE),IF(T9="TRENCH",VLOOKUP(W9,'Catalogue Aluminium'!$B$141:$G$173,2,FALSE))))) -> 309 | AA9: =VLOOKUP(W9,'Catalogue Aluminium'!$B$141:$G$173,5,FALSE) -> 0.265 | AB9: =VLOOKUP(W9,'Catalogue Aluminium'!$B$141:$G$173,6,FALSE) -> 0.093 | AC9: =19+30 -> 49 | AD9: =11+34+48+35+30+51+5 -> 214 | AE9: 20 | AF9: 6 | AG9: =ROUNDUP(SUM(AC9:AF9)*0.1,0) -> 29 | AH9: =CEILING(SUM(AC9:AG9),10) -> 320 | AI9: =IF(T9="AIR",'Catalogue Aluminium'!$K$141,IF(T9="TRENCH",'Catalogue Aluminium'!$K$144,"NA")) -> 0.82 | AJ9: =IF(T9="Air",(IF(U9="1C",'Catalogue Aluminium'!$L$141,'Catalogue Aluminium'!$M$141)),IF(T9="DUCT",(IF($U9="1C",'Catalogue Aluminium'!$L$142,'Catalogue Aluminium'!$M$142)),IF(T9="GROUND",(IF($U9="1C",'Catalogue Aluminium'!$L$143,'Catalogue Aluminium'!$M$143)),IF(T9="TRENCH",(IF($U9="1C",'Catalogue Aluminium'!$L$144,'Catalogue Aluminium'!$M$144)))))) -> 0.73 | AK9: =IF(T9="Air",'Catalogue Aluminium'!$N$141,IF(T9="GROUND",'Catalogue Aluminium'!$N$142,IF(T9="DUCT",'Catalogue Aluminium'!$N$143,IF(T9="TRENCH",'Catalogue Aluminium'!$N$144,"NA")))) -> NA | AL9: =IF(T9="Air",(IF(U9="1C",'Catalogue Aluminium'!$O$141,'Catalogue Aluminium'!$P$141)),IF(T9="DUCT",(IF($U9="1C",'Catalogue Aluminium'!$O$142,'Catalogue Aluminium'!$P$142)),IF(T9="GROUND",(IF($U9="1C",'Catalogue Aluminium'!$O$143,'Catalogue Aluminium'!$P$143)),IF(T9="TRENCH",(IF($U9="1C",'Catalogue Aluminium'!$O$144,'Catalogue Aluminium'!$P$144)))))) -> NA | AM9: =IF(T9="AIR","NA",IF(T9="TRENCH","NA",IF(T9="DUCT",IF(U9="1C",VLOOKUP(V9,'Catalogue Aluminium'!$Q$142:$S$153,2,FALSE),VLOOKUP(V9,'Catalogue Aluminium'!$Q$142:$S$153,3)),IF(T9="GROUND",IF(U9="1C",VLOOKUP(V9,'Catalogue Aluminium'!$Q$142:$S$153,2,FALSE),VLOOKUP(V9,'Catalogue Aluminium'!$Q$142:$S$153,3)))))) -> NA | AN9: =IF(T9="AIR",AI9*AJ9,IF(T9="TRENCH",AI9*AJ9,IF(T9="DUCT",AJ9*AK9*AL9*AM9,IF(T9="GROUND",AJ9*AK9*AL9*AM9)))) -> 0.5986 | AO9: =Z9*AN9 -> 184.9674 | AP9: =CEILING(((N9)/AO9),1) -> 1 | AQ9: =IF(AO9*AP9>=N9,"YES","NO") -> YES | AR9: =SQRT(3)*AH9*N9*((AA9*L9)+(AB9*SIN(ACOS(L9))))*100/(AP9*K9*1000) -> 0.043991498 | AS9: =IF(G9="INCOMER",(IF(AR9<=2,"YES","NO")),IF(G9="POWER",(IF(AR9<=2,"YES","NO")),IF(G9="MOTOR",(IF(AR9<=3,"YES","NO"))))) -> YES | AT9: =IF(G9="MOTOR",(SQRT(3)*AH9*O9*((AA9*P9)+(AB9*SIN(ACOS(P9))))*100/(AP9*K9*1000)),"NA") -> 0.13762689 | AU9: =IF(G9="MOTOR",IF(AT9<=15,"YES","NO"),"NA") -> YES | AV9: =IF(U9="1C",CONCATENATE(AP9,"R x ",Y9,"kV x ",U9," x ",V9," Sqmm/Phase"),CONCATENATE(AP9,"R x ","6/10 (12)kV x ",U9," x ",V9," Sqmm")) -> 1R x 6/10 (12)kV x 3C x 150 Sqmm | AW9: =IF(U9="1C",CONCATENATE(AP9,"R x ",Y9,"kV x ",U9," x ",V9," Sqmm/Phase"),CONCATENATE(AP9,"R x ","6/10 (12)kV x ",U9," x ",V9," Sqmm")) -> 1R x 6/10 (12)kV x 3C x 150 Sqmm | BA9: =CONCATENATE(IF(BE9=1,BE$4,""),IF(BF9=1,BF$4,""),IF(BG9=1,BG$4,""),IF(BH9=1,BH$4,""),IF(BI9=1,BI$4,""),IF(BJ9=1,BJ$4,""),IF(BK9=1,BK$4,""),IF(BL9=1,BL$4,""),IF(BM9=1,BM$4,""),IF(BN9=1,BN$4,""),IF(BO9=1,BO$4,""),IF(BP9=1,BP$4,""),IF(BQ9=1,BQ$4,""),IF(BR9=1,BR$4,""),IF(BS9=1,BS$4,""),IF(BT9=1,BT$4,""),IF(BU9=1,BU$4,""),IF(BV9=1,BV$4,""),IF(BW9=1,BW$4,""),IF(BX9=1,BX$4,""),IF(BY9=1,BY$4,""),IF(BZ9=1,BZ$4,""),IF(CA9=1,CA$4,""),IF(CB9=1,CB$4,""),IF(CC9=1,CC$4,""),IF(CD9=1,CD$4,""),IF(CE9=1,CE$4,""),IF(CF9=1,CF$4,""),IF(CG9=1,CG$4,""),IF(CH9=1,CH$4,""),IF(CI9=1,CI$4,""),IF(CJ9=1,CJ$4,""),IF(CK9=1,CK$4,""),IF(CL9=1,CL$4,""),IF(CM9=1,CM$4,""),IF(CN9=1,CN$4,""),IF(CO9=1,CO$4,""),IF(CP9=1,CP$4,""),IF(CQ9=1,CQ$4,""),IF(CR9=1,CR$4,""),IF(CS9=1,CS$4,""),IF(CT9=1,CT$4,""),IF(CU9=1,CU$4,""),IF(CV9=1,CV$4,""),IF(CW9=1,CW$4,""),IF(CX9=1,CX$4,""),IF(CY9=1,CY$4,""),IF(CZ9=1,CZ$4,""),IF(DA9=1,DA$4,""),IF(DB9=1,DB$4,""),IF(DC9=1,DC$4,""),IF(DD9=1,DD$4,""),IF(DE9=1,DE$4,""),IF(DF9=1,DF$4,""),IF(DG9=1,DG$4,""),IF(DH9=1,DH$4,""),IF(DI9=1,DI$4,""),IF(DJ9=1,DJ$4,""),IF(DK9=1,DK$4,""),IF(DL9=1,DL$4,""),IF(DM9=1,DM$4,""),IF(DN9=1,DN$4,""),IF(DO9=1,DO$4,""),IF(DP9=1,DP$4,""),IF(DQ9=1,DQ$4,""),IF(DR9=1,DR$4,""),IF(DS9=1,DS$4,""),IF(DT9=1,DT$4,""),IF(DU9=1,DU$4,"")) | DW9: =IF(BE9=1,($BC9*BE9),0) -> 0 | DX9: =IF(BF9=1,($BC9*BF9),0) -> 0 | DY9: =IF(BG9=1,($BC9*BG9),0) -> 0 | DZ9: =IF(BH9=1,($BC9*BH9),0) -> 0 | EA9: =IF(BI9=1,($BC9*BI9),0) -> 0 | EB9: =IF(BJ9=1,($BC9*BJ9),0) -> 0 | EC9: =IF(BK9=1,($BC9*BK9),0) -> 0 | ED9: =IF(BL9=1,($BC9*BL9),0) -> 0 | ... FT9: =IF(DB9=1,($BC9*DB9),0) -> 0 | FY9: =IF(DG9=1,($BC9*DG9),0) -> 0 | FZ9: =IF(DH9=1,($BC9*DH9),0) -> 0 | GA9: =IF(DI9=1,($BC9*DI9),0) -> 0 | GB9: =IF(DJ9=1,($BC9*DJ9),0) -> 0 | GC9: =IF(DK9=1,($BC9*DK9),0) -> 0 | GD9: =IF(DL9=1,($BC9*DL9),0) -> 0 | GE9: =IF(DM9=1,($BC9*DM9),0) -> 0 | GF9: =IF(DN9=1,($BC9*DN9),0) -> 0 | ... GM9: =IF(DU9=1,($BC9*DU9),0) -> 0
A10: =A7+1 -> 2 | B10: 1402-P002A | C10: =$D$6 -> 11kV MV Switchgear-1 | D10: AMMONIA TRANSFER PUMP | E10: AMMONIA STORAGE AREA | F10: A | G10: MOTOR | H10: 355 | I10: kW | J10: 3Ph | K10: 11000 | L10: 0.86 | M10: 0.964 | N10: =IF(I10="kVA",IF(J10="3Ph",(H10*1000/(1.732*M10*K10)),(H10*1000/(M10*K10))),IF(I10="kW",IF(J10="3Ph",(H10*1000/(1.732*M10*K10*L10)),(H10*1000/(M10*K10*L10))))) -> 22.475652 | O10: =IF(G10="MOTOR",(6*N10),IF(G10="VFD",(1*N10),0)) -> 134.85391 | P10: =IF(G10="MOTOR",0.2,"0.00") -> 0.2 | Q10: 31.5 | R10: 0.16 | S10: =(Q10*1000*SQRT(R10)/94) -> 134.04255 | T10: AIR | U10: 3C | V10: 150 | W10: =CONCATENATE(U10," X ",V10) -> 3C X 150 | X10: =(IF(J10="1Ph",W10,IF(J10="3Ph",(IF(G10="MOTOR",(CONCATENATE(W10,"+PE")),W10))))) -> 3C X 150+PE | Y10: 6/10(12) | Z10: =IF(T10="AIR",VLOOKUP(W10,'Catalogue Aluminium'!$B$141:$G$173,2,FALSE),IF(T10="GROUND",VLOOKUP(W10,'Catalogue Aluminium'!$B$141:$G$173,3,FALSE),IF(T10="DUCT",VLOOKUP(W10,'Catalogue Aluminium'!$B$141:$G$173,4,FALSE),IF(T10="TRENCH",VLOOKUP(W10,'Catalogue Aluminium'!$B$141:$G$173,2,FALSE))))) -> 309 | AA10: =VLOOKUP(W10,'Catalogue Aluminium'!$B$141:$G$173,5,FALSE) -> 0.265 | AB10: =VLOOKUP(W10,'Catalogue Aluminium'!$B$141:$G$173,6,FALSE) -> 0.093 | AC10: =37+30 -> 67 | AD10: =40+50+38+50+58+60+20+31+47 -> 394 | AE10: =11+8+3+10+10 -> 42 | AF10: =5+5 -> 10 | AG10: =ROUNDUP(SUM(AC10:AF10)*0.1,0) -> 52 | AH10: =CEILING(SUM(AC10:AG10),10) -> 570 | AI10: =IF(T10="AIR",'Catalogue Aluminium'!$K$141,IF(T10="TRENCH",'Catalogue Aluminium'!$K$144,"NA")) -> 0.82 | AJ10: =IF(T10="Air",(IF(U10="1C",'Catalogue Aluminium'!$L$141,'Catalogue Aluminium'!$M$141)),IF(T10="DUCT",(IF($U10="1C",'Catalogue Aluminium'!$L$142,'Catalogue Aluminium'!$M$142)),IF(T10="GROUND",(IF($U10="1C",'Catalogue Aluminium'!$L$143,'Catalogue Aluminium'!$M$143)),IF(T10="TRENCH",(IF($U10="1C",'Catalogue Aluminium'!$L$144,'Catalogue Aluminium'!$M$144)))))) -> 0.73 | AK10: =IF(T10="Air",'Catalogue Aluminium'!$N$141,IF(T10="GROUND",'Catalogue Aluminium'!$N$142,IF(T10="DUCT",'Catalogue Aluminium'!$N$143,IF(T10="TRENCH",'Catalogue Aluminium'!$N$144,"NA")))) -> NA | AL10: =IF(T10="Air",(IF(U10="1C",'Catalogue Aluminium'!$O$141,'Catalogue Aluminium'!$P$141)),IF(T10="DUCT",(IF($U10="1C",'Catalogue Aluminium'!$O$142,'Catalogue Aluminium'!$P$142)),IF(T10="GROUND",(IF($U10="1C",'Catalogue Aluminium'!$O$143,'Catalogue Aluminium'!$P$143)),IF(T10="TRENCH",(IF($U10="1C",'Catalogue Aluminium'!$O$144,'Catalogue Aluminium'!$P$144)))))) -> NA | AM10: =IF(T10="AIR","NA",IF(T10="TRENCH","NA",IF(T10="DUCT",IF(U10="1C",VLOOKUP(V10,'Catalogue Aluminium'!$Q$142:$S$153,2,FALSE),VLOOKUP(V10,'Catalogue Aluminium'!$Q$142:$S$153,3)),IF(T10="GROUND",IF(U10="1C",VLOOKUP(V10,'Catalogue Aluminium'!$Q$142:$S$153,2,FALSE),VLOOKUP(V10,'Catalogue Aluminium'!$Q$142:$S$153,3)))))) -> NA | AN10: =IF(T10="AIR",AI10*AJ10,IF(T10="TRENCH",AI10*AJ10,IF(T10="DUCT",AJ10*AK10*AL10*AM10,IF(T10="GROUND",AJ10*AK10*AL10*AM10)))) -> 0.5986 | AO10: =Z10*AN10 -> 184.9674 | AP10: =CEILING(((N10)/AO10),1) -> 1 | AQ10: =IF(AO10*AP10>=N10,"YES","NO") -> YES | AR10: =SQRT(3)*AH10*N10*((AA10*L10)+(AB10*SIN(ACOS(L10))))*100/(AP10*K10*1000) -> 0.055545868 | AS10: =IF(G10="INCOMER",(IF(AR10<=2,"YES","NO")),IF(G10="POWER",(IF(AR10<=2.5,"YES","NO")),IF(G10="MOTOR",(IF(AR10<=3,"YES","NO"))))) -> YES | AT10: =IF(G10="MOTOR",(SQRT(3)*AH10*O10*((AA10*P10)+(AB10*SIN(ACOS(P10))))*100/(AP10*K10*1000)),"NA") -> 0.17443501 | AU10: =IF(G10="MOTOR",IF(AT10<=15,"YES","NO"),"NA") -> YES | AV10: =IF(U10="1C",CONCATENATE(AP10,"R x ",Y10,"kV x ",U10," x ",V10," Sqmm/Phase"),CONCATENATE(AP10,"R x ","6/10 (12)kV x ",U10," x ",V10," Sqmm")) -> 1R x 6/10 (12)kV x 3C x 150 Sqmm | AW10: =IF(U10="1C",CONCATENATE(AP10,"R x ",Y10,"kV x ",U10," x ",V10," Sqmm/Phase"),CONCATENATE(AP10,"R x ","6/10 (12)kV x ",U10," x ",V10," Sqmm")) -> 1R x 6/10 (12)kV x 3C x 150 Sqmm | AX10: =IF(U10="1C",(3*AH10*AP10),(AH10*AP10)) -> 570 | AZ10: =IF(U10="1C",(3*AP10*2),(AP10*2)) -> 2 | BA10: =CONCATENATE(IF(BE10=1,BE$4,""),IF(BF10=1,BF$4,""),IF(BG10=1,BG$4,""),IF(BH10=1,BH$4,""),IF(BI10=1,BI$4,""),IF(BJ10=1,BJ$4,""),IF(BK10=1,BK$4,""),IF(BL10=1,BL$4,""),IF(BM10=1,BM$4,""),IF(BN10=1,BN$4,""),IF(BO10=1,BO$4,""),IF(BP10=1,BP$4,""),IF(BQ10=1,BQ$4,""),IF(BR10=1,BR$4,""),IF(BS10=1,BS$4,""),IF(BT10=1,BT$4,""),IF(BU10=1,BU$4,""),IF(BV10=1,BV$4,""),IF(BW10=1,BW$4,""),IF(BX10=1,BX$4,""),IF(BY10=1,BY$4,""),IF(BZ10=1,BZ$4,""),IF(CA10=1,CA$4,""),IF(CB10=1,CB$4,""),IF(CC10=1,CC$4,""),IF(CD10=1,CD$4,""),IF(CE10=1,CE$4,""),IF(CF10=1,CF$4,""),IF(CG10=1,CG$4,""),IF(CH10=1,CH$4,""),IF(CI10=1,CI$4,""),IF(CJ10=1,CJ$4,""),IF(CK10=1,CK$4,""),IF(CL10=1,CL$4,""),IF(CM10=1,CM$4,""),IF(CN10=1,CN$4,""),IF(CO10=1,CO$4,""),IF(CP10=1,CP$4,""),IF(CQ10=1,CQ$4,""),IF(CR10=1,CR$4,""),IF(CS10=1,CS$4,""),IF(CT10=1,CT$4,""),IF(CU10=1,CU$4,""),IF(CV10=1,CV$4,""),IF(CW10=1,CW$4,""),IF(CX10=1,CX$4,""),IF(CY10=1,CY$4,""),IF(CZ10=1,CZ$4,""),IF(DA10=1,DA$4,""),IF(DB10=1,DB$4,""),IF(DC10=1,DC$4,""),IF(DD10=1,DD$4,""),IF(DE10=1,DE$4,""),IF(DF10=1,DF$4,""),IF(DG10=1,DG$4,""),IF(DH10=1,DH$4,""),IF(DI10=1,DI$4,""),IF(DJ10=1,DJ$4,""),IF(DK10=1,DK$4,""),IF(DL10=1,DL$4,""),IF(DM10=1,DM$4,""),IF(DN10=1,DN$4,""),IF(DO10=1,DO$4,""),IF(DP10=1,DP$4,""),IF(DQ10=1,DQ$4,""),IF(DR10=1,DR$4,""),IF(DS10=1,DS$4,""),IF(DT10=1,DT$4,""),IF(DU10=1,DU$4,"")) -> ACDEFGIJ | BB10: =VLOOKUP(W10,'Catalogue Aluminium'!$B$141:$H$173,7,FALSE) -> 62 | BC10: =AP10*BB10 -> 62 | BF10: 1 | BI10: 1 | BJ10: 1 | BN10: 1 | BV10: 1 | BW10: 1 | BZ10: 1 | CD10: 1 | DW10: =IF(BE10=1,($BC10*BE10),0) -> 0 | DX10: =IF(BF10=1,($BC10*BF10),0) -> 62 | DY10: =IF(BG10=1,($BC10*BG10),0) -> 0 | DZ10: =IF(BH10=1,($BC10*BH10),0) -> 0 | EA10: =IF(BI10=1,($BC10*BI10),0) -> 62 | EB10: =IF(BJ10=1,($BC10*BJ10),0) -> 62 | EC10: =IF(BK10=1,($BC10*BK10),0) -> 0 | ED10: =IF(BL10=1,($BC10*BL10),0) -> 0 | ... GM10: =IF(DU10=1,($BC10*DU10),0) -> 0
A11: =A10+1 -> 3 | B11: 1402-P002A | C11: =$D$6 -> 11kV MV Switchgear-1 | D11: AMMONIA TRANSFER PUMP-SPACE HEATER | E11: AMMONIA STORAGE AREA | F11: A | G11: POWER | H11: 0.15 | I11: kW | J11: 1Ph | K11: 230 | L11: 0.85 | M11: 0.95 | N11: =IF(I11="kVA",IF(J11="3Ph",(H11*1000/(1.732*M11*K11)),(H11*1000/(M11*K11))),IF(I11="kW",IF(J11="3Ph",(H11*1000/(1.732*M11*K11*L11)),(H11*1000/(M11*K11*L11))))) -> 0.80764571 | O11: =IF(G11="MOTOR",(6*N11),IF(G11="VFD",(1*N11),0)) -> 0 | P11: =IF(G11="MOTOR",0.2,"0.00") -> 0.00 | Q11: 65 | R11: 0 | S11: =(Q11*1000*SQRT(R11)/94) -> 0 | T11: AIR | U11: 3C | V11: 4 | W11: =CONCATENATE(U11," X ",V11) -> 3C X 4 | X11: =(IF(J11="1Ph",W11,IF(J11="3Ph",(IF(G11="MOTOR",(CONCATENATE(W11,"+PE")),W11))))) -> 3C X 4 | Y11: 0.6/1.0 | Z11: =IF(T11="AIR",VLOOKUP(W11,'Catalogue Aluminium'!$B$141:$G$173,2,FALSE),IF(T11="GROUND",VLOOKUP(W11,'Catalogue Aluminium'!$B$141:$G$173,3,FALSE),IF(T11="DUCT",VLOOKUP(W11,'Catalogue Aluminium'!$B$141:$G$173,4,FALSE),IF(T11="TRENCH",VLOOKUP(W11,'Catalogue Aluminium'!$B$141:$G$173,2,FALSE))))) -> 38 | AA11: =VLOOKUP(W11,'Catalogue Aluminium'!$B$141:$G$173,5,FALSE) -> 5.9 | AB11: =VLOOKUP(W11,'Catalogue Aluminium'!$B$141:$G$173,6,FALSE) -> 0.0947 | AC11: =37+30 -> 67 | AD11: =40+50+38+50+58+60+20+31+47 -> 394 | AE11: =11+8+3+10+10 -> 42 | AF11: =5+5 -> 10 | AG11: =ROUNDUP(SUM(AC11:AF11)*0.1,0) -> 52 | AH11: =CEILING(SUM(AC11:AG11),10) -> 570 | AI11: =IF(T11="AIR",'Catalogue Aluminium'!$K$141,IF(T11="TRENCH",'Catalogue Aluminium'!$K$144,"NA")) -> 0.82 | AJ11: =IF(T11="Air",(IF(U11="1C",'Catalogue Aluminium'!$L$141,'Catalogue Aluminium'!$M$141)),IF(T11="DUCT",(IF($U11="1C",'Catalogue Aluminium'!$L$142,'Catalogue Aluminium'!$M$142)),IF(T11="GROUND",(IF($U11="1C",'Catalogue Aluminium'!$L$143,'Catalogue Aluminium'!$M$143)),IF(T11="TRENCH",(IF($U11="1C",'Catalogue Aluminium'!$L$144,'Catalogue Aluminium'!$M$144)))))) -> 0.73 | AK11: =IF(T11="Air",'Catalogue Aluminium'!$N$141,IF(T11="GROUND",'Catalogue Aluminium'!$N$142,IF(T11="DUCT",'Catalogue Aluminium'!$N$143,IF(T11="TRENCH",'Catalogue Aluminium'!$N$144,"NA")))) -> NA | AL11: =IF(T11="Air",(IF(U11="1C",'Catalogue Aluminium'!$O$141,'Catalogue Aluminium'!$P$141)),IF(T11="DUCT",(IF($U11="1C",'Catalogue Aluminium'!$O$142,'Catalogue Aluminium'!$P$142)),IF(T11="GROUND",(IF($U11="1C",'Catalogue Aluminium'!$O$143,'Catalogue Aluminium'!$P$143)),IF(T11="TRENCH",(IF($U11="1C",'Catalogue Aluminium'!$O$144,'Catalogue Aluminium'!$P$144)))))) -> NA | AM11: =IF(T11="AIR","NA",IF(T11="TRENCH","NA",IF(T11="DUCT",IF(U11="1C",VLOOKUP(V11,'Catalogue Aluminium'!$Q$142:$S$153,2,FALSE),VLOOKUP(V11,'Catalogue Aluminium'!$Q$142:$S$153,3)),IF(T11="GROUND",IF(U11="1C",VLOOKUP(V11,'Catalogue Aluminium'!$Q$142:$S$153,2,FALSE),VLOOKUP(V11,'Catalogue Aluminium'!$Q$142:$S$153,3)))))) -> NA | AN11: =IF(T11="AIR",AI11*AJ11,IF(T11="TRENCH",AI11*AJ11,IF(T11="DUCT",AJ11*AK11*AL11*AM11,IF(T11="GROUND",AJ11*AK11*AL11*AM11)))) -> 0.5986 | AO11: =Z11*AN11 -> 22.7468 | AP11: =CEILING(((N11)/AO11),1) -> 1 | AQ11: =IF(AO11*AP11>=N11,"YES","NO") -> YES | AR11: =SQRT(3)*AH11*N11*((AA11*L11)+(AB11*SIN(ACOS(L11))))*100/(AP11*K11*1000) -> 1.7558938 | AS11: =IF(G11="INCOMER",(IF(AR11<=2,"YES","NO")),IF(G11="POWER",(IF(AR11<=2.5,"YES","NO")),IF(G11="MOTOR",(IF(AR11<=3,"YES","NO"))))) -> YES | AT11: =IF(G11="MOTOR",(SQRT(3)*AH11*O11*((AA11*P11)+(AB11*SIN(ACOS(P11))))*100/(AP11*K11*1000)),"NA") -> NA | AU11: =IF(G11="MOTOR",IF(AT11<=15,"YES","NO"),"NA") -> NA | AV11: =IF(U11="1C",CONCATENATE(AP11,"R x ",Y11,"kV x ",U11," x ",V11," Sqmm/Phase"),CONCATENATE(AP11,"R x ","6/10 (12)kV x ",U11," x ",V11," Sqmm")) -> 1R x 6/10 (12)kV x 3C x 4 Sqmm | AW11: =IF(U11="1C",CONCATENATE(AP11,"R x ",Y11,"kV x ",U11," x ",V11," Sqmm/Phase"),CONCATENATE(AP11,"R x ","6/10 (12)kV x ",U11," x ",V11," Sqmm")) -> 1R x 6/10 (12)kV x 3C x 4 Sqmm | AX11: =IF(U11="1C",(3*AH11*AP11),(AH11*AP11)) -> 570 | AZ11: =IF(U11="1C",(3*AP11*2),(AP11*2)) -> 2 | BA11: =CONCATENATE(IF(BE11=1,BE$4,""),IF(BF11=1,BF$4,""),IF(BG11=1,BG$4,""),IF(BH11=1,BH$4,""),IF(BI11=1,BI$4,""),IF(BJ11=1,BJ$4,""),IF(BK11=1,BK$4,""),IF(BL11=1,BL$4,""),IF(BM11=1,BM$4,""),IF(BN11=1,BN$4,""),IF(BO11=1,BO$4,""),IF(BP11=1,BP$4,""),IF(BQ11=1,BQ$4,""),IF(BR11=1,BR$4,""),IF(BS11=1,BS$4,""),IF(BT11=1,BT$4,""),IF(BU11=1,BU$4,""),IF(BV11=1,BV$4,""),IF(BW11=1,BW$4,""),IF(BX11=1,BX$4,""),IF(BY11=1,BY$4,""),IF(BZ11=1,BZ$4,""),IF(CA11=1,CA$4,""),IF(CB11=1,CB$4,""),IF(CC11=1,CC$4,""),IF(CD11=1,CD$4,""),IF(CE11=1,CE$4,""),IF(CF11=1,CF$4,""),IF(CG11=1,CG$4,""),IF(CH11=1,CH$4,""),IF(CI11=1,CI$4,""),IF(CJ11=1,CJ$4,""),IF(CK11=1,CK$4,""),IF(CL11=1,CL$4,""),IF(CM11=1,CM$4,""),IF(CN11=1,CN$4,""),IF(CO11=1,CO$4,""),IF(CP11=1,CP$4,""),IF(CQ11=1,CQ$4,""),IF(CR11=1,CR$4,""),IF(CS11=1,CS$4,""),IF(CT11=1,CT$4,""),IF(CU11=1,CU$4,""),IF(CV11=1,CV$4,""),IF(CW11=1,CW$4,""),IF(CX11=1,CX$4,""),IF(CY11=1,CY$4,""),IF(CZ11=1,CZ$4,""),IF(DA11=1,DA$4,""),IF(DB11=1,DB$4,""),IF(DC11=1,DC$4,""),IF(DD11=1,DD$4,""),IF(DE11=1,DE$4,""),IF(DF11=1,DF$4,""),IF(DG11=1,DG$4,""),IF(DH11=1,DH$4,""),IF(DI11=1,DI$4,""),IF(DJ11=1,DJ$4,""),IF(DK11=1,DK$4,""),IF(DL11=1,DL$4,""),IF(DM11=1,DM$4,""),IF(DN11=1,DN$4,""),IF(DO11=1,DO$4,""),IF(DP11=1,DP$4,""),IF(DQ11=1,DQ$4,""),IF(DR11=1,DR$4,""),IF(DS11=1,DS$4,""),IF(DT11=1,DT$4,""),IF(DU11=1,DU$4,"")) -> ACDEFGIJ | BB11: =VLOOKUP(W11,'Catalogue Aluminium'!$B$141:$H$173,7,FALSE) -> 15 | BC11: =AP11*BB11 -> 15 | BF11: 1 | BI11: 1 | BJ11: 1 | BN11: 1 | BV11: 1 | BW11: 1 | BZ11: 1 | CD11: 1 | DW11: =IF(BE11=1,($BC11*BE11),0) -> 0 | DX11: =IF(BF11=1,($BC11*BF11),0) -> 15 | DY11: =IF(BG11=1,($BC11*BG11),0) -> 0 | DZ11: =IF(BH11=1,($BC11*BH11),0) -> 0 | EA11: =IF(BI11=1,($BC11*BI11),0) -> 15 | EB11: =IF(BJ11=1,($BC11*BJ11),0) -> 15 | EC11: =IF(BK11=1,($BC11*BK11),0) -> 0 | ED11: =IF(BL11=1,($BC11*BL11),0) -> 0 | ... GM11: =IF(DU11=1,($BC11*DU11),0) -> 0
A12: =A11+1 -> 4 | B12: 1402-P002B | C12: =$D$6 -> 11kV MV Switchgear-1 | D12: AMMONIA TRANSFER PUMP | E12: AMMONIA STORAGE AREA | F12: B | G12: MOTOR | H12: 355 | I12: kW | J12: 3Ph | K12: 11000 | L12: 0.86 | M12: 0.964 | N12: =IF(I12="kVA",IF(J12="3Ph",(H12*1000/(1.732*M12*K12)),(H12*1000/(M12*K12))),IF(I12="kW",IF(J12="3Ph",(H12*1000/(1.732*M12*K12*L12)),(H12*1000/(M12*K12*L12))))) -> 22.475652 | O12: =IF(G12="MOTOR",(6*N12),IF(G12="VFD",(1*N12),0)) -> 134.85391 | P12: =IF(G12="MOTOR",0.2,"0.00") -> 0.2 | Q12: 31.5 | R12: 0.16 | S12: =(Q12*1000*SQRT(R12)/94) -> 134.04255 | T12: AIR | U12: 3C | V12: 150 | W12: =CONCATENATE(U12," X ",V12) -> 3C X 150 | X12: =(IF(J12="1Ph",W12,IF(J12="3Ph",(IF(G12="MOTOR",(CONCATENATE(W12,"+PE")),W12))))) -> 3C X 150+PE | Y12: 6/10(12) | Z12: =IF(T12="AIR",VLOOKUP(W12,'Catalogue Aluminium'!$B$141:$G$173,2,FALSE),IF(T12="GROUND",VLOOKUP(W12,'Catalogue Aluminium'!$B$141:$G$173,3,FALSE),IF(T12="DUCT",VLOOKUP(W12,'Catalogue Aluminium'!$B$141:$G$173,4,FALSE),IF(T12="TRENCH",VLOOKUP(W12,'Catalogue Aluminium'!$B$141:$G$173,2,FALSE))))) -> 309 | AA12: =VLOOKUP(W12,'Catalogue Aluminium'!$B$141:$G$173,5,FALSE) -> 0.265 | AB12: =VLOOKUP(W12,'Catalogue Aluminium'!$B$141:$G$173,6,FALSE) -> 0.093 | AC12: =23+30 -> 53 | AD12: =40+50+38+50+58+60+20+31+45 -> 392 | AE12: =11+8+3+10+10 -> 42 | AF12: =5+5 -> 10 | AG12: =ROUNDUP(SUM(AC12:AF12)*0.1,0) -> 50 | AH12: =CEILING(SUM(AC12:AG12),10) -> 550 | AI12: =IF(T12="AIR",'Catalogue Aluminium'!$K$141,IF(T12="TRENCH",'Catalogue Aluminium'!$K$144,"NA")) -> 0.82 | AJ12: =IF(T12="Air",(IF(U12="1C",'Catalogue Aluminium'!$L$141,'Catalogue Aluminium'!$M$141)),IF(T12="DUCT",(IF($U12="1C",'Catalogue Aluminium'!$L$142,'Catalogue Aluminium'!$M$142)),IF(T12="GROUND",(IF($U12="1C",'Catalogue Aluminium'!$L$143,'Catalogue Aluminium'!$M$143)),IF(T12="TRENCH",(IF($U12="1C",'Catalogue Aluminium'!$L$144,'Catalogue Aluminium'!$M$144)))))) -> 0.73 | AK12: =IF(T12="Air",'Catalogue Aluminium'!$N$141,IF(T12="GROUND",'Catalogue Aluminium'!$N$142,IF(T12="DUCT",'Catalogue Aluminium'!$N$143,IF(T12="TRENCH",'Catalogue Aluminium'!$N$144,"NA")))) -> NA | AL12: =IF(T12="Air",(IF(U12="1C",'Catalogue Aluminium'!$O$141,'Catalogue Aluminium'!$P$141)),IF(T12="DUCT",(IF($U12="1C",'Catalogue Aluminium'!$O$142,'Catalogue Aluminium'!$P$142)),IF(T12="GROUND",(IF($U12="1C",'Catalogue Aluminium'!$O$143,'Catalogue Aluminium'!$P$143)),IF(T12="TRENCH",(IF($U12="1C",'Catalogue Aluminium'!$O$144,'Catalogue Aluminium'!$P$144)))))) -> NA | AM12: =IF(T12="AIR","NA",IF(T12="TRENCH","NA",IF(T12="DUCT",IF(U12="1C",VLOOKUP(V12,'Catalogue Aluminium'!$Q$142:$S$153,2,FALSE),VLOOKUP(V12,'Catalogue Aluminium'!$Q$142:$S$153,3)),IF(T12="GROUND",IF(U12="1C",VLOOKUP(V12,'Catalogue Aluminium'!$Q$142:$S$153,2,FALSE),VLOOKUP(V12,'Catalogue Aluminium'!$Q$142:$S$153,3)))))) -> NA | AN12: =IF(T12="AIR",AI12*AJ12,IF(T12="TRENCH",AI12*AJ12,IF(T12="DUCT",AJ12*AK12*AL12*AM12,IF(T12="GROUND",AJ12*AK12*AL12*AM12)))) -> 0.5986 | AO12: =Z12*AN12 -> 184.9674 | AP12: =CEILING(((N12)/AO12),1) -> 1 | AQ12: =IF(AO12*AP12>=N12,"YES","NO") -> YES | AR12: =SQRT(3)*AH12*N12*((AA12*L12)+(AB12*SIN(ACOS(L12))))*100/(AP12*K12*1000) -> 0.05359689 | AS12: =IF(G12="INCOMER",(IF(AR12<=2,"YES","NO")),IF(G12="POWER",(IF(AR12<=2.5,"YES","NO")),IF(G12="MOTOR",(IF(AR12<=3,"YES","NO"))))) -> YES | AT12: =IF(G12="MOTOR",(SQRT(3)*AH12*O12*((AA12*P12)+(AB12*SIN(ACOS(P12))))*100/(AP12*K12*1000)),"NA") -> 0.16831449 | AU12: =IF(G12="MOTOR",IF(AT12<=15,"YES","NO"),"NA") -> YES | AV12: =IF(U12="1C",CONCATENATE(AP12,"R x ",Y12,"kV x ",U12," x ",V12," Sqmm/Phase"),CONCATENATE(AP12,"R x ","6/10 (12)kV x ",U12," x ",V12," Sqmm")) -> 1R x 6/10 (12)kV x 3C x 150 Sqmm | AW12: =IF(U12="1C",CONCATENATE(AP12,"R x ",Y12,"kV x ",U12," x ",V12," Sqmm/Phase"),CONCATENATE(AP12,"R x ","6/10 (12)kV x ",U12," x ",V12," Sqmm")) -> 1R x 6/10 (12)kV x 3C x 150 Sqmm | AX12: =IF(U12="1C",(3*AH12*AP12),(AH12*AP12)) -> 550 | AZ12: =IF(U12="1C",(3*AP12*2),(AP12*2)) -> 2 | BA12: =CONCATENATE(IF(BE12=1,BE$4,""),IF(BF12=1,BF$4,""),IF(BG12=1,BG$4,""),IF(BH12=1,BH$4,""),IF(BI12=1,BI$4,""),IF(BJ12=1,BJ$4,""),IF(BK12=1,BK$4,""),IF(BL12=1,BL$4,""),IF(BM12=1,BM$4,""),IF(BN12=1,BN$4,""),IF(BO12=1,BO$4,""),IF(BP12=1,BP$4,""),IF(BQ12=1,BQ$4,""),IF(BR12=1,BR$4,""),IF(BS12=1,BS$4,""),IF(BT12=1,BT$4,""),IF(BU12=1,BU$4,""),IF(BV12=1,BV$4,""),IF(BW12=1,BW$4,""),IF(BX12=1,BX$4,""),IF(BY12=1,BY$4,""),IF(BZ12=1,BZ$4,""),IF(CA12=1,CA$4,""),IF(CB12=1,CB$4,""),IF(CC12=1,CC$4,""),IF(CD12=1,CD$4,""),IF(CE12=1,CE$4,""),IF(CF12=1,CF$4,""),IF(CG12=1,CG$4,""),IF(CH12=1,CH$4,""),IF(CI12=1,CI$4,""),IF(CJ12=1,CJ$4,""),IF(CK12=1,CK$4,""),IF(CL12=1,CL$4,""),IF(CM12=1,CM$4,""),IF(CN12=1,CN$4,""),IF(CO12=1,CO$4,""),IF(CP12=1,CP$4,""),IF(CQ12=1,CQ$4,""),IF(CR12=1,CR$4,""),IF(CS12=1,CS$4,""),IF(CT12=1,CT$4,""),IF(CU12=1,CU$4,""),IF(CV12=1,CV$4,""),IF(CW12=1,CW$4,""),IF(CX12=1,CX$4,""),IF(CY12=1,CY$4,""),IF(CZ12=1,CZ$4,""),IF(DA12=1,DA$4,""),IF(DB12=1,DB$4,""),IF(DC12=1,DC$4,""),IF(DD12=1,DD$4,""),IF(DE12=1,DE$4,""),IF(DF12=1,DF$4,""),IF(DG12=1,DG$4,""),IF(DH12=1,DH$4,""),IF(DI12=1,DI$4,""),IF(DJ12=1,DJ$4,""),IF(DK12=1,DK$4,""),IF(DL12=1,DL$4,""),IF(DM12=1,DM$4,""),IF(DN12=1,DN$4,""),IF(DO12=1,DO$4,""),IF(DP12=1,DP$4,""),IF(DQ12=1,DQ$4,""),IF(DR12=1,DR$4,""),IF(DS12=1,DS$4,""),IF(DT12=1,DT$4,""),IF(DU12=1,DU$4,"")) -> ACDEFGIJ | BB12: =VLOOKUP(W12,'Catalogue Aluminium'!$B$141:$H$173,7,FALSE) -> 62 | BC12: =AP12*BB12 -> 62 | BF12: 1 | BI12: 1 | BJ12: 1 | BN12: 1 | BV12: 1 | BW12: 1 | BZ12: 1 | CD12: 1 | DW12: =IF(BE12=1,($BC12*BE12),0) -> 0 | DX12: =IF(BF12=1,($BC12*BF12),0) -> 62 | DY12: =IF(BG12=1,($BC12*BG12),0) -> 0 | DZ12: =IF(BH12=1,($BC12*BH12),0) -> 0 | EA12: =IF(BI12=1,($BC12*BI12),0) -> 62 | EB12: =IF(BJ12=1,($BC12*BJ12),0) -> 62 | EC12: =IF(BK12=1,($BC12*BK12),0) -> 0 | ED12: =IF(BL12=1,($BC12*BL12),0) -> 0 | ... GM12: =IF(DU12=1,($BC12*DU12),0) -> 0
A13: =A12+1 -> 5 | B13: 1402-P002B | C13: =$D$6 -> 11kV MV Switchgear-1 | D13: AMMONIA TRANSFER PUMP-SPACE HEATER | E13: AMMONIA STORAGE AREA | F13: B | G13: POWER | H13: 0.15 | I13: kW | J13: 1Ph | K13: 230 | L13: 0.85 | M13: 0.95 | N13: =IF(I13="kVA",IF(J13="3Ph",(H13*1000/(1.732*M13*K13)),(H13*1000/(M13*K13))),IF(I13="kW",IF(J13="3Ph",(H13*1000/(1.732*M13*K13*L13)),(H13*1000/(M13*K13*L13))))) -> 0.80764571 | O13: =IF(G13="MOTOR",(6*N13),IF(G13="VFD",(1*N13),0)) -> 0 | P13: =IF(G13="MOTOR",0.2,"0.00") -> 0.00 | Q13: 65 | R13: 0 | S13: =(Q13*1000*SQRT(R13)/94) -> 0 | T13: AIR | U13: 3C | V13: 4 | W13: =CONCATENATE(U13," X ",V13) -> 3C X 4 | X13: =(IF(J13="1Ph",W13,IF(J13="3Ph",(IF(G13="MOTOR",(CONCATENATE(W13,"+PE")),W13))))) -> 3C X 4 | Y13: 0.6/1.0 | Z13: =IF(T13="AIR",VLOOKUP(W13,'Catalogue Aluminium'!$B$141:$G$173,2,FALSE),IF(T13="GROUND",VLOOKUP(W13,'Catalogue Aluminium'!$B$141:$G$173,3,FALSE),IF(T13="DUCT",VLOOKUP(W13,'Catalogue Aluminium'!$B$141:$G$173,4,FALSE),IF(T13="TRENCH",VLOOKUP(W13,'Catalogue Aluminium'!$B$141:$G$173,2,FALSE))))) -> 38 | AA13: =VLOOKUP(W13,'Catalogue Aluminium'!$B$141:$G$173,5,FALSE) -> 5.9 | AB13: =VLOOKUP(W13,'Catalogue Aluminium'!$B$141:$G$173,6,FALSE) -> 0.0947 | AC13: =23+30 -> 53 | AD13: =40+50+38+50+58+60+20+31+45 -> 392 | AE13: =11+8+3+10+10 -> 42 | AF13: =5+5 -> 10 | AG13: =ROUNDUP(SUM(AC13:AF13)*0.1,0) -> 50 | AH13: =CEILING(SUM(AC13:AG13),10) -> 550 | AI13: =IF(T13="AIR",'Catalogue Aluminium'!$K$141,IF(T13="TRENCH",'Catalogue Aluminium'!$K$144,"NA")) -> 0.82 | AJ13: =IF(T13="Air",(IF(U13="1C",'Catalogue Aluminium'!$L$141,'Catalogue Aluminium'!$M$141)),IF(T13="DUCT",(IF($U13="1C",'Catalogue Aluminium'!$L$142,'Catalogue Aluminium'!$M$142)),IF(T13="GROUND",(IF($U13="1C",'Catalogue Aluminium'!$L$143,'Catalogue Aluminium'!$M$143)),IF(T13="TRENCH",(IF($U13="1C",'Catalogue Aluminium'!$L$144,'Catalogue Aluminium'!$M$144)))))) -> 0.73 | AK13: =IF(T13="Air",'Catalogue Aluminium'!$N$141,IF(T13="GROUND",'Catalogue Aluminium'!$N$142,IF(T13="DUCT",'Catalogue Aluminium'!$N$143,IF(T13="TRENCH",'Catalogue Aluminium'!$N$144,"NA")))) -> NA | AL13: =IF(T13="Air",(IF(U13="1C",'Catalogue Aluminium'!$O$141,'Catalogue Aluminium'!$P$141)),IF(T13="DUCT",(IF($U13="1C",'Catalogue Aluminium'!$O$142,'Catalogue Aluminium'!$P$142)),IF(T13="GROUND",(IF($U13="1C",'Catalogue Aluminium'!$O$143,'Catalogue Aluminium'!$P$143)),IF(T13="TRENCH",(IF($U13="1C",'Catalogue Aluminium'!$O$144,'Catalogue Aluminium'!$P$144)))))) -> NA | AM13: =IF(T13="AIR","NA",IF(T13="TRENCH","NA",IF(T13="DUCT",IF(U13="1C",VLOOKUP(V13,'Catalogue Aluminium'!$Q$142:$S$153,2,FALSE),VLOOKUP(V13,'Catalogue Aluminium'!$Q$142:$S$153,3)),IF(T13="GROUND",IF(U13="1C",VLOOKUP(V13,'Catalogue Aluminium'!$Q$142:$S$153,2,FALSE),VLOOKUP(V13,'Catalogue Aluminium'!$Q$142:$S$153,3)))))) -> NA | AN13: =IF(T13="AIR",AI13*AJ13,IF(T13="TRENCH",AI13*AJ13,IF(T13="DUCT",AJ13*AK13*AL13*AM13,IF(T13="GROUND",AJ13*AK13*AL13*AM13)))) -> 0.5986 | AO13: =Z13*AN13 -> 22.7468 | AP13: =CEILING(((N13)/AO13),1) -> 1 | AQ13: =IF(AO13*AP13>=N13,"YES","NO") -> YES | AR13: =SQRT(3)*AH13*N13*((AA13*L13)+(AB13*SIN(ACOS(L13))))*100/(AP13*K13*1000) -> 1.6942835 | AS13: =IF(G13="INCOMER",(IF(AR13<=2,"YES","NO")),IF(G13="POWER",(IF(AR13<=2.5,"YES","NO")),IF(G13="MOTOR",(IF(AR13<=3,"YES","NO"))))) -> YES | AT13: =IF(G13="MOTOR",(SQRT(3)*AH13*O13*((AA13*P13)+(AB13*SIN(ACOS(P13))))*100/(AP13*K13*1000)),"NA") -> NA | AU13: =IF(G13="MOTOR",IF(AT13<=15,"YES","NO"),"NA") -> NA | AV13: =IF(U13="1C",CONCATENATE(AP13,"R x ",Y13,"kV x ",U13," x ",V13," Sqmm/Phase"),CONCATENATE(AP13,"R x ","6/10 (12)kV x ",U13," x ",V13," Sqmm")) -> 1R x 6/10 (12)kV x 3C x 4 Sqmm | AW13: =IF(U13="1C",CONCATENATE(AP13,"R x ",Y13,"kV x ",U13," x ",V13," Sqmm/Phase"),CONCATENATE(AP13,"R x ","6/10 (12)kV x ",U13," x ",V13," Sqmm")) -> 1R x 6/10 (12)kV x 3C x 4 Sqmm | AX13: =IF(U13="1C",(3*AH13*AP13),(AH13*AP13)) -> 550 | AZ13: =IF(U13="1C",(3*AP13*2),(AP13*2)) -> 2 | BA13: =CONCATENATE(IF(BE13=1,BE$4,""),IF(BF13=1,BF$4,""),IF(BG13=1,BG$4,""),IF(BH13=1,BH$4,""),IF(BI13=1,BI$4,""),IF(BJ13=1,BJ$4,""),IF(BK13=1,BK$4,""),IF(BL13=1,BL$4,""),IF(BM13=1,BM$4,""),IF(BN13=1,BN$4,""),IF(BO13=1,BO$4,""),IF(BP13=1,BP$4,""),IF(BQ13=1,BQ$4,""),IF(BR13=1,BR$4,""),IF(BS13=1,BS$4,""),IF(BT13=1,BT$4,""),IF(BU13=1,BU$4,""),IF(BV13=1,BV$4,""),IF(BW13=1,BW$4,""),IF(BX13=1,BX$4,""),IF(BY13=1,BY$4,""),IF(BZ13=1,BZ$4,""),IF(CA13=1,CA$4,""),IF(CB13=1,CB$4,""),IF(CC13=1,CC$4,""),IF(CD13=1,CD$4,""),IF(CE13=1,CE$4,""),IF(CF13=1,CF$4,""),IF(CG13=1,CG$4,""),IF(CH13=1,CH$4,""),IF(CI13=1,CI$4,""),IF(CJ13=1,CJ$4,""),IF(CK13=1,CK$4,""),IF(CL13=1,CL$4,""),IF(CM13=1,CM$4,""),IF(CN13=1,CN$4,""),IF(CO13=1,CO$4,""),IF(CP13=1,CP$4,""),IF(CQ13=1,CQ$4,""),IF(CR13=1,CR$4,""),IF(CS13=1,CS$4,""),IF(CT13=1,CT$4,""),IF(CU13=1,CU$4,""),IF(CV13=1,CV$4,""),IF(CW13=1,CW$4,""),IF(CX13=1,CX$4,""),IF(CY13=1,CY$4,""),IF(CZ13=1,CZ$4,""),IF(DA13=1,DA$4,""),IF(DB13=1,DB$4,""),IF(DC13=1,DC$4,""),IF(DD13=1,DD$4,""),IF(DE13=1,DE$4,""),IF(DF13=1,DF$4,""),IF(DG13=1,DG$4,""),IF(DH13=1,DH$4,""),IF(DI13=1,DI$4,""),IF(DJ13=1,DJ$4,""),IF(DK13=1,DK$4,""),IF(DL13=1,DL$4,""),IF(DM13=1,DM$4,""),IF(DN13=1,DN$4,""),IF(DO13=1,DO$4,""),IF(DP13=1,DP$4,""),IF(DQ13=1,DQ$4,""),IF(DR13=1,DR$4,""),IF(DS13=1,DS$4,""),IF(DT13=1,DT$4,""),IF(DU13=1,DU$4,"")) -> ACDEFGIJ | BB13: =VLOOKUP(W13,'Catalogue Aluminium'!$B$141:$H$173,7,FALSE) -> 15 | BC13: =AP13*BB13 -> 15 | BF13: 1 | BI13: 1 | BJ13: 1 | BN13: 1 | BV13: 1 | BW13: 1 | BZ13: 1 | CD13: 1 | DW13: =IF(BE13=1,($BC13*BE13),0) -> 0 | DX13: =IF(BF13=1,($BC13*BF13),0) -> 15 | DY13: =IF(BG13=1,($BC13*BG13),0) -> 0 | DZ13: =IF(BH13=1,($BC13*BH13),0) -> 0 | EA13: =IF(BI13=1,($BC13*BI13),0) -> 15 | EB13: =IF(BJ13=1,($BC13*BJ13),0) -> 15 | EC13: =IF(BK13=1,($BC13*BK13),0) -> 0 | ED13: =IF(BL13=1,($BC13*BL13),0) -> 0 | ... GM13: =IF(DU13=1,($BC13*DU13),0) -> 0
A14: =A13+1 -> 6 | B14: 1402-PK003A | C14: =$D$6 -> 11kV MV Switchgear-1 | D14: AMMONIA HOLDING COMPRESSOR | E14: AMMONIA STORAGE AREA | F14: A | G14: MOTOR | H14: 620 | I14: kW | J14: 3Ph | K14: 11000 | L14: 0.84 | M14: 0.95 | N14: =IF(I14="kVA",IF(J14="3Ph",(H14*1000/(1.732*M14*K14)),(H14*1000/(M14*K14))),IF(I14="kW",IF(J14="3Ph",(H14*1000/(1.732*M14*K14*L14)),(H14*1000/(M14*K14*L14))))) -> 40.780094 | O14: =IF(G14="MOTOR",(6*N14),IF(G14="VFD",(1*N14),0)) -> 244.68057 | P14: =IF(G14="MOTOR",0.2,"0.00") -> 0.2 | Q14: 31.5 | R14: 0.16 | S14: =(Q14*1000*SQRT(R14)/94) -> 134.04255 | T14: AIR | U14: 3C | V14: 150 | W14: =CONCATENATE(U14," X ",V14) -> 3C X 150 | X14: =(IF(J14="1Ph",W14,IF(J14="3Ph",(IF(G14="MOTOR",(CONCATENATE(W14,"+PE")),W14))))) -> 3C X 150+PE | Y14: 6/10(12) | Z14: =IF(T14="AIR",VLOOKUP(W14,'Catalogue Aluminium'!$B$141:$G$173,2,FALSE),IF(T14="GROUND",VLOOKUP(W14,'Catalogue Aluminium'!$B$141:$G$173,3,FALSE),IF(T14="DUCT",VLOOKUP(W14,'Catalogue Aluminium'!$B$141:$G$173,4,FALSE),IF(T14="TRENCH",VLOOKUP(W14,'Catalogue Aluminium'!$B$141:$G$173,2,FALSE))))) -> 309 | AA14: =VLOOKUP(W14,'Catalogue Aluminium'!$B$141:$G$173,5,FALSE) -> 0.265 | AB14: =VLOOKUP(W14,'Catalogue Aluminium'!$B$141:$G$173,6,FALSE) -> 0.093 | AC14: =37+30 -> 67 | AD14: =40+50+38+50+58+60+20+31+48 -> 395 | AE14: =11+8+3+10+10 -> 42 | AF14: =5+5 -> 10 | AG14: =ROUNDUP(SUM(AC14:AF14)*0.1,0) -> 52 | AH14: =CEILING(SUM(AC14:AG14),10) -> 570 | AI14: =IF(T14="AIR",'Catalogue Aluminium'!$K$141,IF(T14="TRENCH",'Catalogue Aluminium'!$K$144,"NA")) -> 0.82 | AJ14: =IF(T14="Air",(IF(U14="1C",'Catalogue Aluminium'!$L$141,'Catalogue Aluminium'!$M$141)),IF(T14="DUCT",(IF($U14="1C",'Catalogue Aluminium'!$L$142,'Catalogue Aluminium'!$M$142)),IF(T14="GROUND",(IF($U14="1C",'Catalogue Aluminium'!$L$143,'Catalogue Aluminium'!$M$143)),IF(T14="TRENCH",(IF($U14="1C",'Catalogue Aluminium'!$L$144,'Catalogue Aluminium'!$M$144)))))) -> 0.73 | AK14: =IF(T14="Air",'Catalogue Aluminium'!$N$141,IF(T14="GROUND",'Catalogue Aluminium'!$N$142,IF(T14="DUCT",'Catalogue Aluminium'!$N$143,IF(T14="TRENCH",'Catalogue Aluminium'!$N$144,"NA")))) -> NA | AL14: =IF(T14="Air",(IF(U14="1C",'Catalogue Aluminium'!$O$141,'Catalogue Aluminium'!$P$141)),IF(T14="DUCT",(IF($U14="1C",'Catalogue Aluminium'!$O$142,'Catalogue Aluminium'!$P$142)),IF(T14="GROUND",(IF($U14="1C",'Catalogue Aluminium'!$O$143,'Catalogue Aluminium'!$P$143)),IF(T14="TRENCH",(IF($U14="1C",'Catalogue Aluminium'!$O$144,'Catalogue Aluminium'!$P$144)))))) -> NA | AM14: =IF(T14="AIR","NA",IF(T14="TRENCH","NA",IF(T14="DUCT",IF(U14="1C",VLOOKUP(V14,'Catalogue Aluminium'!$Q$142:$S$153,2,FALSE),VLOOKUP(V14,'Catalogue Aluminium'!$Q$142:$S$153,3)),IF(T14="GROUND",IF(U14="1C",VLOOKUP(V14,'Catalogue Aluminium'!$Q$142:$S$153,2,FALSE),VLOOKUP(V14,'Catalogue Aluminium'!$Q$142:$S$153,3)))))) -> NA | AN14: =IF(T14="AIR",AI14*AJ14,IF(T14="TRENCH",AI14*AJ14,IF(T14="DUCT",AJ14*AK14*AL14*AM14,IF(T14="GROUND",AJ14*AK14*AL14*AM14)))) -> 0.5986 | AO14: =Z14*AN14 -> 184.9674 | AP14: =CEILING(((N14)/AO14),1) -> 1 | AQ14: =IF(AO14*AP14>=N14,"YES","NO") -> YES | AR14: =SQRT(3)*AH14*N14*((AA14*L14)+(AB14*SIN(ACOS(L14))))*100/(AP14*K14*1000) -> 0.099942443 | AS14: =IF(G14="INCOMER",(IF(AR14<=2,"YES","NO")),IF(G14="POWER",(IF(AR14<=2.5,"YES","NO")),IF(G14="MOTOR",(IF(AR14<=3,"YES","NO"))))) -> YES | AT14: =IF(G14="MOTOR",(SQRT(3)*AH14*O14*((AA14*P14)+(AB14*SIN(ACOS(P14))))*100/(AP14*K14*1000)),"NA") -> 0.316497 | AU14: =IF(G14="MOTOR",IF(AT14<=15,"YES","NO"),"NA") -> YES | AV14: =IF(U14="1C",CONCATENATE(AP14,"R x ",Y14,"kV x ",U14," x ",V14," Sqmm/Phase"),CONCATENATE(AP14,"R x ","6/10 (12)kV x ",U14," x ",V14," Sqmm")) -> 1R x 6/10 (12)kV x 3C x 150 Sqmm | AW14: =IF(U14="1C",CONCATENATE(AP14,"R x ",Y14,"kV x ",U14," x ",V14," Sqmm/Phase"),CONCATENATE(AP14,"R x ","6/10 (12)kV x ",U14," x ",V14," Sqmm")) -> 1R x 6/10 (12)kV x 3C x 150 Sqmm | AX14: =IF(U14="1C",(3*AH14*AP14),(AH14*AP14)) -> 570 | AZ14: =IF(U14="1C",(3*AP14*2),(AP14*2)) -> 2 | BA14: =CONCATENATE(IF(BE14=1,BE$4,""),IF(BF14=1,BF$4,""),IF(BG14=1,BG$4,""),IF(BH14=1,BH$4,""),IF(BI14=1,BI$4,""),IF(BJ14=1,BJ$4,""),IF(BK14=1,BK$4,""),IF(BL14=1,BL$4,""),IF(BM14=1,BM$4,""),IF(BN14=1,BN$4,""),IF(BO14=1,BO$4,""),IF(BP14=1,BP$4,""),IF(BQ14=1,BQ$4,""),IF(BR14=1,BR$4,""),IF(BS14=1,BS$4,""),IF(BT14=1,BT$4,""),IF(BU14=1,BU$4,""),IF(BV14=1,BV$4,""),IF(BW14=1,BW$4,""),IF(BX14=1,BX$4,""),IF(BY14=1,BY$4,""),IF(BZ14=1,BZ$4,""),IF(CA14=1,CA$4,""),IF(CB14=1,CB$4,""),IF(CC14=1,CC$4,""),IF(CD14=1,CD$4,""),IF(CE14=1,CE$4,""),IF(CF14=1,CF$4,""),IF(CG14=1,CG$4,""),IF(CH14=1,CH$4,""),IF(CI14=1,CI$4,""),IF(CJ14=1,CJ$4,""),IF(CK14=1,CK$4,""),IF(CL14=1,CL$4,""),IF(CM14=1,CM$4,""),IF(CN14=1,CN$4,""),IF(CO14=1,CO$4,""),IF(CP14=1,CP$4,""),IF(CQ14=1,CQ$4,""),IF(CR14=1,CR$4,""),IF(CS14=1,CS$4,""),IF(CT14=1,CT$4,""),IF(CU14=1,CU$4,""),IF(CV14=1,CV$4,""),IF(CW14=1,CW$4,""),IF(CX14=1,CX$4,""),IF(CY14=1,CY$4,""),IF(CZ14=1,CZ$4,""),IF(DA14=1,DA$4,""),IF(DB14=1,DB$4,""),IF(DC14=1,DC$4,""),IF(DD14=1,DD$4,""),IF(DE14=1,DE$4,""),IF(DF14=1,DF$4,""),IF(DG14=1,DG$4,""),IF(DH14=1,DH$4,""),IF(DI14=1,DI$4,""),IF(DJ14=1,DJ$4,""),IF(DK14=1,DK$4,""),IF(DL14=1,DL$4,""),IF(DM14=1,DM$4,""),IF(DN14=1,DN$4,""),IF(DO14=1,DO$4,""),IF(DP14=1,DP$4,""),IF(DQ14=1,DQ$4,""),IF(DR14=1,DR$4,""),IF(DS14=1,DS$4,""),IF(DT14=1,DT$4,""),IF(DU14=1,DU$4,"")) -> ACDEFGIJ | BB14: =VLOOKUP(W14,'Catalogue Aluminium'!$B$141:$H$173,7,FALSE) -> 62 | BC14: =AP14*BB14 -> 62 | BF14: 1 | BI14: 1 | BJ14: 1 | BN14: 1 | BV14: 1 | BW14: 1 | BZ14: 1 | CD14: 1 | DW14: =IF(BE14=1,($BC14*BE14),0) -> 0 | DX14: =IF(BF14=1,($BC14*BF14),0) -> 62 | DY14: =IF(BG14=1,($BC14*BG14),0) -> 0 | DZ14: =IF(BH14=1,($BC14*BH14),0) -> 0 | EA14: =IF(BI14=1,($BC14*BI14),0) -> 62 | EB14: =IF(BJ14=1,($BC14*BJ14),0) -> 62 | EC14: =IF(BK14=1,($BC14*BK14),0) -> 0 | ED14: =IF(BL14=1,($BC14*BL14),0) -> 0 | ... GM14: =IF(DU14=1,($BC14*DU14),0) -> 0
A15: =A14+1 -> 7 | B15: 1402-PK003A | C15: =$D$6 -> 11kV MV Switchgear-1 | D15: AMMONIA HOLDING COMPRESSOR-SPACE HEATER | E15: AMMONIA STORAGE AREA | F15: A | G15: POWER | H15: 0.15 | I15: kW | J15: 1Ph | K15: 230 | L15: 0.85 | M15: 0.95 | N15: =IF(I15="kVA",IF(J15="3Ph",(H15*1000/(1.732*M15*K15)),(H15*1000/(M15*K15))),IF(I15="kW",IF(J15="3Ph",(H15*1000/(1.732*M15*K15*L15)),(H15*1000/(M15*K15*L15))))) -> 0.80764571 | O15: =IF(G15="MOTOR",(6*N15),IF(G15="VFD",(1*N15),0)) -> 0 | P15: =IF(G15="MOTOR",0.2,"0.00") -> 0.00 | Q15: 65 | R15: 0 | S15: =(Q15*1000*SQRT(R15)/94) -> 0 | T15: AIR | U15: 3C | V15: 4 | W15: =CONCATENATE(U15," X ",V15) -> 3C X 4 | X15: =(IF(J15="1Ph",W15,IF(J15="3Ph",(IF(G15="MOTOR",(CONCATENATE(W15,"+PE")),W15))))) -> 3C X 4 | Y15: 0.6/1.0 | Z15: =IF(T15="AIR",VLOOKUP(W15,'Catalogue Aluminium'!$B$141:$G$173,2,FALSE),IF(T15="GROUND",VLOOKUP(W15,'Catalogue Aluminium'!$B$141:$G$173,3,FALSE),IF(T15="DUCT",VLOOKUP(W15,'Catalogue Aluminium'!$B$141:$G$173,4,FALSE),IF(T15="TRENCH",VLOOKUP(W15,'Catalogue Aluminium'!$B$141:$G$173,2,FALSE))))) -> 38 | AA15: =VLOOKUP(W15,'Catalogue Aluminium'!$B$141:$G$173,5,FALSE) -> 5.9 | AB15: =VLOOKUP(W15,'Catalogue Aluminium'!$B$141:$G$173,6,FALSE) -> 0.0947 | AC15: =37+30 -> 67 | AD15: =40+50+38+50+58+60+20+31+48 -> 395 | AE15: =11+8+3+10+10 -> 42 | AF15: =5+5 -> 10 | AG15: =ROUNDUP(SUM(AC15:AF15)*0.1,0) -> 52 | AH15: =CEILING(SUM(AC15:AG15),10) -> 570 | AI15: =IF(T15="AIR",'Catalogue Aluminium'!$K$141,IF(T15="TRENCH",'Catalogue Aluminium'!$K$144,"NA")) -> 0.82 | AJ15: =IF(T15="Air",(IF(U15="1C",'Catalogue Aluminium'!$L$141,'Catalogue Aluminium'!$M$141)),IF(T15="DUCT",(IF($U15="1C",'Catalogue Aluminium'!$L$142,'Catalogue Aluminium'!$M$142)),IF(T15="GROUND",(IF($U15="1C",'Catalogue Aluminium'!$L$143,'Catalogue Aluminium'!$M$143)),IF(T15="TRENCH",(IF($U15="1C",'Catalogue Aluminium'!$L$144,'Catalogue Aluminium'!$M$144)))))) -> 0.73 | AK15: =IF(T15="Air",'Catalogue Aluminium'!$N$141,IF(T15="GROUND",'Catalogue Aluminium'!$N$142,IF(T15="DUCT",'Catalogue Aluminium'!$N$143,IF(T15="TRENCH",'Catalogue Aluminium'!$N$144,"NA")))) -> NA | AL15: =IF(T15="Air",(IF(U15="1C",'Catalogue Aluminium'!$O$141,'Catalogue Aluminium'!$P$141)),IF(T15="DUCT",(IF($U15="1C",'Catalogue Aluminium'!$O$142,'Catalogue Aluminium'!$P$142)),IF(T15="GROUND",(IF($U15="1C",'Catalogue Aluminium'!$O$143,'Catalogue Aluminium'!$P$143)),IF(T15="TRENCH",(IF($U15="1C",'Catalogue Aluminium'!$O$144,'Catalogue Aluminium'!$P$144)))))) -> NA | AM15: =IF(T15="AIR","NA",IF(T15="TRENCH","NA",IF(T15="DUCT",IF(U15="1C",VLOOKUP(V15,'Catalogue Aluminium'!$Q$142:$S$153,2,FALSE),VLOOKUP(V15,'Catalogue Aluminium'!$Q$142:$S$153,3)),IF(T15="GROUND",IF(U15="1C",VLOOKUP(V15,'Catalogue Aluminium'!$Q$142:$S$153,2,FALSE),VLOOKUP(V15,'Catalogue Aluminium'!$Q$142:$S$153,3)))))) -> NA | AN15: =IF(T15="AIR",AI15*AJ15,IF(T15="TRENCH",AI15*AJ15,IF(T15="DUCT",AJ15*AK15*AL15*AM15,IF(T15="GROUND",AJ15*AK15*AL15*AM15)))) -> 0.5986 | AO15: =Z15*AN15 -> 22.7468 | AP15: =CEILING(((N15)/AO15),1) -> 1 | AQ15: =IF(AO15*AP15>=N15,"YES","NO") -> YES | AR15: =SQRT(3)*AH15*N15*((AA15*L15)+(AB15*SIN(ACOS(L15))))*100/(AP15*K15*1000) -> 1.7558938 | AS15: =IF(G15="INCOMER",(IF(AR15<=2,"YES","NO")),IF(G15="POWER",(IF(AR15<=2.5,"YES","NO")),IF(G15="MOTOR",(IF(AR15<=3,"YES","NO"))))) -> YES | AT15: =IF(G15="MOTOR",(SQRT(3)*AH15*O15*((AA15*P15)+(AB15*SIN(ACOS(P15))))*100/(AP15*K15*1000)),"NA") -> NA | AU15: =IF(G15="MOTOR",IF(AT15<=15,"YES","NO"),"NA") -> NA | AV15: =IF(U15="1C",CONCATENATE(AP15,"R x ",Y15,"kV x ",U15," x ",V15," Sqmm/Phase"),CONCATENATE(AP15,"R x ","6/10 (12)kV x ",U15," x ",V15," Sqmm")) -> 1R x 6/10 (12)kV x 3C x 4 Sqmm | AW15: =IF(U15="1C",CONCATENATE(AP15,"R x ",Y15,"kV x ",U15," x ",V15," Sqmm/Phase"),CONCATENATE(AP15,"R x ","6/10 (12)kV x ",U15," x ",V15," Sqmm")) -> 1R x 6/10 (12)kV x 3C x 4 Sqmm | AX15: =IF(U15="1C",(3*AH15*AP15),(AH15*AP15)) -> 570 | AZ15: =IF(U15="1C",(3*AP15*2),(AP15*2)) -> 2 | BA15: =CONCATENATE(IF(BE15=1,BE$4,""),IF(BF15=1,BF$4,""),IF(BG15=1,BG$4,""),IF(BH15=1,BH$4,""),IF(BI15=1,BI$4,""),IF(BJ15=1,BJ$4,""),IF(BK15=1,BK$4,""),IF(BL15=1,BL$4,""),IF(BM15=1,BM$4,""),IF(BN15=1,BN$4,""),IF(BO15=1,BO$4,""),IF(BP15=1,BP$4,""),IF(BQ15=1,BQ$4,""),IF(BR15=1,BR$4,""),IF(BS15=1,BS$4,""),IF(BT15=1,BT$4,""),IF(BU15=1,BU$4,""),IF(BV15=1,BV$4,""),IF(BW15=1,BW$4,""),IF(BX15=1,BX$4,""),IF(BY15=1,BY$4,""),IF(BZ15=1,BZ$4,""),IF(CA15=1,CA$4,""),IF(CB15=1,CB$4,""),IF(CC15=1,CC$4,""),IF(CD15=1,CD$4,""),IF(CE15=1,CE$4,""),IF(CF15=1,CF$4,""),IF(CG15=1,CG$4,""),IF(CH15=1,CH$4,""),IF(CI15=1,CI$4,""),IF(CJ15=1,CJ$4,""),IF(CK15=1,CK$4,""),IF(CL15=1,CL$4,""),IF(CM15=1,CM$4,""),IF(CN15=1,CN$4,""),IF(CO15=1,CO$4,""),IF(CP15=1,CP$4,""),IF(CQ15=1,CQ$4,""),IF(CR15=1,CR$4,""),IF(CS15=1,CS$4,""),IF(CT15=1,CT$4,""),IF(CU15=1,CU$4,""),IF(CV15=1,CV$4,""),IF(CW15=1,CW$4,""),IF(CX15=1,CX$4,""),IF(CY15=1,CY$4,""),IF(CZ15=1,CZ$4,""),IF(DA15=1,DA$4,""),IF(DB15=1,DB$4,""),IF(DC15=1,DC$4,""),IF(DD15=1,DD$4,""),IF(DE15=1,DE$4,""),IF(DF15=1,DF$4,""),IF(DG15=1,DG$4,""),IF(DH15=1,DH$4,""),IF(DI15=1,DI$4,""),IF(DJ15=1,DJ$4,""),IF(DK15=1,DK$4,""),IF(DL15=1,DL$4,""),IF(DM15=1,DM$4,""),IF(DN15=1,DN$4,""),IF(DO15=1,DO$4,""),IF(DP15=1,DP$4,""),IF(DQ15=1,DQ$4,""),IF(DR15=1,DR$4,""),IF(DS15=1,DS$4,""),IF(DT15=1,DT$4,""),IF(DU15=1,DU$4,"")) -> ACDEFGIJ | BB15: =VLOOKUP(W15,'Catalogue Aluminium'!$B$141:$H$173,7,FALSE) -> 15 | BC15: =AP15*BB15 -> 15 | BF15: 1 | BI15: 1 | BJ15: 1 | BN15: 1 | BV15: 1 | BW15: 1 | BZ15: 1 | CD15: 1 | DW15: =IF(BE15=1,($BC15*BE15),0) -> 0 | DX15: =IF(BF15=1,($BC15*BF15),0) -> 15 | DY15: =IF(BG15=1,($BC15*BG15),0) -> 0 | DZ15: =IF(BH15=1,($BC15*BH15),0) -> 0 | EA15: =IF(BI15=1,($BC15*BI15),0) -> 15 | EB15: =IF(BJ15=1,($BC15*BJ15),0) -> 15 | EC15: =IF(BK15=1,($BC15*BK15),0) -> 0 | ED15: =IF(BL15=1,($BC15*BL15),0) -> 0 | ... GM15: =IF(DU15=1,($BC15*DU15),0) -> 0
A16: =A15+1 -> 8 | B16: 1402-PK003B | C16: =$D$6 -> 11kV MV Switchgear-1 | D16: AMMONIA HOLDING COMPRESSOR | E16: AMMONIA STORAGE AREA | F16: B | G16: MOTOR | H16: 620 | I16: kW | J16: 3Ph | K16: 11000 | L16: 0.84 | M16: 0.95 | N16: =IF(I16="kVA",IF(J16="3Ph",(H16*1000/(1.732*M16*K16)),(H16*1000/(M16*K16))),IF(I16="kW",IF(J16="3Ph",(H16*1000/(1.732*M16*K16*L16)),(H16*1000/(M16*K16*L16))))) -> 40.780094 | O16: =IF(G16="MOTOR",(6*N16),IF(G16="VFD",(1*N16),0)) -> 244.68057 | P16: =IF(G16="MOTOR",0.2,"0.00") -> 0.2 | Q16: 31.5 | R16: 0.16 | S16: =(Q16*1000*SQRT(R16)/94) -> 134.04255 | T16: AIR | U16: 3C | V16: 150 | W16: =CONCATENATE(U16," X ",V16) -> 3C X 150 | X16: =(IF(J16="1Ph",W16,IF(J16="3Ph",(IF(G16="MOTOR",(CONCATENATE(W16,"+PE")),W16))))) -> 3C X 150+PE | Y16: 6/10(12) | Z16: =IF(T16="AIR",VLOOKUP(W16,'Catalogue Aluminium'!$B$141:$G$173,2,FALSE),IF(T16="GROUND",VLOOKUP(W16,'Catalogue Aluminium'!$B$141:$G$173,3,FALSE),IF(T16="DUCT",VLOOKUP(W16,'Catalogue Aluminium'!$B$141:$G$173,4,FALSE),IF(T16="TRENCH",VLOOKUP(W16,'Catalogue Aluminium'!$B$141:$G$173,2,FALSE))))) -> 309 | AA16: =VLOOKUP(W16,'Catalogue Aluminium'!$B$141:$G$173,5,FALSE) -> 0.265 | AB16: =VLOOKUP(W16,'Catalogue Aluminium'!$B$141:$G$173,6,FALSE) -> 0.093 | AC16: =23+30 -> 53 | AD16: =40+50+38+50+58+60+20+31+51 -> 398 | AE16: =11+8+3+10+10 -> 42 | AF16: =5+5 -> 10 | AG16: =ROUNDUP(SUM(AC16:AF16)*0.1,0) -> 51 | AH16: =CEILING(SUM(AC16:AG16),10) -> 560 | AI16: =IF(T16="AIR",'Catalogue Aluminium'!$K$141,IF(T16="TRENCH",'Catalogue Aluminium'!$K$144,"NA")) -> 0.82 | AJ16: =IF(T16="Air",(IF(U16="1C",'Catalogue Aluminium'!$L$141,'Catalogue Aluminium'!$M$141)),IF(T16="DUCT",(IF($U16="1C",'Catalogue Aluminium'!$L$142,'Catalogue Aluminium'!$M$142)),IF(T16="GROUND",(IF($U16="1C",'Catalogue Aluminium'!$L$143,'Catalogue Aluminium'!$M$143)),IF(T16="TRENCH",(IF($U16="1C",'Catalogue Aluminium'!$L$144,'Catalogue Aluminium'!$M$144)))))) -> 0.73 | AK16: =IF(T16="Air",'Catalogue Aluminium'!$N$141,IF(T16="GROUND",'Catalogue Aluminium'!$N$142,IF(T16="DUCT",'Catalogue Aluminium'!$N$143,IF(T16="TRENCH",'Catalogue Aluminium'!$N$144,"NA")))) -> NA | AL16: =IF(T16="Air",(IF(U16="1C",'Catalogue Aluminium'!$O$141,'Catalogue Aluminium'!$P$141)),IF(T16="DUCT",(IF($U16="1C",'Catalogue Aluminium'!$O$142,'Catalogue Aluminium'!$P$142)),IF(T16="GROUND",(IF($U16="1C",'Catalogue Aluminium'!$O$143,'Catalogue Aluminium'!$P$143)),IF(T16="TRENCH",(IF($U16="1C",'Catalogue Aluminium'!$O$144,'Catalogue Aluminium'!$P$144)))))) -> NA | AM16: =IF(T16="AIR","NA",IF(T16="TRENCH","NA",IF(T16="DUCT",IF(U16="1C",VLOOKUP(V16,'Catalogue Aluminium'!$Q$142:$S$153,2,FALSE),VLOOKUP(V16,'Catalogue Aluminium'!$Q$142:$S$153,3)),IF(T16="GROUND",IF(U16="1C",VLOOKUP(V16,'Catalogue Aluminium'!$Q$142:$S$153,2,FALSE),VLOOKUP(V16,'Catalogue Aluminium'!$Q$142:$S$153,3)))))) -> NA | AN16: =IF(T16="AIR",AI16*AJ16,IF(T16="TRENCH",AI16*AJ16,IF(T16="DUCT",AJ16*AK16*AL16*AM16,IF(T16="GROUND",AJ16*AK16*AL16*AM16)))) -> 0.5986 | AO16: =Z16*AN16 -> 184.9674 | AP16: =CEILING(((N16)/AO16),1) -> 1 | AQ16: =IF(AO16*AP16>=N16,"YES","NO") -> YES | AR16: =SQRT(3)*AH16*N16*((AA16*L16)+(AB16*SIN(ACOS(L16))))*100/(AP16*K16*1000) -> 0.098189067 | AS16: =IF(G16="INCOMER",(IF(AR16<=2,"YES","NO")),IF(G16="POWER",(IF(AR16<=2.5,"YES","NO")),IF(G16="MOTOR",(IF(AR16<=3,"YES","NO"))))) -> YES | AT16: =IF(G16="MOTOR",(SQRT(3)*AH16*O16*((AA16*P16)+(AB16*SIN(ACOS(P16))))*100/(AP16*K16*1000)),"NA") -> 0.31094442 | AU16: =IF(G16="MOTOR",IF(AT16<=15,"YES","NO"),"NA") -> YES | AV16: =IF(U16="1C",CONCATENATE(AP16,"R x ",Y16,"kV x ",U16," x ",V16," Sqmm/Phase"),CONCATENATE(AP16,"R x ","6/10 (12)kV x ",U16," x ",V16," Sqmm")) -> 1R x 6/10 (12)kV x 3C x 150 Sqmm | AW16: =IF(U16="1C",CONCATENATE(AP16,"R x ",Y16,"kV x ",U16," x ",V16," Sqmm/Phase"),CONCATENATE(AP16,"R x ","6/10 (12)kV x ",U16," x ",V16," Sqmm")) -> 1R x 6/10 (12)kV x 3C x 150 Sqmm | AX16: =IF(U16="1C",(3*AH16*AP16),(AH16*AP16)) -> 560 | AZ16: =IF(U16="1C",(3*AP16*2),(AP16*2)) -> 2 | BA16: =CONCATENATE(IF(BE16=1,BE$4,""),IF(BF16=1,BF$4,""),IF(BG16=1,BG$4,""),IF(BH16=1,BH$4,""),IF(BI16=1,BI$4,""),IF(BJ16=1,BJ$4,""),IF(BK16=1,BK$4,""),IF(BL16=1,BL$4,""),IF(BM16=1,BM$4,""),IF(BN16=1,BN$4,""),IF(BO16=1,BO$4,""),IF(BP16=1,BP$4,""),IF(BQ16=1,BQ$4,""),IF(BR16=1,BR$4,""),IF(BS16=1,BS$4,""),IF(BT16=1,BT$4,""),IF(BU16=1,BU$4,""),IF(BV16=1,BV$4,""),IF(BW16=1,BW$4,""),IF(BX16=1,BX$4,""),IF(BY16=1,BY$4,""),IF(BZ16=1,BZ$4,""),IF(CA16=1,CA$4,""),IF(CB16=1,CB$4,""),IF(CC16=1,CC$4,""),IF(CD16=1,CD$4,""),IF(CE16=1,CE$4,""),IF(CF16=1,CF$4,""),IF(CG16=1,CG$4,""),IF(CH16=1,CH$4,""),IF(CI16=1,CI$4,""),IF(CJ16=1,CJ$4,""),IF(CK16=1,CK$4,""),IF(CL16=1,CL$4,""),IF(CM16=1,CM$4,""),IF(CN16=1,CN$4,""),IF(CO16=1,CO$4,""),IF(CP16=1,CP$4,""),IF(CQ16=1,CQ$4,""),IF(CR16=1,CR$4,""),IF(CS16=1,CS$4,""),IF(CT16=1,CT$4,""),IF(CU16=1,CU$4,""),IF(CV16=1,CV$4,""),IF(CW16=1,CW$4,""),IF(CX16=1,CX$4,""),IF(CY16=1,CY$4,""),IF(CZ16=1,CZ$4,""),IF(DA16=1,DA$4,""),IF(DB16=1,DB$4,""),IF(DC16=1,DC$4,""),IF(DD16=1,DD$4,""),IF(DE16=1,DE$4,""),IF(DF16=1,DF$4,""),IF(DG16=1,DG$4,""),IF(DH16=1,DH$4,""),IF(DI16=1,DI$4,""),IF(DJ16=1,DJ$4,""),IF(DK16=1,DK$4,""),IF(DL16=1,DL$4,""),IF(DM16=1,DM$4,""),IF(DN16=1,DN$4,""),IF(DO16=1,DO$4,""),IF(DP16=1,DP$4,""),IF(DQ16=1,DQ$4,""),IF(DR16=1,DR$4,""),IF(DS16=1,DS$4,""),IF(DT16=1,DT$4,""),IF(DU16=1,DU$4,"")) -> ACDEFGIJ | BB16: =VLOOKUP(W16,'Catalogue Aluminium'!$B$141:$H$173,7,FALSE) -> 62 | BC16: =AP16*BB16 -> 62 | BF16: 1 | BI16: 1 | BJ16: 1 | BN16: 1 | BV16: 1 | BW16: 1 | BZ16: 1 | CD16: 1 | DW16: =IF(BE16=1,($BC16*BE16),0) -> 0 | DX16: =IF(BF16=1,($BC16*BF16),0) -> 62 | DY16: =IF(BG16=1,($BC16*BG16),0) -> 0 | DZ16: =IF(BH16=1,($BC16*BH16),0) -> 0 | EA16: =IF(BI16=1,($BC16*BI16),0) -> 62 | EB16: =IF(BJ16=1,($BC16*BJ16),0) -> 62 | EC16: =IF(BK16=1,($BC16*BK16),0) -> 0 | ED16: =IF(BL16=1,($BC16*BL16),0) -> 0 | ... GM16: =IF(DU16=1,($BC16*DU16),0) -> 0
A17: =A16+1 -> 9 | B17: 1402-PK003B | C17: =$D$6 -> 11kV MV Switchgear-1 | D17: AMMONIA HOLDING COMPRESSOR-SPACE HEATER | E17: AMMONIA STORAGE AREA | F17: B | G17: POWER | H17: 0.15 | I17: kW | J17: 1Ph | K17: 230 | L17: 0.85 | M17: 0.95 | N17: =IF(I17="kVA",IF(J17="3Ph",(H17*1000/(1.732*M17*K17)),(H17*1000/(M17*K17))),IF(I17="kW",IF(J17="3Ph",(H17*1000/(1.732*M17*K17*L17)),(H17*1000/(M17*K17*L17))))) -> 0.80764571 | O17: =IF(G17="MOTOR",(6*N17),IF(G17="VFD",(1*N17),0)) -> 0 | P17: =IF(G17="MOTOR",0.2,"0.00") -> 0.00 | Q17: 65 | R17: 0 | S17: =(Q17*1000*SQRT(R17)/94) -> 0 | T17: AIR | U17: 3C | V17: 4 | W17: =CONCATENATE(U17," X ",V17) -> 3C X 4 | X17: =(IF(J17="1Ph",W17,IF(J17="3Ph",(IF(G17="MOTOR",(CONCATENATE(W17,"+PE")),W17))))) -> 3C X 4 | Y17: 0.6/1.0 | Z17: =IF(T17="AIR",VLOOKUP(W17,'Catalogue Aluminium'!$B$141:$G$173,2,FALSE),IF(T17="GROUND",VLOOKUP(W17,'Catalogue Aluminium'!$B$141:$G$173,3,FALSE),IF(T17="DUCT",VLOOKUP(W17,'Catalogue Aluminium'!$B$141:$G$173,4,FALSE),IF(T17="TRENCH",VLOOKUP(W17,'Catalogue Aluminium'!$B$141:$G$173,2,FALSE))))) -> 38 | AA17: =VLOOKUP(W17,'Catalogue Aluminium'!$B$141:$G$173,5,FALSE) -> 5.9 | AB17: =VLOOKUP(W17,'Catalogue Aluminium'!$B$141:$G$173,6,FALSE) -> 0.0947 | AC17: =23+30 -> 53 | AD17: =40+50+38+50+58+60+20+31+51 -> 398 | AE17: =11+8+3+10+10 -> 42 | AF17: =5+5 -> 10 | AG17: =ROUNDUP(SUM(AC17:AF17)*0.1,0) -> 51 | AH17: =CEILING(SUM(AC17:AG17),10) -> 560 | AI17: =IF(T17="AIR",'Catalogue Aluminium'!$K$141,IF(T17="TRENCH",'Catalogue Aluminium'!$K$144,"NA")) -> 0.82 | AJ17: =IF(T17="Air",(IF(U17="1C",'Catalogue Aluminium'!$L$141,'Catalogue Aluminium'!$M$141)),IF(T17="DUCT",(IF($U17="1C",'Catalogue Aluminium'!$L$142,'Catalogue Aluminium'!$M$142)),IF(T17="GROUND",(IF($U17="1C",'Catalogue Aluminium'!$L$143,'Catalogue Aluminium'!$M$143)),IF(T17="TRENCH",(IF($U17="1C",'Catalogue Aluminium'!$L$144,'Catalogue Aluminium'!$M$144)))))) -> 0.73 | AK17: =IF(T17="Air",'Catalogue Aluminium'!$N$141,IF(T17="GROUND",'Catalogue Aluminium'!$N$142,IF(T17="DUCT",'Catalogue Aluminium'!$N$143,IF(T17="TRENCH",'Catalogue Aluminium'!$N$144,"NA")))) -> NA | AL17: =IF(T17="Air",(IF(U17="1C",'Catalogue Aluminium'!$O$141,'Catalogue Aluminium'!$P$141)),IF(T17="DUCT",(IF($U17="1C",'Catalogue Aluminium'!$O$142,'Catalogue Aluminium'!$P$142)),IF(T17="GROUND",(IF($U17="1C",'Catalogue Aluminium'!$O$143,'Catalogue Aluminium'!$P$143)),IF(T17="TRENCH",(IF($U17="1C",'Catalogue Aluminium'!$O$144,'Catalogue Aluminium'!$P$144)))))) -> NA | AM17: =IF(T17="AIR","NA",IF(T17="TRENCH","NA",IF(T17="DUCT",IF(U17="1C",VLOOKUP(V17,'Catalogue Aluminium'!$Q$142:$S$153,2,FALSE),VLOOKUP(V17,'Catalogue Aluminium'!$Q$142:$S$153,3)),IF(T17="GROUND",IF(U17="1C",VLOOKUP(V17,'Catalogue Aluminium'!$Q$142:$S$153,2,FALSE),VLOOKUP(V17,'Catalogue Aluminium'!$Q$142:$S$153,3)))))) -> NA | AN17: =IF(T17="AIR",AI17*AJ17,IF(T17="TRENCH",AI17*AJ17,IF(T17="DUCT",AJ17*AK17*AL17*AM17,IF(T17="GROUND",AJ17*AK17*AL17*AM17)))) -> 0.5986 | AO17: =Z17*AN17 -> 22.7468 | AP17: =CEILING(((N17)/AO17),1) -> 1 | AQ17: =IF(AO17*AP17>=N17,"YES","NO") -> YES | AR17: =SQRT(3)*AH17*N17*((AA17*L17)+(AB17*SIN(ACOS(L17))))*100/(AP17*K17*1000) -> 1.7250886 | AS17: =IF(G17="INCOMER",(IF(AR17<=2,"YES","NO")),IF(G17="POWER",(IF(AR17<=2.5,"YES","NO")),IF(G17="MOTOR",(IF(AR17<=3,"YES","NO"))))) -> YES | AT17: =IF(G17="MOTOR",(SQRT(3)*AH17*O17*((AA17*P17)+(AB17*SIN(ACOS(P17))))*100/(AP17*K17*1000)),"NA") -> NA | AU17: =IF(G17="MOTOR",IF(AT17<=15,"YES","NO"),"NA") -> NA | AV17: =IF(U17="1C",CONCATENATE(AP17,"R x ",Y17,"kV x ",U17," x ",V17," Sqmm/Phase"),CONCATENATE(AP17,"R x ","6/10 (12)kV x ",U17," x ",V17," Sqmm")) -> 1R x 6/10 (12)kV x 3C x 4 Sqmm | AW17: =IF(U17="1C",CONCATENATE(AP17,"R x ",Y17,"kV x ",U17," x ",V17," Sqmm/Phase"),CONCATENATE(AP17,"R x ","6/10 (12)kV x ",U17," x ",V17," Sqmm")) -> 1R x 6/10 (12)kV x 3C x 4 Sqmm | AX17: =IF(U17="1C",(3*AH17*AP17),(AH17*AP17)) -> 560 | AZ17: =IF(U17="1C",(3*AP17*2),(AP17*2)) -> 2 | BA17: =CONCATENATE(IF(BE17=1,BE$4,""),IF(BF17=1,BF$4,""),IF(BG17=1,BG$4,""),IF(BH17=1,BH$4,""),IF(BI17=1,BI$4,""),IF(BJ17=1,BJ$4,""),IF(BK17=1,BK$4,""),IF(BL17=1,BL$4,""),IF(BM17=1,BM$4,""),IF(BN17=1,BN$4,""),IF(BO17=1,BO$4,""),IF(BP17=1,BP$4,""),IF(BQ17=1,BQ$4,""),IF(BR17=1,BR$4,""),IF(BS17=1,BS$4,""),IF(BT17=1,BT$4,""),IF(BU17=1,BU$4,""),IF(BV17=1,BV$4,""),IF(BW17=1,BW$4,""),IF(BX17=1,BX$4,""),IF(BY17=1,BY$4,""),IF(BZ17=1,BZ$4,""),IF(CA17=1,CA$4,""),IF(CB17=1,CB$4,""),IF(CC17=1,CC$4,""),IF(CD17=1,CD$4,""),IF(CE17=1,CE$4,""),IF(CF17=1,CF$4,""),IF(CG17=1,CG$4,""),IF(CH17=1,CH$4,""),IF(CI17=1,CI$4,""),IF(CJ17=1,CJ$4,""),IF(CK17=1,CK$4,""),IF(CL17=1,CL$4,""),IF(CM17=1,CM$4,""),IF(CN17=1,CN$4,""),IF(CO17=1,CO$4,""),IF(CP17=1,CP$4,""),IF(CQ17=1,CQ$4,""),IF(CR17=1,CR$4,""),IF(CS17=1,CS$4,""),IF(CT17=1,CT$4,""),IF(CU17=1,CU$4,""),IF(CV17=1,CV$4,""),IF(CW17=1,CW$4,""),IF(CX17=1,CX$4,""),IF(CY17=1,CY$4,""),IF(CZ17=1,CZ$4,""),IF(DA17=1,DA$4,""),IF(DB17=1,DB$4,""),IF(DC17=1,DC$4,""),IF(DD17=1,DD$4,""),IF(DE17=1,DE$4,""),IF(DF17=1,DF$4,""),IF(DG17=1,DG$4,""),IF(DH17=1,DH$4,""),IF(DI17=1,DI$4,""),IF(DJ17=1,DJ$4,""),IF(DK17=1,DK$4,""),IF(DL17=1,DL$4,""),IF(DM17=1,DM$4,""),IF(DN17=1,DN$4,""),IF(DO17=1,DO$4,""),IF(DP17=1,DP$4,""),IF(DQ17=1,DQ$4,""),IF(DR17=1,DR$4,""),IF(DS17=1,DS$4,""),IF(DT17=1,DT$4,""),IF(DU17=1,DU$4,"")) -> ACDEFGIJ | BB17: =VLOOKUP(W17,'Catalogue Aluminium'!$B$141:$H$173,7,FALSE) -> 15 | BC17: =AP17*BB17 -> 15 | BF17: 1 | BI17: 1 | BJ17: 1 | BN17: 1 | BV17: 1 | BW17: 1 | BZ17: 1 | CD17: 1 | DW17: =IF(BE17=1,($BC17*BE17),0) -> 0 | DX17: =IF(BF17=1,($BC17*BF17),0) -> 15 | DY17: =IF(BG17=1,($BC17*BG17),0) -> 0 | DZ17: =IF(BH17=1,($BC17*BH17),0) -> 0 | EA17: =IF(BI17=1,($BC17*BI17),0) -> 15 | EB17: =IF(BJ17=1,($BC17*BJ17),0) -> 15 | EC17: =IF(BK17=1,($BC17*BK17),0) -> 0 | ED17: =IF(BL17=1,($BC17*BL17),0) -> 0 | ... GM17: =IF(DU17=1,($BC17*DU17),0) -> 0
A18: =A17+1 -> 10 | B18: 1401-JT301 | C18: =$D$6 -> 11kV MV Switchgear-1 | D18: STEAM TURBINE GENERATOR | E18: AMMONIA PLANT | F18: A | G18: MOTOR | H18: 2300 | I18: kW | J18: 3Ph | K18: 11000 | L18: 0.85 | M18: 0.95 | N18: =IF(I18="kVA",IF(J18="3Ph",(H18*1000/(1.732*M18*K18)),(H18*1000/(M18*K18))),IF(I18="kW",IF(J18="3Ph",(H18*1000/(1.732*M18*K18*L18)),(H18*1000/(M18*K18*L18))))) -> 149.50122 | O18: =IF(G18="MOTOR",(6*N18),IF(G18="VFD",(1*N18),0)) -> 897.00731 | P18: =IF(G18="MOTOR",0.2,"0.00") -> 0.2 | Q18: 31.5 | R18: 0.16 | S18: =(Q18*1000*SQRT(R18)/94) -> 134.04255 | T18: AIR | U18: 3C | V18: 150 | W18: =CONCATENATE(U18," X ",V18) -> 3C X 150 | X18: =(IF(J18="1Ph",W18,IF(J18="3Ph",(IF(G18="MOTOR",(CONCATENATE(W18,"+PE")),W18))))) -> 3C X 150+PE | Y18: 6/10(12) | Z18: =IF(T18="AIR",VLOOKUP(W18,'Catalogue Aluminium'!$B$141:$G$173,2,FALSE),IF(T18="GROUND",VLOOKUP(W18,'Catalogue Aluminium'!$B$141:$G$173,3,FALSE),IF(T18="DUCT",VLOOKUP(W18,'Catalogue Aluminium'!$B$141:$G$173,4,FALSE),IF(T18="TRENCH",VLOOKUP(W18,'Catalogue Aluminium'!$B$141:$G$173,2,FALSE))))) -> 309 | AA18: =VLOOKUP(W18,'Catalogue Aluminium'!$B$141:$G$173,5,FALSE) -> 0.265 | AB18: =VLOOKUP(W18,'Catalogue Aluminium'!$B$141:$G$173,6,FALSE) -> 0.093 | AC18: =37+30 -> 67 | AD18: =40+50+38+50+17+(27+42+30+21+20) -> 335 | AE18: =11+8+8+11 -> 38 | AF18: =5+5 -> 10 | AG18: =ROUNDUP(SUM(AC18:AF18)*0.1,0) -> 45 | AH18: =CEILING(SUM(AC18:AG18),10) -> 500 | AI18: =IF(T18="AIR",'Catalogue Aluminium'!$K$141,IF(T18="TRENCH",'Catalogue Aluminium'!$K$144,"NA")) -> 0.82 | AJ18: =IF(T18="Air",(IF(U18="1C",'Catalogue Aluminium'!$L$141,'Catalogue Aluminium'!$M$141)),IF(T18="DUCT",(IF($U18="1C",'Catalogue Aluminium'!$L$142,'Catalogue Aluminium'!$M$142)),IF(T18="GROUND",(IF($U18="1C",'Catalogue Aluminium'!$L$143,'Catalogue Aluminium'!$M$143)),IF(T18="TRENCH",(IF($U18="1C",'Catalogue Aluminium'!$L$144,'Catalogue Aluminium'!$M$144)))))) -> 0.73 | AK18: =IF(T18="Air",'Catalogue Aluminium'!$N$141,IF(T18="GROUND",'Catalogue Aluminium'!$N$142,IF(T18="DUCT",'Catalogue Aluminium'!$N$143,IF(T18="TRENCH",'Catalogue Aluminium'!$N$144,"NA")))) -> NA | AL18: =IF(T18="Air",(IF(U18="1C",'Catalogue Aluminium'!$O$141,'Catalogue Aluminium'!$P$141)),IF(T18="DUCT",(IF($U18="1C",'Catalogue Aluminium'!$O$142,'Catalogue Aluminium'!$P$142)),IF(T18="GROUND",(IF($U18="1C",'Catalogue Aluminium'!$O$143,'Catalogue Aluminium'!$P$143)),IF(T18="TRENCH",(IF($U18="1C",'Catalogue Aluminium'!$O$144,'Catalogue Aluminium'!$P$144)))))) -> NA | AM18: =IF(T18="AIR","NA",IF(T18="TRENCH","NA",IF(T18="DUCT",IF(U18="1C",VLOOKUP(V18,'Catalogue Aluminium'!$Q$142:$S$153,2,FALSE),VLOOKUP(V18,'Catalogue Aluminium'!$Q$142:$S$153,3)),IF(T18="GROUND",IF(U18="1C",VLOOKUP(V18,'Catalogue Aluminium'!$Q$142:$S$153,2,FALSE),VLOOKUP(V18,'Catalogue Aluminium'!$Q$142:$S$153,3)))))) -> NA | AN18: =IF(T18="AIR",AI18*AJ18,IF(T18="TRENCH",AI18*AJ18,IF(T18="DUCT",AJ18*AK18*AL18*AM18,IF(T18="GROUND",AJ18*AK18*AL18*AM18)))) -> 0.5986 | AO18: =Z18*AN18 -> 184.9674 | AP18: =CEILING(((N18)/AO18),1) -> 1 | AQ18: =IF(AO18*AP18>=N18,"YES","NO") -> YES | AR18: =SQRT(3)*AH18*N18*((AA18*L18)+(AB18*SIN(ACOS(L18))))*100/(AP18*K18*1000) -> 0.32278603 | AS18: =IF(G18="INCOMER",(IF(AR18<=2,"YES","NO")),IF(G18="POWER",(IF(AR18<=2.5,"YES","NO")),IF(G18="MOTOR",(IF(AR18<=3,"YES","NO"))))) -> YES | AT18: =IF(G18="MOTOR",(SQRT(3)*AH18*O18*((AA18*P18)+(AB18*SIN(ACOS(P18))))*100/(AP18*K18*1000)),"NA") -> 1.0177972 | AU18: =IF(G18="MOTOR",IF(AT18<=15,"YES","NO"),"NA") -> YES | AV18: =IF(U18="1C",CONCATENATE(AP18,"R x ",Y18,"kV x ",U18," x ",V18," Sqmm/Phase"),CONCATENATE(AP18,"R x ","6/10 (12)kV x ",U18," x ",V18," Sqmm")) -> 1R x 6/10 (12)kV x 3C x 150 Sqmm | AW18: =IF(U18="1C",CONCATENATE(AP18,"R x ",Y18,"kV x ",U18," x ",V18," Sqmm/Phase"),CONCATENATE(AP18,"R x ","6/10 (12)kV x ",U18," x ",V18," Sqmm")) -> 1R x 6/10 (12)kV x 3C x 150 Sqmm | AX18: =IF(U18="1C",(3*AH18*AP18),(AH18*AP18)) -> 500 | AZ18: =IF(U18="1C",(3*AP18*2),(AP18*2)) -> 2 | BA18: =CONCATENATE(IF(BE18=1,BE$4,""),IF(BF18=1,BF$4,""),IF(BG18=1,BG$4,""),IF(BH18=1,BH$4,""),IF(BI18=1,BI$4,""),IF(BJ18=1,BJ$4,""),IF(BK18=1,BK$4,""),IF(BL18=1,BL$4,""),IF(BM18=1,BM$4,""),IF(BN18=1,BN$4,""),IF(BO18=1,BO$4,""),IF(BP18=1,BP$4,""),IF(BQ18=1,BQ$4,""),IF(BR18=1,BR$4,""),IF(BS18=1,BS$4,""),IF(BT18=1,BT$4,""),IF(BU18=1,BU$4,""),IF(BV18=1,BV$4,""),IF(BW18=1,BW$4,""),IF(BX18=1,BX$4,""),IF(BY18=1,BY$4,""),IF(BZ18=1,BZ$4,""),IF(CA18=1,CA$4,""),IF(CB18=1,CB$4,""),IF(CC18=1,CC$4,""),IF(CD18=1,CD$4,""),IF(CE18=1,CE$4,""),IF(CF18=1,CF$4,""),IF(CG18=1,CG$4,""),IF(CH18=1,CH$4,""),IF(CI18=1,CI$4,""),IF(CJ18=1,CJ$4,""),IF(CK18=1,CK$4,""),IF(CL18=1,CL$4,""),IF(CM18=1,CM$4,""),IF(CN18=1,CN$4,""),IF(CO18=1,CO$4,""),IF(CP18=1,CP$4,""),IF(CQ18=1,CQ$4,""),IF(CR18=1,CR$4,""),IF(CS18=1,CS$4,""),IF(CT18=1,CT$4,""),IF(CU18=1,CU$4,""),IF(CV18=1,CV$4,""),IF(CW18=1,CW$4,""),IF(CX18=1,CX$4,""),IF(CY18=1,CY$4,""),IF(CZ18=1,CZ$4,""),IF(DA18=1,DA$4,""),IF(DB18=1,DB$4,""),IF(DC18=1,DC$4,""),IF(DD18=1,DD$4,""),IF(DE18=1,DE$4,""),IF(DF18=1,DF$4,""),IF(DG18=1,DG$4,""),IF(DH18=1,DH$4,""),IF(DI18=1,DI$4,""),IF(DJ18=1,DJ$4,""),IF(DK18=1,DK$4,""),IF(DL18=1,DL$4,""),IF(DM18=1,DM$4,""),IF(DN18=1,DN$4,""),IF(DO18=1,DO$4,""),IF(DP18=1,DP$4,""),IF(DQ18=1,DQ$4,""),IF(DR18=1,DR$4,""),IF(DS18=1,DS$4,""),IF(DT18=1,DT$4,""),IF(DU18=1,DU$4,"")) -> ACDEE1E2E3E4E5 | BB18: =VLOOKUP(W18,'Catalogue Aluminium'!$B$141:$H$173,7,FALSE) -> 62 | BC18: =AP18*BB18 -> 62 | BF18: 1 | BI18: 1 | BJ18: 1 | BN18: 1 | BP18: 1 | BQ18: 1 | BR18: 1 | BS18: 1 | BT18: 1 | DW18: =IF(BE18=1,($BC18*BE18),0) -> 0 | DX18: =IF(BF18=1,($BC18*BF18),0) -> 62 | DY18: =IF(BG18=1,($BC18*BG18),0) -> 0 | DZ18: =IF(BH18=1,($BC18*BH18),0) -> 0 | EA18: =IF(BI18=1,($BC18*BI18),0) -> 62 | EB18: =IF(BJ18=1,($BC18*BJ18),0) -> 62 | EC18: =IF(BK18=1,($BC18*BK18),0) -> 0 | ED18: =IF(BL18=1,($BC18*BL18),0) -> 0 | ... GM18: =IF(DU18=1,($BC18*DU18),0) -> 0
A19: =A18+1 -> 11 | B19: 1401-JT301 | C19: =$D$6 -> 11kV MV Switchgear-1 | D19: STEAM TURBINE GENERATOR-SPACE HEATER | E19: AMMONIA PLANT | F19: A | G19: POWER | H19: 0.15 | I19: kW | J19: 1Ph | K19: 230 | L19: 0.85 | M19: 0.95 | N19: =IF(I19="kVA",IF(J19="3Ph",(H19*1000/(1.732*M19*K19)),(H19*1000/(M19*K19))),IF(I19="kW",IF(J19="3Ph",(H19*1000/(1.732*M19*K19*L19)),(H19*1000/(M19*K19*L19))))) -> 0.80764571 | O19: =IF(G19="MOTOR",(6*N19),IF(G19="VFD",(1*N19),0)) -> 0 | P19: =IF(G19="MOTOR",0.2,"0.00") -> 0.00 | Q19: 65 | R19: 0 | S19: =(Q19*1000*SQRT(R19)/94) -> 0 | T19: AIR | U19: 3C | V19: 4 | W19: =CONCATENATE(U19," X ",V19) -> 3C X 4 | X19: =(IF(J19="1Ph",W19,IF(J19="3Ph",(IF(G19="MOTOR",(CONCATENATE(W19,"+PE")),W19))))) -> 3C X 4 | Y19: 0.6/1.0 | Z19: =IF(T19="AIR",VLOOKUP(W19,'Catalogue Aluminium'!$B$141:$G$173,2,FALSE),IF(T19="GROUND",VLOOKUP(W19,'Catalogue Aluminium'!$B$141:$G$173,3,FALSE),IF(T19="DUCT",VLOOKUP(W19,'Catalogue Aluminium'!$B$141:$G$173,4,FALSE),IF(T19="TRENCH",VLOOKUP(W19,'Catalogue Aluminium'!$B$141:$G$173,2,FALSE))))) -> 38 | AA19: =VLOOKUP(W19,'Catalogue Aluminium'!$B$141:$G$173,5,FALSE) -> 5.9 | AB19: =VLOOKUP(W19,'Catalogue Aluminium'!$B$141:$G$173,6,FALSE) -> 0.0947 | AC19: =37+30 -> 67 | AD19: =40+50+38+50+17+(27+42+30+21+20) -> 335 | AE19: =11+8+8+11 -> 38 | AF19: =5+5 -> 10 | AG19: =ROUNDUP(SUM(AC19:AF19)*0.1,0) -> 45 | AH19: =CEILING(SUM(AC19:AG19),10) -> 500 | AI19: =IF(T19="AIR",'Catalogue Aluminium'!$K$141,IF(T19="TRENCH",'Catalogue Aluminium'!$K$144,"NA")) -> 0.82 | AJ19: =IF(T19="Air",(IF(U19="1C",'Catalogue Aluminium'!$L$141,'Catalogue Aluminium'!$M$141)),IF(T19="DUCT",(IF($U19="1C",'Catalogue Aluminium'!$L$142,'Catalogue Aluminium'!$M$142)),IF(T19="GROUND",(IF($U19="1C",'Catalogue Aluminium'!$L$143,'Catalogue Aluminium'!$M$143)),IF(T19="TRENCH",(IF($U19="1C",'Catalogue Aluminium'!$L$144,'Catalogue Aluminium'!$M$144)))))) -> 0.73 | AK19: =IF(T19="Air",'Catalogue Aluminium'!$N$141,IF(T19="GROUND",'Catalogue Aluminium'!$N$142,IF(T19="DUCT",'Catalogue Aluminium'!$N$143,IF(T19="TRENCH",'Catalogue Aluminium'!$N$144,"NA")))) -> NA | AL19: =IF(T19="Air",(IF(U19="1C",'Catalogue Aluminium'!$O$141,'Catalogue Aluminium'!$P$141)),IF(T19="DUCT",(IF($U19="1C",'Catalogue Aluminium'!$O$142,'Catalogue Aluminium'!$P$142)),IF(T19="GROUND",(IF($U19="1C",'Catalogue Aluminium'!$O$143,'Catalogue Aluminium'!$P$143)),IF(T19="TRENCH",(IF($U19="1C",'Catalogue Aluminium'!$O$144,'Catalogue Aluminium'!$P$144)))))) -> NA | AM19: =IF(T19="AIR","NA",IF(T19="TRENCH","NA",IF(T19="DUCT",IF(U19="1C",VLOOKUP(V19,'Catalogue Aluminium'!$Q$142:$S$153,2,FALSE),VLOOKUP(V19,'Catalogue Aluminium'!$Q$142:$S$153,3)),IF(T19="GROUND",IF(U19="1C",VLOOKUP(V19,'Catalogue Aluminium'!$Q$142:$S$153,2,FALSE),VLOOKUP(V19,'Catalogue Aluminium'!$Q$142:$S$153,3)))))) -> NA | AN19: =IF(T19="AIR",AI19*AJ19,IF(T19="TRENCH",AI19*AJ19,IF(T19="DUCT",AJ19*AK19*AL19*AM19,IF(T19="GROUND",AJ19*AK19*AL19*AM19)))) -> 0.5986 | AO19: =Z19*AN19 -> 22.7468 | AP19: =CEILING(((N19)/AO19),1) -> 1 | AQ19: =IF(AO19*AP19>=N19,"YES","NO") -> YES | AR19: =SQRT(3)*AH19*N19*((AA19*L19)+(AB19*SIN(ACOS(L19))))*100/(AP19*K19*1000) -> 1.5402577 | AS19: =IF(G19="INCOMER",(IF(AR19<=2,"YES","NO")),IF(G19="POWER",(IF(AR19<=2.5,"YES","NO")),IF(G19="MOTOR",(IF(AR19<=3,"YES","NO"))))) -> YES | AT19: =IF(G19="MOTOR",(SQRT(3)*AH19*O19*((AA19*P19)+(AB19*SIN(ACOS(P19))))*100/(AP19*K19*1000)),"NA") -> NA | AU19: =IF(G19="MOTOR",IF(AT19<=15,"YES","NO"),"NA") -> NA | AV19: =IF(U19="1C",CONCATENATE(AP19,"R x ",Y19,"kV x ",U19," x ",V19," Sqmm/Phase"),CONCATENATE(AP19,"R x ","6/10 (12)kV x ",U19," x ",V19," Sqmm")) -> 1R x 6/10 (12)kV x 3C x 4 Sqmm | AW19: =IF(U19="1C",CONCATENATE(AP19,"R x ",Y19,"kV x ",U19," x ",V19," Sqmm/Phase"),CONCATENATE(AP19,"R x ","6/10 (12)kV x ",U19," x ",V19," Sqmm")) -> 1R x 6/10 (12)kV x 3C x 4 Sqmm | AX19: =IF(U19="1C",(3*AH19*AP19),(AH19*AP19)) -> 500 | AZ19: =IF(U19="1C",(3*AP19*2),(AP19*2)) -> 2 | BA19: =CONCATENATE(IF(BE19=1,BE$4,""),IF(BF19=1,BF$4,""),IF(BG19=1,BG$4,""),IF(BH19=1,BH$4,""),IF(BI19=1,BI$4,""),IF(BJ19=1,BJ$4,""),IF(BK19=1,BK$4,""),IF(BL19=1,BL$4,""),IF(BM19=1,BM$4,""),IF(BN19=1,BN$4,""),IF(BO19=1,BO$4,""),IF(BP19=1,BP$4,""),IF(BQ19=1,BQ$4,""),IF(BR19=1,BR$4,""),IF(BS19=1,BS$4,""),IF(BT19=1,BT$4,""),IF(BU19=1,BU$4,""),IF(BV19=1,BV$4,""),IF(BW19=1,BW$4,""),IF(BX19=1,BX$4,""),IF(BY19=1,BY$4,""),IF(BZ19=1,BZ$4,""),IF(CA19=1,CA$4,""),IF(CB19=1,CB$4,""),IF(CC19=1,CC$4,""),IF(CD19=1,CD$4,""),IF(CE19=1,CE$4,""),IF(CF19=1,CF$4,""),IF(CG19=1,CG$4,""),IF(CH19=1,CH$4,""),IF(CI19=1,CI$4,""),IF(CJ19=1,CJ$4,""),IF(CK19=1,CK$4,""),IF(CL19=1,CL$4,""),IF(CM19=1,CM$4,""),IF(CN19=1,CN$4,""),IF(CO19=1,CO$4,""),IF(CP19=1,CP$4,""),IF(CQ19=1,CQ$4,""),IF(CR19=1,CR$4,""),IF(CS19=1,CS$4,""),IF(CT19=1,CT$4,""),IF(CU19=1,CU$4,""),IF(CV19=1,CV$4,""),IF(CW19=1,CW$4,""),IF(CX19=1,CX$4,""),IF(CY19=1,CY$4,""),IF(CZ19=1,CZ$4,""),IF(DA19=1,DA$4,""),IF(DB19=1,DB$4,""),IF(DC19=1,DC$4,""),IF(DD19=1,DD$4,""),IF(DE19=1,DE$4,""),IF(DF19=1,DF$4,""),IF(DG19=1,DG$4,""),IF(DH19=1,DH$4,""),IF(DI19=1,DI$4,""),IF(DJ19=1,DJ$4,""),IF(DK19=1,DK$4,""),IF(DL19=1,DL$4,""),IF(DM19=1,DM$4,""),IF(DN19=1,DN$4,""),IF(DO19=1,DO$4,""),IF(DP19=1,DP$4,""),IF(DQ19=1,DQ$4,""),IF(DR19=1,DR$4,""),IF(DS19=1,DS$4,""),IF(DT19=1,DT$4,""),IF(DU19=1,DU$4,"")) -> ACDEE1E2E3E4E5 | BB19: =VLOOKUP(W19,'Catalogue Aluminium'!$B$141:$H$173,7,FALSE) -> 15 | BC19: =AP19*BB19 -> 15 | BF19: 1 | BI19: 1 | BJ19: 1 | BN19: 1 | BP19: 1 | BQ19: 1 | BR19: 1 | BS19: 1 | BT19: 1 | DW19: =IF(BE19=1,($BC19*BE19),0) -> 0 | DX19: =IF(BF19=1,($BC19*BF19),0) -> 15 | DY19: =IF(BG19=1,($BC19*BG19),0) -> 0 | DZ19: =IF(BH19=1,($BC19*BH19),0) -> 0 | EA19: =IF(BI19=1,($BC19*BI19),0) -> 15 | EB19: =IF(BJ19=1,($BC19*BJ19),0) -> 15 | EC19: =IF(BK19=1,($BC19*BK19),0) -> 0 | ED19: =IF(BL19=1,($BC19*BL19),0) -> 0 | ... GM19: =IF(DU19=1,($BC19*DU19),0) -> 0
A20: =A19+1 -> 12 | B20: 1401-CM103 | C20: =$D$6 -> 11kV MV Switchgear-1 | D20: MAIN MOTOR | E20: AMMONIA PLANT | F20: A | G20: VFD | H20: 5400 | I20: kW | J20: 3Ph | K20: 11000 | L20: 0.88 | M20: 0.97 | N20: =IF(I20="kVA",IF(J20="3Ph",(H20*1000/(1.732*M20*K20)),(H20*1000/(M20*K20))),IF(I20="kW",IF(J20="3Ph",(H20*1000/(1.732*M20*K20*L20)),(H20*1000/(M20*K20*L20))))) -> 332.0464 | O20: =IF(G20="MOTOR",(6*N20),IF(G20="VFD",(1*N20),0)) -> 332.0464 | P20: =IF(G20="MOTOR",0.2,"0.00") -> 0.00 | Q20: 31.5 | R20: 0.16 | S20: =(Q20*1000*SQRT(R20)/94) -> 134.04255 | T20: AIR | U20: 3C | V20: 150 | W20: =CONCATENATE(U20," X ",V20) -> 3C X 150 | X20: =(IF(J20="1Ph",W20,IF(J20="3Ph",(IF(G20="MOTOR",(CONCATENATE(W20,"+PE")),W20))))) -> 3C X 150 | Y20: 6/10(12) | Z20: =IF(T20="AIR",VLOOKUP(W20,'Catalogue Aluminium'!$B$141:$G$173,2,FALSE),IF(T20="GROUND",VLOOKUP(W20,'Catalogue Aluminium'!$B$141:$G$173,3,FALSE),IF(T20="DUCT",VLOOKUP(W20,'Catalogue Aluminium'!$B$141:$G$173,4,FALSE),IF(T20="TRENCH",VLOOKUP(W20,'Catalogue Aluminium'!$B$141:$G$173,2,FALSE))))) -> 309 | AA20: =VLOOKUP(W20,'Catalogue Aluminium'!$B$141:$G$173,5,FALSE) -> 0.265 | AB20: =VLOOKUP(W20,'Catalogue Aluminium'!$B$141:$G$173,6,FALSE) -> 0.093 | AC20: =37+30 -> 67 | AD20: =40+50+38+50+17+(27+42+33) -> 297 | AE20: =11+8+8+11 -> 38 | AF20: =5+5 -> 10 | AG20: =ROUNDUP(SUM(AC20:AF20)*0.1,0) -> 42 | AH20: =CEILING(SUM(AC20:AG20),10) -> 460 | AI20: =IF(T20="AIR",'Catalogue Aluminium'!$K$141,IF(T20="TRENCH",'Catalogue Aluminium'!$K$144,"NA")) -> 0.82 | AJ20: =IF(T20="Air",(IF(U20="1C",'Catalogue Aluminium'!$L$141,'Catalogue Aluminium'!$M$141)),IF(T20="DUCT",(IF($U20="1C",'Catalogue Aluminium'!$L$142,'Catalogue Aluminium'!$M$142)),IF(T20="GROUND",(IF($U20="1C",'Catalogue Aluminium'!$L$143,'Catalogue Aluminium'!$M$143)),IF(T20="TRENCH",(IF($U20="1C",'Catalogue Aluminium'!$L$144,'Catalogue Aluminium'!$M$144)))))) -> 0.73 | AK20: =IF(T20="Air",'Catalogue Aluminium'!$N$141,IF(T20="GROUND",'Catalogue Aluminium'!$N$142,IF(T20="DUCT",'Catalogue Aluminium'!$N$143,IF(T20="TRENCH",'Catalogue Aluminium'!$N$144,"NA")))) -> NA | AL20: =IF(T20="Air",(IF(U20="1C",'Catalogue Aluminium'!$O$141,'Catalogue Aluminium'!$P$141)),IF(T20="DUCT",(IF($U20="1C",'Catalogue Aluminium'!$O$142,'Catalogue Aluminium'!$P$142)),IF(T20="GROUND",(IF($U20="1C",'Catalogue Aluminium'!$O$143,'Catalogue Aluminium'!$P$143)),IF(T20="TRENCH",(IF($U20="1C",'Catalogue Aluminium'!$O$144,'Catalogue Aluminium'!$P$144)))))) -> NA | AM20: =IF(T20="AIR","NA",IF(T20="TRENCH","NA",IF(T20="DUCT",IF(U20="1C",VLOOKUP(V20,'Catalogue Aluminium'!$Q$142:$S$153,2,FALSE),VLOOKUP(V20,'Catalogue Aluminium'!$Q$142:$S$153,3)),IF(T20="GROUND",IF(U20="1C",VLOOKUP(V20,'Catalogue Aluminium'!$Q$142:$S$153,2,FALSE),VLOOKUP(V20,'Catalogue Aluminium'!$Q$142:$S$153,3)))))) -> NA | AN20: =IF(T20="AIR",AI20*AJ20,IF(T20="TRENCH",AI20*AJ20,IF(T20="DUCT",AJ20*AK20*AL20*AM20,IF(T20="GROUND",AJ20*AK20*AL20*AM20)))) -> 0.5986 | AO20: =Z20*AN20 -> 184.9674 | AP20: =CEILING(((N20)/AO20),1) -> 2 | AQ20: =IF(AO20*AP20>=N20,"YES","NO") -> YES | AR20: =SQRT(3)*AH20*N20*((AA20*L20)+(AB20*SIN(ACOS(L20))))*100/(AP20*K20*1000) -> 0.33354777 | AS20: =IF(G20="INCOMER",(IF(AR20<=2,"YES","NO")),IF(G20="POWER",(IF(AR20<=2.5,"YES","NO")),IF(G20="MOTOR",(IF(AR20<=3,"YES","NO"))))) -> FALSE | AT20: =IF(G20="MOTOR",(SQRT(3)*AH20*O20*((AA20*P20)+(AB20*SIN(ACOS(P20))))*100/(AP20*K20*1000)),"NA") -> NA | AU20: =IF(G20="MOTOR",IF(AT20<=15,"YES","NO"),"NA") -> NA | AV20: =IF(U20="1C",CONCATENATE(AP20,"R x ",Y20,"kV x ",U20," x ",V20," Sqmm/Phase"),CONCATENATE(AP20,"R x ","6/10 (12)kV x ",U20," x ",V20," Sqmm")) -> 2R x 6/10 (12)kV x 3C x 150 Sqmm | AW20: =IF(U20="1C",CONCATENATE(AP20,"R x ",Y20,"kV x ",U20," x ",V20," Sqmm/Phase"),CONCATENATE(AP20,"R x ","6/10 (12)kV x ",U20," x ",V20," Sqmm")) -> 2R x 6/10 (12)kV x 3C x 150 Sqmm | AX20: =IF(U20="1C",(3*AH20*AP20),(AH20*AP20)) -> 920 | AZ20: =IF(U20="1C",(3*AP20*2),(AP20*2)) -> 4 | BA20: =CONCATENATE(IF(BE20=1,BE$4,""),IF(BF20=1,BF$4,""),IF(BG20=1,BG$4,""),IF(BH20=1,BH$4,""),IF(BI20=1,BI$4,""),IF(BJ20=1,BJ$4,""),IF(BK20=1,BK$4,""),IF(BL20=1,BL$4,""),IF(BM20=1,BM$4,""),IF(BN20=1,BN$4,""),IF(BO20=1,BO$4,""),IF(BP20=1,BP$4,""),IF(BQ20=1,BQ$4,""),IF(BR20=1,BR$4,""),IF(BS20=1,BS$4,""),IF(BT20=1,BT$4,""),IF(BU20=1,BU$4,""),IF(BV20=1,BV$4,""),IF(BW20=1,BW$4,""),IF(BX20=1,BX$4,""),IF(BY20=1,BY$4,""),IF(BZ20=1,BZ$4,""),IF(CA20=1,CA$4,""),IF(CB20=1,CB$4,""),IF(CC20=1,CC$4,""),IF(CD20=1,CD$4,""),IF(CE20=1,CE$4,""),IF(CF20=1,CF$4,""),IF(CG20=1,CG$4,""),IF(CH20=1,CH$4,""),IF(CI20=1,CI$4,""),IF(CJ20=1,CJ$4,""),IF(CK20=1,CK$4,""),IF(CL20=1,CL$4,""),IF(CM20=1,CM$4,""),IF(CN20=1,CN$4,""),IF(CO20=1,CO$4,""),IF(CP20=1,CP$4,""),IF(CQ20=1,CQ$4,""),IF(CR20=1,CR$4,""),IF(CS20=1,CS$4,""),IF(CT20=1,CT$4,""),IF(CU20=1,CU$4,""),IF(CV20=1,CV$4,""),IF(CW20=1,CW$4,""),IF(CX20=1,CX$4,""),IF(CY20=1,CY$4,""),IF(CZ20=1,CZ$4,""),IF(DA20=1,DA$4,""),IF(DB20=1,DB$4,""),IF(DC20=1,DC$4,""),IF(DD20=1,DD$4,""),IF(DE20=1,DE$4,""),IF(DF20=1,DF$4,""),IF(DG20=1,DG$4,""),IF(DH20=1,DH$4,""),IF(DI20=1,DI$4,""),IF(DJ20=1,DJ$4,""),IF(DK20=1,DK$4,""),IF(DL20=1,DL$4,""),IF(DM20=1,DM$4,""),IF(DN20=1,DN$4,""),IF(DO20=1,DO$4,""),IF(DP20=1,DP$4,""),IF(DQ20=1,DQ$4,""),IF(DR20=1,DR$4,""),IF(DS20=1,DS$4,""),IF(DT20=1,DT$4,""),IF(DU20=1,DU$4,"")) -> ACDEE1E2E3E4 | BB20: =VLOOKUP(W20,'Catalogue Aluminium'!$B$141:$H$173,7,FALSE) -> 62 | BC20: =AP20*BB20 -> 124 | BF20: 1 | BI20: 1 | BJ20: 1 | BN20: 1 | BP20: 1 | BQ20: 1 | BR20: 1 | BS20: 1 | DW20: =IF(BE20=1,($BC20*BE20),0) -> 0 | DX20: =IF(BF20=1,($BC20*BF20),0) -> 124 | DY20: =IF(BG20=1,($BC20*BG20),0) -> 0 | DZ20: =IF(BH20=1,($BC20*BH20),0) -> 0 | EA20: =IF(BI20=1,($BC20*BI20),0) -> 124 | EB20: =IF(BJ20=1,($BC20*BJ20),0) -> 124 | EC20: =IF(BK20=1,($BC20*BK20),0) -> 0 | ED20: =IF(BL20=1,($BC20*BL20),0) -> 0 | ... GM20: =IF(DU20=1,($BC20*DU20),0) -> 0
A21: =A20+1 -> 13 | B21: 1401-CM105 | C21: =$D$6 -> 11kV MV Switchgear-1 | D21: MAIN MOTOR | E21: AMMONIA PLANT | F21: B | G21: VFD | H21: 2000 | I21: kW | J21: 3Ph | K21: 11000 | L21: 0.88 | M21: 0.97 | N21: =IF(I21="kVA",IF(J21="3Ph",(H21*1000/(1.732*M21*K21)),(H21*1000/(M21*K21))),IF(I21="kW",IF(J21="3Ph",(H21*1000/(1.732*M21*K21*L21)),(H21*1000/(M21*K21*L21))))) -> 122.98015 | O21: =IF(G21="MOTOR",(6*N21),IF(G21="VFD",(1*N21),0)) -> 122.98015 | P21: =IF(G21="MOTOR",0.2,"0.00") -> 0.00 | Q21: 31.5 | R21: 0.16 | S21: =(Q21*1000*SQRT(R21)/94) -> 134.04255 | T21: AIR | U21: 3C | V21: 150 | W21: =CONCATENATE(U21," X ",V21) -> 3C X 150 | X21: =(IF(J21="1Ph",W21,IF(J21="3Ph",(IF(G21="MOTOR",(CONCATENATE(W21,"+PE")),W21))))) -> 3C X 150 | Y21: 6/10(12) | Z21: =IF(T21="AIR",VLOOKUP(W21,'Catalogue Aluminium'!$B$141:$G$173,2,FALSE),IF(T21="GROUND",VLOOKUP(W21,'Catalogue Aluminium'!$B$141:$G$173,3,FALSE),IF(T21="DUCT",VLOOKUP(W21,'Catalogue Aluminium'!$B$141:$G$173,4,FALSE),IF(T21="TRENCH",VLOOKUP(W21,'Catalogue Aluminium'!$B$141:$G$173,2,FALSE))))) -> 309 | AA21: =VLOOKUP(W21,'Catalogue Aluminium'!$B$141:$G$173,5,FALSE) -> 0.265 | AB21: =VLOOKUP(W21,'Catalogue Aluminium'!$B$141:$G$173,6,FALSE) -> 0.093 | AC21: =23+30 -> 53 | AD21: =40+50+38+50+17+(27+42+30+20) -> 314 | AE21: =11+8+8+11 -> 38 | AF21: =5+5 -> 10 | AG21: =ROUNDUP(SUM(AC21:AF21)*0.1,0) -> 42 | AH21: =CEILING(SUM(AC21:AG21),10) -> 460 | AI21: =IF(T21="AIR",'Catalogue Aluminium'!$K$141,IF(T21="TRENCH",'Catalogue Aluminium'!$K$144,"NA")) -> 0.82 | AJ21: =IF(T21="Air",(IF(U21="1C",'Catalogue Aluminium'!$L$141,'Catalogue Aluminium'!$M$141)),IF(T21="DUCT",(IF($U21="1C",'Catalogue Aluminium'!$L$142,'Catalogue Aluminium'!$M$142)),IF(T21="GROUND",(IF($U21="1C",'Catalogue Aluminium'!$L$143,'Catalogue Aluminium'!$M$143)),IF(T21="TRENCH",(IF($U21="1C",'Catalogue Aluminium'!$L$144,'Catalogue Aluminium'!$M$144)))))) -> 0.73 | AK21: =IF(T21="Air",'Catalogue Aluminium'!$N$141,IF(T21="GROUND",'Catalogue Aluminium'!$N$142,IF(T21="DUCT",'Catalogue Aluminium'!$N$143,IF(T21="TRENCH",'Catalogue Aluminium'!$N$144,"NA")))) -> NA | AL21: =IF(T21="Air",(IF(U21="1C",'Catalogue Aluminium'!$O$141,'Catalogue Aluminium'!$P$141)),IF(T21="DUCT",(IF($U21="1C",'Catalogue Aluminium'!$O$142,'Catalogue Aluminium'!$P$142)),IF(T21="GROUND",(IF($U21="1C",'Catalogue Aluminium'!$O$143,'Catalogue Aluminium'!$P$143)),IF(T21="TRENCH",(IF($U21="1C",'Catalogue Aluminium'!$O$144,'Catalogue Aluminium'!$P$144)))))) -> NA | AM21: =IF(T21="AIR","NA",IF(T21="TRENCH","NA",IF(T21="DUCT",IF(U21="1C",VLOOKUP(V21,'Catalogue Aluminium'!$Q$142:$S$153,2,FALSE),VLOOKUP(V21,'Catalogue Aluminium'!$Q$142:$S$153,3)),IF(T21="GROUND",IF(U21="1C",VLOOKUP(V21,'Catalogue Aluminium'!$Q$142:$S$153,2,FALSE),VLOOKUP(V21,'Catalogue Aluminium'!$Q$142:$S$153,3)))))) -> NA | AN21: =IF(T21="AIR",AI21*AJ21,IF(T21="TRENCH",AI21*AJ21,IF(T21="DUCT",AJ21*AK21*AL21*AM21,IF(T21="GROUND",AJ21*AK21*AL21*AM21)))) -> 0.5986 | AO21: =Z21*AN21 -> 184.9674 | AP21: =CEILING(((N21)/AO21),1) -> 1 | AQ21: =IF(AO21*AP21>=N21,"YES","NO") -> YES | AR21: =SQRT(3)*AH21*N21*((AA21*L21)+(AB21*SIN(ACOS(L21))))*100/(AP21*K21*1000) -> 0.24707242 | AS21: =IF(G21="INCOMER",(IF(AR21<=2,"YES","NO")),IF(G21="POWER",(IF(AR21<=2.5,"YES","NO")),IF(G21="MOTOR",(IF(AR21<=3,"YES","NO"))))) -> FALSE | AT21: =IF(G21="MOTOR",(SQRT(3)*AH21*O21*((AA21*P21)+(AB21*SIN(ACOS(P21))))*100/(AP21*K21*1000)),"NA") -> NA | AU21: =IF(G21="MOTOR",IF(AT21<=15,"YES","NO"),"NA") -> NA | AV21: =IF(U21="1C",CONCATENATE(AP21,"R x ",Y21,"kV x ",U21," x ",V21," Sqmm/Phase"),CONCATENATE(AP21,"R x ","6/10 (12)kV x ",U21," x ",V21," Sqmm")) -> 1R x 6/10 (12)kV x 3C x 150 Sqmm | AW21: =IF(U21="1C",CONCATENATE(AP21,"R x ",Y21,"kV x ",U21," x ",V21," Sqmm/Phase"),CONCATENATE(AP21,"R x ","6/10 (12)kV x ",U21," x ",V21," Sqmm")) -> 1R x 6/10 (12)kV x 3C x 150 Sqmm | AX21: =IF(U21="1C",(3*AH21*AP21),(AH21*AP21)) -> 460 | AZ21: =IF(U21="1C",(3*AP21*2),(AP21*2)) -> 2 | BA21: =CONCATENATE(IF(BE21=1,BE$4,""),IF(BF21=1,BF$4,""),IF(BG21=1,BG$4,""),IF(BH21=1,BH$4,""),IF(BI21=1,BI$4,""),IF(BJ21=1,BJ$4,""),IF(BK21=1,BK$4,""),IF(BL21=1,BL$4,""),IF(BM21=1,BM$4,""),IF(BN21=1,BN$4,""),IF(BO21=1,BO$4,""),IF(BP21=1,BP$4,""),IF(BQ21=1,BQ$4,""),IF(BR21=1,BR$4,""),IF(BS21=1,BS$4,""),IF(BT21=1,BT$4,""),IF(BU21=1,BU$4,""),IF(BV21=1,BV$4,""),IF(BW21=1,BW$4,""),IF(BX21=1,BX$4,""),IF(BY21=1,BY$4,""),IF(BZ21=1,BZ$4,""),IF(CA21=1,CA$4,""),IF(CB21=1,CB$4,""),IF(CC21=1,CC$4,""),IF(CD21=1,CD$4,""),IF(CE21=1,CE$4,""),IF(CF21=1,CF$4,""),IF(CG21=1,CG$4,""),IF(CH21=1,CH$4,""),IF(CI21=1,CI$4,""),IF(CJ21=1,CJ$4,""),IF(CK21=1,CK$4,""),IF(CL21=1,CL$4,""),IF(CM21=1,CM$4,""),IF(CN21=1,CN$4,""),IF(CO21=1,CO$4,""),IF(CP21=1,CP$4,""),IF(CQ21=1,CQ$4,""),IF(CR21=1,CR$4,""),IF(CS21=1,CS$4,""),IF(CT21=1,CT$4,""),IF(CU21=1,CU$4,""),IF(CV21=1,CV$4,""),IF(CW21=1,CW$4,""),IF(CX21=1,CX$4,""),IF(CY21=1,CY$4,""),IF(CZ21=1,CZ$4,""),IF(DA21=1,DA$4,""),IF(DB21=1,DB$4,""),IF(DC21=1,DC$4,""),IF(DD21=1,DD$4,""),IF(DE21=1,DE$4,""),IF(DF21=1,DF$4,""),IF(DG21=1,DG$4,""),IF(DH21=1,DH$4,""),IF(DI21=1,DI$4,""),IF(DJ21=1,DJ$4,""),IF(DK21=1,DK$4,""),IF(DL21=1,DL$4,""),IF(DM21=1,DM$4,""),IF(DN21=1,DN$4,""),IF(DO21=1,DO$4,""),IF(DP21=1,DP$4,""),IF(DQ21=1,DQ$4,""),IF(DR21=1,DR$4,""),IF(DS21=1,DS$4,""),IF(DT21=1,DT$4,""),IF(DU21=1,DU$4,"")) -> ACDEE1E2E3E4E5 | BB21: =VLOOKUP(W21,'Catalogue Aluminium'!$B$141:$H$173,7,FALSE) -> 62 | BC21: =AP21*BB21 -> 62 | BF21: 1 | BI21: 1 | BJ21: 1 | BN21: 1 | BP21: 1 | BQ21: 1 | BR21: 1 | BS21: 1 | BT21: 1 | DW21: =IF(BE21=1,($BC21*BE21),0) -> 0 | DX21: =IF(BF21=1,($BC21*BF21),0) -> 62 | DY21: =IF(BG21=1,($BC21*BG21),0) -> 0 | DZ21: =IF(BH21=1,($BC21*BH21),0) -> 0 | EA21: =IF(BI21=1,($BC21*BI21),0) -> 62 | EB21: =IF(BJ21=1,($BC21*BJ21),0) -> 62 | EC21: =IF(BK21=1,($BC21*BK21),0) -> 0 | ED21: =IF(BL21=1,($BC21*BL21),0) -> 0 | ... GM21: =IF(DU21=1,($BC21*DU21),0) -> 0
A22: =A21+1 -> 14 | B22: 1401-CM201 | C22: =$D$6 -> 11kV MV Switchgear-1 | D22: NITROGEN GAS COMPRESSOR MAIN MOTOR FOR 1401-J-201 | E22: AMMONIA PLANT | F22: B | G22: MOTOR | H22: 600 | I22: kW | J22: 3Ph | K22: 11000 | L22: 0.85 | M22: 0.959 | N22: =IF(I22="kVA",IF(J22="3Ph",(H22*1000/(1.732*M22*K22)),(H22*1000/(M22*K22))),IF(I22="kW",IF(J22="3Ph",(H22*1000/(1.732*M22*K22*L22)),(H22*1000/(M22*K22*L22))))) -> 38.634309 | O22: =IF(G22="MOTOR",(6*N22),IF(G22="VFD",(1*N22),0)) -> 231.80585 | P22: =IF(G22="MOTOR",0.2,"0.00") -> 0.2 | Q22: 31.5 | R22: 0.16 | S22: =(Q22*1000*SQRT(R22)/94) -> 134.04255 | T22: AIR | U22: 3C | V22: 150 | W22: =CONCATENATE(U22," X ",V22) -> 3C X 150 | X22: =(IF(J22="1Ph",W22,IF(J22="3Ph",(IF(G22="MOTOR",(CONCATENATE(W22,"+PE")),W22))))) -> 3C X 150+PE | Y22: 6/10(12) | Z22: =IF(T22="AIR",VLOOKUP(W22,'Catalogue Aluminium'!$B$141:$G$173,2,FALSE),IF(T22="GROUND",VLOOKUP(W22,'Catalogue Aluminium'!$B$141:$G$173,3,FALSE),IF(T22="DUCT",VLOOKUP(W22,'Catalogue Aluminium'!$B$141:$G$173,4,FALSE),IF(T22="TRENCH",VLOOKUP(W22,'Catalogue Aluminium'!$B$141:$G$173,2,FALSE))))) -> 309 | AA22: =VLOOKUP(W22,'Catalogue Aluminium'!$B$141:$G$173,5,FALSE) -> 0.265 | AB22: =VLOOKUP(W22,'Catalogue Aluminium'!$B$141:$G$173,6,FALSE) -> 0.093 | AC22: =23+30 -> 53 | AD22: =40+50+38+50+17+(27+42+19) -> 283 | AE22: =11+8+8+11 -> 38 | AF22: =5+5 -> 10 | AG22: =ROUNDUP(SUM(AC22:AF22)*0.1,0) -> 39 | AH22: =CEILING(SUM(AC22:AG22),10) -> 430 | AI22: =IF(T22="AIR",'Catalogue Aluminium'!$K$141,IF(T22="TRENCH",'Catalogue Aluminium'!$K$144,"NA")) -> 0.82 | AJ22: =IF(T22="Air",(IF(U22="1C",'Catalogue Aluminium'!$L$141,'Catalogue Aluminium'!$M$141)),IF(T22="DUCT",(IF($U22="1C",'Catalogue Aluminium'!$L$142,'Catalogue Aluminium'!$M$142)),IF(T22="GROUND",(IF($U22="1C",'Catalogue Aluminium'!$L$143,'Catalogue Aluminium'!$M$143)),IF(T22="TRENCH",(IF($U22="1C",'Catalogue Aluminium'!$L$144,'Catalogue Aluminium'!$M$144)))))) -> 0.73 | AK22: =IF(T22="Air",'Catalogue Aluminium'!$N$141,IF(T22="GROUND",'Catalogue Aluminium'!$N$142,IF(T22="DUCT",'Catalogue Aluminium'!$N$143,IF(T22="TRENCH",'Catalogue Aluminium'!$N$144,"NA")))) -> NA | AL22: =IF(T22="Air",(IF(U22="1C",'Catalogue Aluminium'!$O$141,'Catalogue Aluminium'!$P$141)),IF(T22="DUCT",(IF($U22="1C",'Catalogue Aluminium'!$O$142,'Catalogue Aluminium'!$P$142)),IF(T22="GROUND",(IF($U22="1C",'Catalogue Aluminium'!$O$143,'Catalogue Aluminium'!$P$143)),IF(T22="TRENCH",(IF($U22="1C",'Catalogue Aluminium'!$O$144,'Catalogue Aluminium'!$P$144)))))) -> NA | AM22: =IF(T22="AIR","NA",IF(T22="TRENCH","NA",IF(T22="DUCT",IF(U22="1C",VLOOKUP(V22,'Catalogue Aluminium'!$Q$142:$S$153,2,FALSE),VLOOKUP(V22,'Catalogue Aluminium'!$Q$142:$S$153,3)),IF(T22="GROUND",IF(U22="1C",VLOOKUP(V22,'Catalogue Aluminium'!$Q$142:$S$153,2,FALSE),VLOOKUP(V22,'Catalogue Aluminium'!$Q$142:$S$153,3)))))) -> NA | AN22: =IF(T22="AIR",AI22*AJ22,IF(T22="TRENCH",AI22*AJ22,IF(T22="DUCT",AJ22*AK22*AL22*AM22,IF(T22="GROUND",AJ22*AK22*AL22*AM22)))) -> 0.5986 | AO22: =Z22*AN22 -> 184.9674 | AP22: =CEILING(((N22)/AO22),1) -> 1 | AQ22: =IF(AO22*AP22>=N22,"YES","NO") -> YES | AR22: =SQRT(3)*AH22*N22*((AA22*L22)+(AB22*SIN(ACOS(L22))))*100/(AP22*K22*1000) -> 0.071736733 | AS22: =IF(G22="INCOMER",(IF(AR22<=2,"YES","NO")),IF(G22="POWER",(IF(AR22<=2.5,"YES","NO")),IF(G22="MOTOR",(IF(AR22<=3,"YES","NO"))))) -> YES | AT22: =IF(G22="MOTOR",(SQRT(3)*AH22*O22*((AA22*P22)+(AB22*SIN(ACOS(P22))))*100/(AP22*K22*1000)),"NA") -> 0.22619766 | AU22: =IF(G22="MOTOR",IF(AT22<=15,"YES","NO"),"NA") -> YES | AV22: =IF(U22="1C",CONCATENATE(AP22,"R x ",Y22,"kV x ",U22," x ",V22," Sqmm/Phase"),CONCATENATE(AP22,"R x ","6/10 (12)kV x ",U22," x ",V22," Sqmm")) -> 1R x 6/10 (12)kV x 3C x 150 Sqmm | AW22: =IF(U22="1C",CONCATENATE(AP22,"R x ",Y22,"kV x ",U22," x ",V22," Sqmm/Phase"),CONCATENATE(AP22,"R x ","6/10 (12)kV x ",U22," x ",V22," Sqmm")) -> 1R x 6/10 (12)kV x 3C x 150 Sqmm | AX22: =IF(U22="1C",(3*AH22*AP22),(AH22*AP22)) -> 430 | AZ22: =IF(U22="1C",(3*AP22*2),(AP22*2)) -> 2 | BA22: =CONCATENATE(IF(BE22=1,BE$4,""),IF(BF22=1,BF$4,""),IF(BG22=1,BG$4,""),IF(BH22=1,BH$4,""),IF(BI22=1,BI$4,""),IF(BJ22=1,BJ$4,""),IF(BK22=1,BK$4,""),IF(BL22=1,BL$4,""),IF(BM22=1,BM$4,""),IF(BN22=1,BN$4,""),IF(BO22=1,BO$4,""),IF(BP22=1,BP$4,""),IF(BQ22=1,BQ$4,""),IF(BR22=1,BR$4,""),IF(BS22=1,BS$4,""),IF(BT22=1,BT$4,""),IF(BU22=1,BU$4,""),IF(BV22=1,BV$4,""),IF(BW22=1,BW$4,""),IF(BX22=1,BX$4,""),IF(BY22=1,BY$4,""),IF(BZ22=1,BZ$4,""),IF(CA22=1,CA$4,""),IF(CB22=1,CB$4,""),IF(CC22=1,CC$4,""),IF(CD22=1,CD$4,""),IF(CE22=1,CE$4,""),IF(CF22=1,CF$4,""),IF(CG22=1,CG$4,""),IF(CH22=1,CH$4,""),IF(CI22=1,CI$4,""),IF(CJ22=1,CJ$4,""),IF(CK22=1,CK$4,""),IF(CL22=1,CL$4,""),IF(CM22=1,CM$4,""),IF(CN22=1,CN$4,""),IF(CO22=1,CO$4,""),IF(CP22=1,CP$4,""),IF(CQ22=1,CQ$4,""),IF(CR22=1,CR$4,""),IF(CS22=1,CS$4,""),IF(CT22=1,CT$4,""),IF(CU22=1,CU$4,""),IF(CV22=1,CV$4,""),IF(CW22=1,CW$4,""),IF(CX22=1,CX$4,""),IF(CY22=1,CY$4,""),IF(CZ22=1,CZ$4,""),IF(DA22=1,DA$4,""),IF(DB22=1,DB$4,""),IF(DC22=1,DC$4,""),IF(DD22=1,DD$4,""),IF(DE22=1,DE$4,""),IF(DF22=1,DF$4,""),IF(DG22=1,DG$4,""),IF(DH22=1,DH$4,""),IF(DI22=1,DI$4,""),IF(DJ22=1,DJ$4,""),IF(DK22=1,DK$4,""),IF(DL22=1,DL$4,""),IF(DM22=1,DM$4,""),IF(DN22=1,DN$4,""),IF(DO22=1,DO$4,""),IF(DP22=1,DP$4,""),IF(DQ22=1,DQ$4,""),IF(DR22=1,DR$4,""),IF(DS22=1,DS$4,""),IF(DT22=1,DT$4,""),IF(DU22=1,DU$4,"")) -> ACDEE1E2E3 | BB22: =VLOOKUP(W22,'Catalogue Aluminium'!$B$141:$H$173,7,FALSE) -> 62 | BC22: =AP22*BB22 -> 62 | BF22: 1 | BI22: 1 | BJ22: 1 | BN22: 1 | BP22: 1 | BQ22: 1 | BR22: 1 | DW22: =IF(BE22=1,($BC22*BE22),0) -> 0 | DX22: =IF(BF22=1,($BC22*BF22),0) -> 62 | DY22: =IF(BG22=1,($BC22*BG22),0) -> 0 | DZ22: =IF(BH22=1,($BC22*BH22),0) -> 0 | EA22: =IF(BI22=1,($BC22*BI22),0) -> 62 | EB22: =IF(BJ22=1,($BC22*BJ22),0) -> 62 | EC22: =IF(BK22=1,($BC22*BK22),0) -> 0 | ED22: =IF(BL22=1,($BC22*BL22),0) -> 0 | ... GM22: =IF(DU22=1,($BC22*DU22),0) -> 0
A23: =A22+1 -> 15 | B23: 1401-CM201 | C23: =$D$6 -> 11kV MV Switchgear-1 | D23: NITROGEN GAS COMPRESSOR MAIN MOTOR FOR 1401-J-201-SPACE HEATER | E23: AMMONIA PLANT | F23: B | G23: POWER | H23: 0.2 | I23: kW | J23: 1Ph | K23: 230 | L23: 0.85 | M23: 0.95 | N23: =IF(I23="kVA",IF(J23="3Ph",(H23*1000/(1.732*M23*K23)),(H23*1000/(M23*K23))),IF(I23="kW",IF(J23="3Ph",(H23*1000/(1.732*M23*K23*L23)),(H23*1000/(M23*K23*L23))))) -> 1.076861 | O23: =IF(G23="MOTOR",(6*N23),IF(G23="VFD",(1*N23),0)) -> 0 | P23: =IF(G23="MOTOR",0.2,"0.00") -> 0.00 | Q23: 65 | R23: 0 | S23: =(Q23*1000*SQRT(R23)/94) -> 0 | T23: AIR | U23: 3C | V23: 4 | W23: =CONCATENATE(U23," X ",V23) -> 3C X 4 | X23: =(IF(J23="1Ph",W23,IF(J23="3Ph",(IF(G23="MOTOR",(CONCATENATE(W23,"+PE")),W23))))) -> 3C X 4 | Y23: 0.6/1.0 | Z23: =IF(T23="AIR",VLOOKUP(W23,'Catalogue Aluminium'!$B$141:$G$173,2,FALSE),IF(T23="GROUND",VLOOKUP(W23,'Catalogue Aluminium'!$B$141:$G$173,3,FALSE),IF(T23="DUCT",VLOOKUP(W23,'Catalogue Aluminium'!$B$141:$G$173,4,FALSE),IF(T23="TRENCH",VLOOKUP(W23,'Catalogue Aluminium'!$B$141:$G$173,2,FALSE))))) -> 38 | AA23: =VLOOKUP(W23,'Catalogue Aluminium'!$B$141:$G$173,5,FALSE) -> 5.9 | AB23: =VLOOKUP(W23,'Catalogue Aluminium'!$B$141:$G$173,6,FALSE) -> 0.0947 | AC23: =23+30 -> 53 | AD23: =40+50+38+50+17+(27+42+19) -> 283 | AE23: =11+8+8+11 -> 38 | AF23: =5+5 -> 10 | AG23: =ROUNDUP(SUM(AC23:AF23)*0.1,0) -> 39 | AH23: =CEILING(SUM(AC23:AG23),10) -> 430 | AI23: =IF(T23="AIR",'Catalogue Aluminium'!$K$141,IF(T23="TRENCH",'Catalogue Aluminium'!$K$144,"NA")) -> 0.82 | AJ23: =IF(T23="Air",(IF(U23="1C",'Catalogue Aluminium'!$L$141,'Catalogue Aluminium'!$M$141)),IF(T23="DUCT",(IF($U23="1C",'Catalogue Aluminium'!$L$142,'Catalogue Aluminium'!$M$142)),IF(T23="GROUND",(IF($U23="1C",'Catalogue Aluminium'!$L$143,'Catalogue Aluminium'!$M$143)),IF(T23="TRENCH",(IF($U23="1C",'Catalogue Aluminium'!$L$144,'Catalogue Aluminium'!$M$144)))))) -> 0.73 | AK23: =IF(T23="Air",'Catalogue Aluminium'!$N$141,IF(T23="GROUND",'Catalogue Aluminium'!$N$142,IF(T23="DUCT",'Catalogue Aluminium'!$N$143,IF(T23="TRENCH",'Catalogue Aluminium'!$N$144,"NA")))) -> NA | AL23: =IF(T23="Air",(IF(U23="1C",'Catalogue Aluminium'!$O$141,'Catalogue Aluminium'!$P$141)),IF(T23="DUCT",(IF($U23="1C",'Catalogue Aluminium'!$O$142,'Catalogue Aluminium'!$P$142)),IF(T23="GROUND",(IF($U23="1C",'Catalogue Aluminium'!$O$143,'Catalogue Aluminium'!$P$143)),IF(T23="TRENCH",(IF($U23="1C",'Catalogue Aluminium'!$O$144,'Catalogue Aluminium'!$P$144)))))) -> NA | AM23: =IF(T23="AIR","NA",IF(T23="TRENCH","NA",IF(T23="DUCT",IF(U23="1C",VLOOKUP(V23,'Catalogue Aluminium'!$Q$142:$S$153,2,FALSE),VLOOKUP(V23,'Catalogue Aluminium'!$Q$142:$S$153,3)),IF(T23="GROUND",IF(U23="1C",VLOOKUP(V23,'Catalogue Aluminium'!$Q$142:$S$153,2,FALSE),VLOOKUP(V23,'Catalogue Aluminium'!$Q$142:$S$153,3)))))) -> NA | AN23: =IF(T23="AIR",AI23*AJ23,IF(T23="TRENCH",AI23*AJ23,IF(T23="DUCT",AJ23*AK23*AL23*AM23,IF(T23="GROUND",AJ23*AK23*AL23*AM23)))) -> 0.5986 | AO23: =Z23*AN23 -> 22.7468 | AP23: =CEILING(((N23)/AO23),1) -> 1 | AQ23: =IF(AO23*AP23>=N23,"YES","NO") -> YES | AR23: =SQRT(3)*AH23*N23*((AA23*L23)+(AB23*SIN(ACOS(L23))))*100/(AP23*K23*1000) -> 1.7661622 | AS23: =IF(G23="INCOMER",(IF(AR23<=2,"YES","NO")),IF(G23="POWER",(IF(AR23<=2.5,"YES","NO")),IF(G23="MOTOR",(IF(AR23<=3,"YES","NO"))))) -> YES | AT23: =IF(G23="MOTOR",(SQRT(3)*AH23*O23*((AA23*P23)+(AB23*SIN(ACOS(P23))))*100/(AP23*K23*1000)),"NA") -> NA | AU23: =IF(G23="MOTOR",IF(AT23<=15,"YES","NO"),"NA") -> NA | AV23: =IF(U23="1C",CONCATENATE(AP23,"R x ",Y23,"kV x ",U23," x ",V23," Sqmm/Phase"),CONCATENATE(AP23,"R x ","6/10 (12)kV x ",U23," x ",V23," Sqmm")) -> 1R x 6/10 (12)kV x 3C x 4 Sqmm | AW23: =IF(U23="1C",CONCATENATE(AP23,"R x ",Y23,"kV x ",U23," x ",V23," Sqmm/Phase"),CONCATENATE(AP23,"R x ","6/10 (12)kV x ",U23," x ",V23," Sqmm")) -> 1R x 6/10 (12)kV x 3C x 4 Sqmm | AX23: =IF(U23="1C",(3*AH23*AP23),(AH23*AP23)) -> 430 | AZ23: =IF(U23="1C",(3*AP23*2),(AP23*2)) -> 2 | BA23: =CONCATENATE(IF(BE23=1,BE$4,""),IF(BF23=1,BF$4,""),IF(BG23=1,BG$4,""),IF(BH23=1,BH$4,""),IF(BI23=1,BI$4,""),IF(BJ23=1,BJ$4,""),IF(BK23=1,BK$4,""),IF(BL23=1,BL$4,""),IF(BM23=1,BM$4,""),IF(BN23=1,BN$4,""),IF(BO23=1,BO$4,""),IF(BP23=1,BP$4,""),IF(BQ23=1,BQ$4,""),IF(BR23=1,BR$4,""),IF(BS23=1,BS$4,""),IF(BT23=1,BT$4,""),IF(BU23=1,BU$4,""),IF(BV23=1,BV$4,""),IF(BW23=1,BW$4,""),IF(BX23=1,BX$4,""),IF(BY23=1,BY$4,""),IF(BZ23=1,BZ$4,""),IF(CA23=1,CA$4,""),IF(CB23=1,CB$4,""),IF(CC23=1,CC$4,""),IF(CD23=1,CD$4,""),IF(CE23=1,CE$4,""),IF(CF23=1,CF$4,""),IF(CG23=1,CG$4,""),IF(CH23=1,CH$4,""),IF(CI23=1,CI$4,""),IF(CJ23=1,CJ$4,""),IF(CK23=1,CK$4,""),IF(CL23=1,CL$4,""),IF(CM23=1,CM$4,""),IF(CN23=1,CN$4,""),IF(CO23=1,CO$4,""),IF(CP23=1,CP$4,""),IF(CQ23=1,CQ$4,""),IF(CR23=1,CR$4,""),IF(CS23=1,CS$4,""),IF(CT23=1,CT$4,""),IF(CU23=1,CU$4,""),IF(CV23=1,CV$4,""),IF(CW23=1,CW$4,""),IF(CX23=1,CX$4,""),IF(CY23=1,CY$4,""),IF(CZ23=1,CZ$4,""),IF(DA23=1,DA$4,""),IF(DB23=1,DB$4,""),IF(DC23=1,DC$4,""),IF(DD23=1,DD$4,""),IF(DE23=1,DE$4,""),IF(DF23=1,DF$4,""),IF(DG23=1,DG$4,""),IF(DH23=1,DH$4,""),IF(DI23=1,DI$4,""),IF(DJ23=1,DJ$4,""),IF(DK23=1,DK$4,""),IF(DL23=1,DL$4,""),IF(DM23=1,DM$4,""),IF(DN23=1,DN$4,""),IF(DO23=1,DO$4,""),IF(DP23=1,DP$4,""),IF(DQ23=1,DQ$4,""),IF(DR23=1,DR$4,""),IF(DS23=1,DS$4,""),IF(DT23=1,DT$4,""),IF(DU23=1,DU$4,"")) -> ACDEE1E2E3 | BB23: =VLOOKUP(W23,'Catalogue Aluminium'!$B$141:$H$173,7,FALSE) -> 15 | BC23: =AP23*BB23 -> 15 | BF23: 1 | BI23: 1 | BJ23: 1 | BN23: 1 | BP23: 1 | BQ23: 1 | BR23: 1 | DW23: =IF(BE23=1,($BC23*BE23),0) -> 0 | DX23: =IF(BF23=1,($BC23*BF23),0) -> 15 | DY23: =IF(BG23=1,($BC23*BG23),0) -> 0 | DZ23: =IF(BH23=1,($BC23*BH23),0) -> 0 | EA23: =IF(BI23=1,($BC23*BI23),0) -> 15 | EB23: =IF(BJ23=1,($BC23*BJ23),0) -> 15 | EC23: =IF(BK23=1,($BC23*BK23),0) -> 0 | ED23: =IF(BL23=1,($BC23*BL23),0) -> 0 | ... GM23: =IF(DU23=1,($BC23*DU23),0) -> 0
A24: =A23+1 -> 16 | B24: 1401-CM202A | C24: =$D$6 -> 11kV MV Switchgear-1 | D24: AUX. HYDROGEN COMPRESSOR MAIN MOTOR 1401-J-202B | E24: AMMONIA PLANT | F24: A | G24: MOTOR | H24: 2450 | I24: kW | J24: 3Ph | K24: 11000 | L24: 0.88 | M24: 0.97 | N24: =IF(I24="kVA",IF(J24="3Ph",(H24*1000/(1.732*M24*K24)),(H24*1000/(M24*K24))),IF(I24="kW",IF(J24="3Ph",(H24*1000/(1.732*M24*K24*L24)),(H24*1000/(M24*K24*L24))))) -> 150.65068 | O24: =IF(G24="MOTOR",(6*N24),IF(G24="VFD",(1*N24),0)) -> 903.9041 | P24: =IF(G24="MOTOR",0.2,"0.00") -> 0.2 | Q24: 31.5 | R24: 0.16 | S24: =(Q24*1000*SQRT(R24)/94) -> 134.04255 | T24: AIR | U24: 3C | V24: 150 | W24: =CONCATENATE(U24," X ",V24) -> 3C X 150 | X24: =(IF(J24="1Ph",W24,IF(J24="3Ph",(IF(G24="MOTOR",(CONCATENATE(W24,"+PE")),W24))))) -> 3C X 150+PE | Y24: 6/10(12) | Z24: =IF(T24="AIR",VLOOKUP(W24,'Catalogue Aluminium'!$B$141:$G$173,2,FALSE),IF(T24="GROUND",VLOOKUP(W24,'Catalogue Aluminium'!$B$141:$G$173,3,FALSE),IF(T24="DUCT",VLOOKUP(W24,'Catalogue Aluminium'!$B$141:$G$173,4,FALSE),IF(T24="TRENCH",VLOOKUP(W24,'Catalogue Aluminium'!$B$141:$G$173,2,FALSE))))) -> 309 | AA24: =VLOOKUP(W24,'Catalogue Aluminium'!$B$141:$G$173,5,FALSE) -> 0.265 | AB24: =VLOOKUP(W24,'Catalogue Aluminium'!$B$141:$G$173,6,FALSE) -> 0.093 | AC24: =37+30 -> 67 | AD24: =40+50+38+50+17+(27+45) -> 267 | AE24: =11+8+8+11 -> 38 | AF24: =5+5 -> 10 | AG24: =ROUNDUP(SUM(AC24:AF24)*0.1,0) -> 39 | AH24: =CEILING(SUM(AC24:AG24),10) -> 430 | AI24: =IF(T24="AIR",'Catalogue Aluminium'!$K$141,IF(T24="TRENCH",'Catalogue Aluminium'!$K$144,"NA")) -> 0.82 | AJ24: =IF(T24="Air",(IF(U24="1C",'Catalogue Aluminium'!$L$141,'Catalogue Aluminium'!$M$141)),IF(T24="DUCT",(IF($U24="1C",'Catalogue Aluminium'!$L$142,'Catalogue Aluminium'!$M$142)),IF(T24="GROUND",(IF($U24="1C",'Catalogue Aluminium'!$L$143,'Catalogue Aluminium'!$M$143)),IF(T24="TRENCH",(IF($U24="1C",'Catalogue Aluminium'!$L$144,'Catalogue Aluminium'!$M$144)))))) -> 0.73 | AK24: =IF(T24="Air",'Catalogue Aluminium'!$N$141,IF(T24="GROUND",'Catalogue Aluminium'!$N$142,IF(T24="DUCT",'Catalogue Aluminium'!$N$143,IF(T24="TRENCH",'Catalogue Aluminium'!$N$144,"NA")))) -> NA | AL24: =IF(T24="Air",(IF(U24="1C",'Catalogue Aluminium'!$O$141,'Catalogue Aluminium'!$P$141)),IF(T24="DUCT",(IF($U24="1C",'Catalogue Aluminium'!$O$142,'Catalogue Aluminium'!$P$142)),IF(T24="GROUND",(IF($U24="1C",'Catalogue Aluminium'!$O$143,'Catalogue Aluminium'!$P$143)),IF(T24="TRENCH",(IF($U24="1C",'Catalogue Aluminium'!$O$144,'Catalogue Aluminium'!$P$144)))))) -> NA | AM24: =IF(T24="AIR","NA",IF(T24="TRENCH","NA",IF(T24="DUCT",IF(U24="1C",VLOOKUP(V24,'Catalogue Aluminium'!$Q$142:$S$153,2,FALSE),VLOOKUP(V24,'Catalogue Aluminium'!$Q$142:$S$153,3)),IF(T24="GROUND",IF(U24="1C",VLOOKUP(V24,'Catalogue Aluminium'!$Q$142:$S$153,2,FALSE),VLOOKUP(V24,'Catalogue Aluminium'!$Q$142:$S$153,3)))))) -> NA | AN24: =IF(T24="AIR",AI24*AJ24,IF(T24="TRENCH",AI24*AJ24,IF(T24="DUCT",AJ24*AK24*AL24*AM24,IF(T24="GROUND",AJ24*AK24*AL24*AM24)))) -> 0.5986 | AO24: =Z24*AN24 -> 184.9674 | AP24: =CEILING(((N24)/AO24),1) -> 1 | AQ24: =IF(AO24*AP24>=N24,"YES","NO") -> YES | AR24: =SQRT(3)*AH24*N24*((AA24*L24)+(AB24*SIN(ACOS(L24))))*100/(AP24*K24*1000) -> 0.28292478 | AS24: =IF(G24="INCOMER",(IF(AR24<=2,"YES","NO")),IF(G24="POWER",(IF(AR24<=2.5,"YES","NO")),IF(G24="MOTOR",(IF(AR24<=3,"YES","NO"))))) -> YES | AT24: =IF(G24="MOTOR",(SQRT(3)*AH24*O24*((AA24*P24)+(AB24*SIN(ACOS(P24))))*100/(AP24*K24*1000)),"NA") -> 0.88203552 | AU24: =IF(G24="MOTOR",IF(AT24<=15,"YES","NO"),"NA") -> YES | AV24: =IF(U24="1C",CONCATENATE(AP24,"R x ",Y24,"kV x ",U24," x ",V24," Sqmm/Phase"),CONCATENATE(AP24,"R x ","6/10 (12)kV x ",U24," x ",V24," Sqmm")) -> 1R x 6/10 (12)kV x 3C x 150 Sqmm | AW24: =IF(U24="1C",CONCATENATE(AP24,"R x ",Y24,"kV x ",U24," x ",V24," Sqmm/Phase"),CONCATENATE(AP24,"R x ","6/10 (12)kV x ",U24," x ",V24," Sqmm")) -> 1R x 6/10 (12)kV x 3C x 150 Sqmm | AX24: =IF(U24="1C",(3*AH24*AP24),(AH24*AP24)) -> 430 | AZ24: =IF(U24="1C",(3*AP24*2),(AP24*2)) -> 2 | BA24: =CONCATENATE(IF(BE24=1,BE$4,""),IF(BF24=1,BF$4,""),IF(BG24=1,BG$4,""),IF(BH24=1,BH$4,""),IF(BI24=1,BI$4,""),IF(BJ24=1,BJ$4,""),IF(BK24=1,BK$4,""),IF(BL24=1,BL$4,""),IF(BM24=1,BM$4,""),IF(BN24=1,BN$4,""),IF(BO24=1,BO$4,""),IF(BP24=1,BP$4,""),IF(BQ24=1,BQ$4,""),IF(BR24=1,BR$4,""),IF(BS24=1,BS$4,""),IF(BT24=1,BT$4,""),IF(BU24=1,BU$4,""),IF(BV24=1,BV$4,""),IF(BW24=1,BW$4,""),IF(BX24=1,BX$4,""),IF(BY24=1,BY$4,""),IF(BZ24=1,BZ$4,""),IF(CA24=1,CA$4,""),IF(CB24=1,CB$4,""),IF(CC24=1,CC$4,""),IF(CD24=1,CD$4,""),IF(CE24=1,CE$4,""),IF(CF24=1,CF$4,""),IF(CG24=1,CG$4,""),IF(CH24=1,CH$4,""),IF(CI24=1,CI$4,""),IF(CJ24=1,CJ$4,""),IF(CK24=1,CK$4,""),IF(CL24=1,CL$4,""),IF(CM24=1,CM$4,""),IF(CN24=1,CN$4,""),IF(CO24=1,CO$4,""),IF(CP24=1,CP$4,""),IF(CQ24=1,CQ$4,""),IF(CR24=1,CR$4,""),IF(CS24=1,CS$4,""),IF(CT24=1,CT$4,""),IF(CU24=1,CU$4,""),IF(CV24=1,CV$4,""),IF(CW24=1,CW$4,""),IF(CX24=1,CX$4,""),IF(CY24=1,CY$4,""),IF(CZ24=1,CZ$4,""),IF(DA24=1,DA$4,""),IF(DB24=1,DB$4,""),IF(DC24=1,DC$4,""),IF(DD24=1,DD$4,""),IF(DE24=1,DE$4,""),IF(DF24=1,DF$4,""),IF(DG24=1,DG$4,""),IF(DH24=1,DH$4,""),IF(DI24=1,DI$4,""),IF(DJ24=1,DJ$4,""),IF(DK24=1,DK$4,""),IF(DL24=1,DL$4,""),IF(DM24=1,DM$4,""),IF(DN24=1,DN$4,""),IF(DO24=1,DO$4,""),IF(DP24=1,DP$4,""),IF(DQ24=1,DQ$4,""),IF(DR24=1,DR$4,""),IF(DS24=1,DS$4,""),IF(DT24=1,DT$4,""),IF(DU24=1,DU$4,"")) -> ACDEE1 | BB24: =VLOOKUP(W24,'Catalogue Aluminium'!$B$141:$H$173,7,FALSE) -> 62 | BC24: =AP24*BB24 -> 62 | BF24: 1 | BI24: 1 | BJ24: 1 | BN24: 1 | BP24: 1 | DW24: =IF(BE24=1,($BC24*BE24),0) -> 0 | DX24: =IF(BF24=1,($BC24*BF24),0) -> 62 | DY24: =IF(BG24=1,($BC24*BG24),0) -> 0 | DZ24: =IF(BH24=1,($BC24*BH24),0) -> 0 | EA24: =IF(BI24=1,($BC24*BI24),0) -> 62 | EB24: =IF(BJ24=1,($BC24*BJ24),0) -> 62 | EC24: =IF(BK24=1,($BC24*BK24),0) -> 0 | ED24: =IF(BL24=1,($BC24*BL24),0) -> 0 | ... GM24: =IF(DU24=1,($BC24*DU24),0) -> 0
A25: =A24+1 -> 17 | B25: 1401-CM202A | C25: =$D$6 -> 11kV MV Switchgear-1 | D25: AUX. HYDROGEN COMPRESSOR MAIN MOTOR 1401-J-202B-SPACE HEATER | E25: AMMONIA PLANT | F25: A | G25: POWER | H25: 0.2 | I25: kW | J25: 1Ph | K25: 230 | L25: 0.85 | M25: 0.95 | N25: =IF(I25="kVA",IF(J25="3Ph",(H25*1000/(1.732*M25*K25)),(H25*1000/(M25*K25))),IF(I25="kW",IF(J25="3Ph",(H25*1000/(1.732*M25*K25*L25)),(H25*1000/(M25*K25*L25))))) -> 1.076861 | O25: =IF(G25="MOTOR",(6*N25),IF(G25="VFD",(1*N25),0)) -> 0 | P25: =IF(G25="MOTOR",0.2,"0.00") -> 0.00 | Q25: 65 | R25: 0 | S25: =(Q25*1000*SQRT(R25)/94) -> 0 | T25: AIR | U25: 3C | V25: 4 | W25: =CONCATENATE(U25," X ",V25) -> 3C X 4 | X25: =(IF(J25="1Ph",W25,IF(J25="3Ph",(IF(G25="MOTOR",(CONCATENATE(W25,"+PE")),W25))))) -> 3C X 4 | Y25: 0.6/1.0 | Z25: =IF(T25="AIR",VLOOKUP(W25,'Catalogue Aluminium'!$B$141:$G$173,2,FALSE),IF(T25="GROUND",VLOOKUP(W25,'Catalogue Aluminium'!$B$141:$G$173,3,FALSE),IF(T25="DUCT",VLOOKUP(W25,'Catalogue Aluminium'!$B$141:$G$173,4,FALSE),IF(T25="TRENCH",VLOOKUP(W25,'Catalogue Aluminium'!$B$141:$G$173,2,FALSE))))) -> 38 | AA25: =VLOOKUP(W25,'Catalogue Aluminium'!$B$141:$G$173,5,FALSE) -> 5.9 | AB25: =VLOOKUP(W25,'Catalogue Aluminium'!$B$141:$G$173,6,FALSE) -> 0.0947 | AC25: =37+30 -> 67 | AD25: =40+50+38+50+17+(27+45) -> 267 | AE25: =11+8+8+11 -> 38 | AF25: =5+5 -> 10 | AG25: =ROUNDUP(SUM(AC25:AF25)*0.1,0) -> 39 | AH25: =CEILING(SUM(AC25:AG25),10) -> 430 | AI25: =IF(T25="AIR",'Catalogue Aluminium'!$K$141,IF(T25="TRENCH",'Catalogue Aluminium'!$K$144,"NA")) -> 0.82 | AJ25: =IF(T25="Air",(IF(U25="1C",'Catalogue Aluminium'!$L$141,'Catalogue Aluminium'!$M$141)),IF(T25="DUCT",(IF($U25="1C",'Catalogue Aluminium'!$L$142,'Catalogue Aluminium'!$M$142)),IF(T25="GROUND",(IF($U25="1C",'Catalogue Aluminium'!$L$143,'Catalogue Aluminium'!$M$143)),IF(T25="TRENCH",(IF($U25="1C",'Catalogue Aluminium'!$L$144,'Catalogue Aluminium'!$M$144)))))) -> 0.73 | AK25: =IF(T25="Air",'Catalogue Aluminium'!$N$141,IF(T25="GROUND",'Catalogue Aluminium'!$N$142,IF(T25="DUCT",'Catalogue Aluminium'!$N$143,IF(T25="TRENCH",'Catalogue Aluminium'!$N$144,"NA")))) -> NA | AL25: =IF(T25="Air",(IF(U25="1C",'Catalogue Aluminium'!$O$141,'Catalogue Aluminium'!$P$141)),IF(T25="DUCT",(IF($U25="1C",'Catalogue Aluminium'!$O$142,'Catalogue Aluminium'!$P$142)),IF(T25="GROUND",(IF($U25="1C",'Catalogue Aluminium'!$O$143,'Catalogue Aluminium'!$P$143)),IF(T25="TRENCH",(IF($U25="1C",'Catalogue Aluminium'!$O$144,'Catalogue Aluminium'!$P$144)))))) -> NA | AM25: =IF(T25="AIR","NA",IF(T25="TRENCH","NA",IF(T25="DUCT",IF(U25="1C",VLOOKUP(V25,'Catalogue Aluminium'!$Q$142:$S$153,2,FALSE),VLOOKUP(V25,'Catalogue Aluminium'!$Q$142:$S$153,3)),IF(T25="GROUND",IF(U25="1C",VLOOKUP(V25,'Catalogue Aluminium'!$Q$142:$S$153,2,FALSE),VLOOKUP(V25,'Catalogue Aluminium'!$Q$142:$S$153,3)))))) -> NA | AN25: =IF(T25="AIR",AI25*AJ25,IF(T25="TRENCH",AI25*AJ25,IF(T25="DUCT",AJ25*AK25*AL25*AM25,IF(T25="GROUND",AJ25*AK25*AL25*AM25)))) -> 0.5986 | AO25: =Z25*AN25 -> 22.7468 | AP25: =CEILING(((N25)/AO25),1) -> 1 | AQ25: =IF(AO25*AP25>=N25,"YES","NO") -> YES | AR25: =SQRT(3)*AH25*N25*((AA25*L25)+(AB25*SIN(ACOS(L25))))*100/(AP25*K25*1000) -> 1.7661622 | AS25: =IF(G25="INCOMER",(IF(AR25<=2,"YES","NO")),IF(G25="POWER",(IF(AR25<=2.5,"YES","NO")),IF(G25="MOTOR",(IF(AR25<=3,"YES","NO"))))) -> YES | AT25: =IF(G25="MOTOR",(SQRT(3)*AH25*O25*((AA25*P25)+(AB25*SIN(ACOS(P25))))*100/(AP25*K25*1000)),"NA") -> NA | AU25: =IF(G25="MOTOR",IF(AT25<=15,"YES","NO"),"NA") -> NA | AV25: =IF(U25="1C",CONCATENATE(AP25,"R x ",Y25,"kV x ",U25," x ",V25," Sqmm/Phase"),CONCATENATE(AP25,"R x ","6/10 (12)kV x ",U25," x ",V25," Sqmm")) -> 1R x 6/10 (12)kV x 3C x 4 Sqmm | AW25: =IF(U25="1C",CONCATENATE(AP25,"R x ",Y25,"kV x ",U25," x ",V25," Sqmm/Phase"),CONCATENATE(AP25,"R x ","6/10 (12)kV x ",U25," x ",V25," Sqmm")) -> 1R x 6/10 (12)kV x 3C x 4 Sqmm | AX25: =IF(U25="1C",(3*AH25*AP25),(AH25*AP25)) -> 430 | AZ25: =IF(U25="1C",(3*AP25*2),(AP25*2)) -> 2 | BA25: =CONCATENATE(IF(BE25=1,BE$4,""),IF(BF25=1,BF$4,""),IF(BG25=1,BG$4,""),IF(BH25=1,BH$4,""),IF(BI25=1,BI$4,""),IF(BJ25=1,BJ$4,""),IF(BK25=1,BK$4,""),IF(BL25=1,BL$4,""),IF(BM25=1,BM$4,""),IF(BN25=1,BN$4,""),IF(BO25=1,BO$4,""),IF(BP25=1,BP$4,""),IF(BQ25=1,BQ$4,""),IF(BR25=1,BR$4,""),IF(BS25=1,BS$4,""),IF(BT25=1,BT$4,""),IF(BU25=1,BU$4,""),IF(BV25=1,BV$4,""),IF(BW25=1,BW$4,""),IF(BX25=1,BX$4,""),IF(BY25=1,BY$4,""),IF(BZ25=1,BZ$4,""),IF(CA25=1,CA$4,""),IF(CB25=1,CB$4,""),IF(CC25=1,CC$4,""),IF(CD25=1,CD$4,""),IF(CE25=1,CE$4,""),IF(CF25=1,CF$4,""),IF(CG25=1,CG$4,""),IF(CH25=1,CH$4,""),IF(CI25=1,CI$4,""),IF(CJ25=1,CJ$4,""),IF(CK25=1,CK$4,""),IF(CL25=1,CL$4,""),IF(CM25=1,CM$4,""),IF(CN25=1,CN$4,""),IF(CO25=1,CO$4,""),IF(CP25=1,CP$4,""),IF(CQ25=1,CQ$4,""),IF(CR25=1,CR$4,""),IF(CS25=1,CS$4,""),IF(CT25=1,CT$4,""),IF(CU25=1,CU$4,""),IF(CV25=1,CV$4,""),IF(CW25=1,CW$4,""),IF(CX25=1,CX$4,""),IF(CY25=1,CY$4,""),IF(CZ25=1,CZ$4,""),IF(DA25=1,DA$4,""),IF(DB25=1,DB$4,""),IF(DC25=1,DC$4,""),IF(DD25=1,DD$4,""),IF(DE25=1,DE$4,""),IF(DF25=1,DF$4,""),IF(DG25=1,DG$4,""),IF(DH25=1,DH$4,""),IF(DI25=1,DI$4,""),IF(DJ25=1,DJ$4,""),IF(DK25=1,DK$4,""),IF(DL25=1,DL$4,""),IF(DM25=1,DM$4,""),IF(DN25=1,DN$4,""),IF(DO25=1,DO$4,""),IF(DP25=1,DP$4,""),IF(DQ25=1,DQ$4,""),IF(DR25=1,DR$4,""),IF(DS25=1,DS$4,""),IF(DT25=1,DT$4,""),IF(DU25=1,DU$4,"")) -> ACDEE1 | BB25: =VLOOKUP(W25,'Catalogue Aluminium'!$B$141:$H$173,7,FALSE) -> 15 | BC25: =AP25*BB25 -> 15 | BF25: 1 | BI25: 1 | BJ25: 1 | BN25: 1 | BP25: 1 | DW25: =IF(BE25=1,($BC25*BE25),0) -> 0 | DX25: =IF(BF25=1,($BC25*BF25),0) -> 15 | DY25: =IF(BG25=1,($BC25*BG25),0) -> 0 | DZ25: =IF(BH25=1,($BC25*BH25),0) -> 0 | EA25: =IF(BI25=1,($BC25*BI25),0) -> 15 | EB25: =IF(BJ25=1,($BC25*BJ25),0) -> 15 | EC25: =IF(BK25=1,($BC25*BK25),0) -> 0 | ED25: =IF(BL25=1,($BC25*BL25),0) -> 0 | ... GM25: =IF(DU25=1,($BC25*DU25),0) -> 0
A26: =A25+1 -> 18 | B26: 1401-CM202B | C26: =$D$6 -> 11kV MV Switchgear-1 | D26: AUX. HYDROGEN COMPRESSOR MAIN MOTOR 1401-J-202B | E26: AMMONIA PLANT | F26: B | G26: MOTOR | H26: 2450 | I26: kW | J26: 3Ph | K26: 11000 | L26: 0.88 | M26: 0.97 | N26: =IF(I26="kVA",IF(J26="3Ph",(H26*1000/(1.732*M26*K26)),(H26*1000/(M26*K26))),IF(I26="kW",IF(J26="3Ph",(H26*1000/(1.732*M26*K26*L26)),(H26*1000/(M26*K26*L26))))) -> 150.65068 | O26: =IF(G26="MOTOR",(6*N26),IF(G26="VFD",(1*N26),0)) -> 903.9041 | P26: =IF(G26="MOTOR",0.2,"0.00") -> 0.2 | Q26: 31.5 | R26: 0.16 | S26: =(Q26*1000*SQRT(R26)/94) -> 134.04255 | T26: AIR | U26: 3C | V26: 150 | W26: =CONCATENATE(U26," X ",V26) -> 3C X 150 | X26: =(IF(J26="1Ph",W26,IF(J26="3Ph",(IF(G26="MOTOR",(CONCATENATE(W26,"+PE")),W26))))) -> 3C X 150+PE | Y26: 6/10(12) | Z26: =IF(T26="AIR",VLOOKUP(W26,'Catalogue Aluminium'!$B$141:$G$173,2,FALSE),IF(T26="GROUND",VLOOKUP(W26,'Catalogue Aluminium'!$B$141:$G$173,3,FALSE),IF(T26="DUCT",VLOOKUP(W26,'Catalogue Aluminium'!$B$141:$G$173,4,FALSE),IF(T26="TRENCH",VLOOKUP(W26,'Catalogue Aluminium'!$B$141:$G$173,2,FALSE))))) -> 309 | AA26: =VLOOKUP(W26,'Catalogue Aluminium'!$B$141:$G$173,5,FALSE) -> 0.265 | AB26: =VLOOKUP(W26,'Catalogue Aluminium'!$B$141:$G$173,6,FALSE) -> 0.093 | AC26: =23+30 -> 53 | AD26: =40+50+38+50+17+(27+48) -> 270 | AE26: =11+8+8+11 -> 38 | AF26: =5+5 -> 10 | AG26: =ROUNDUP(SUM(AC26:AF26)*0.1,0) -> 38 | AH26: =CEILING(SUM(AC26:AG26),10) -> 410 | AI26: =IF(T26="AIR",'Catalogue Aluminium'!$K$141,IF(T26="TRENCH",'Catalogue Aluminium'!$K$144,"NA")) -> 0.82 | AJ26: =IF(T26="Air",(IF(U26="1C",'Catalogue Aluminium'!$L$141,'Catalogue Aluminium'!$M$141)),IF(T26="DUCT",(IF($U26="1C",'Catalogue Aluminium'!$L$142,'Catalogue Aluminium'!$M$142)),IF(T26="GROUND",(IF($U26="1C",'Catalogue Aluminium'!$L$143,'Catalogue Aluminium'!$M$143)),IF(T26="TRENCH",(IF($U26="1C",'Catalogue Aluminium'!$L$144,'Catalogue Aluminium'!$M$144)))))) -> 0.73 | AK26: =IF(T26="Air",'Catalogue Aluminium'!$N$141,IF(T26="GROUND",'Catalogue Aluminium'!$N$142,IF(T26="DUCT",'Catalogue Aluminium'!$N$143,IF(T26="TRENCH",'Catalogue Aluminium'!$N$144,"NA")))) -> NA | AL26: =IF(T26="Air",(IF(U26="1C",'Catalogue Aluminium'!$O$141,'Catalogue Aluminium'!$P$141)),IF(T26="DUCT",(IF($U26="1C",'Catalogue Aluminium'!$O$142,'Catalogue Aluminium'!$P$142)),IF(T26="GROUND",(IF($U26="1C",'Catalogue Aluminium'!$O$143,'Catalogue Aluminium'!$P$143)),IF(T26="TRENCH",(IF($U26="1C",'Catalogue Aluminium'!$O$144,'Catalogue Aluminium'!$P$144)))))) -> NA | AM26: =IF(T26="AIR","NA",IF(T26="TRENCH","NA",IF(T26="DUCT",IF(U26="1C",VLOOKUP(V26,'Catalogue Aluminium'!$Q$142:$S$153,2,FALSE),VLOOKUP(V26,'Catalogue Aluminium'!$Q$142:$S$153,3)),IF(T26="GROUND",IF(U26="1C",VLOOKUP(V26,'Catalogue Aluminium'!$Q$142:$S$153,2,FALSE),VLOOKUP(V26,'Catalogue Aluminium'!$Q$142:$S$153,3)))))) -> NA | AN26: =IF(T26="AIR",AI26*AJ26,IF(T26="TRENCH",AI26*AJ26,IF(T26="DUCT",AJ26*AK26*AL26*AM26,IF(T26="GROUND",AJ26*AK26*AL26*AM26)))) -> 0.5986 | AO26: =Z26*AN26 -> 184.9674 | AP26: =CEILING(((N26)/AO26),1) -> 1 | AQ26: =IF(AO26*AP26>=N26,"YES","NO") -> YES | AR26: =SQRT(3)*AH26*N26*((AA26*L26)+(AB26*SIN(ACOS(L26))))*100/(AP26*K26*1000) -> 0.26976549 | AS26: =IF(G26="INCOMER",(IF(AR26<=2,"YES","NO")),IF(G26="POWER",(IF(AR26<=2.5,"YES","NO")),IF(G26="MOTOR",(IF(AR26<=3,"YES","NO"))))) -> YES | AT26: =IF(G26="MOTOR",(SQRT(3)*AH26*O26*((AA26*P26)+(AB26*SIN(ACOS(P26))))*100/(AP26*K26*1000)),"NA") -> 0.84101061 | AU26: =IF(G26="MOTOR",IF(AT26<=15,"YES","NO"),"NA") -> YES | AV26: =IF(U26="1C",CONCATENATE(AP26,"R x ",Y26,"kV x ",U26," x ",V26," Sqmm/Phase"),CONCATENATE(AP26,"R x ","6/10 (12)kV x ",U26," x ",V26," Sqmm")) -> 1R x 6/10 (12)kV x 3C x 150 Sqmm | AW26: =IF(U26="1C",CONCATENATE(AP26,"R x ",Y26,"kV x ",U26," x ",V26," Sqmm/Phase"),CONCATENATE(AP26,"R x ","6/10 (12)kV x ",U26," x ",V26," Sqmm")) -> 1R x 6/10 (12)kV x 3C x 150 Sqmm | AX26: =IF(U26="1C",(3*AH26*AP26),(AH26*AP26)) -> 410 | AZ26: =IF(U26="1C",(3*AP26*2),(AP26*2)) -> 2 | BA26: =CONCATENATE(IF(BE26=1,BE$4,""),IF(BF26=1,BF$4,""),IF(BG26=1,BG$4,""),IF(BH26=1,BH$4,""),IF(BI26=1,BI$4,""),IF(BJ26=1,BJ$4,""),IF(BK26=1,BK$4,""),IF(BL26=1,BL$4,""),IF(BM26=1,BM$4,""),IF(BN26=1,BN$4,""),IF(BO26=1,BO$4,""),IF(BP26=1,BP$4,""),IF(BQ26=1,BQ$4,""),IF(BR26=1,BR$4,""),IF(BS26=1,BS$4,""),IF(BT26=1,BT$4,""),IF(BU26=1,BU$4,""),IF(BV26=1,BV$4,""),IF(BW26=1,BW$4,""),IF(BX26=1,BX$4,""),IF(BY26=1,BY$4,""),IF(BZ26=1,BZ$4,""),IF(CA26=1,CA$4,""),IF(CB26=1,CB$4,""),IF(CC26=1,CC$4,""),IF(CD26=1,CD$4,""),IF(CE26=1,CE$4,""),IF(CF26=1,CF$4,""),IF(CG26=1,CG$4,""),IF(CH26=1,CH$4,""),IF(CI26=1,CI$4,""),IF(CJ26=1,CJ$4,""),IF(CK26=1,CK$4,""),IF(CL26=1,CL$4,""),IF(CM26=1,CM$4,""),IF(CN26=1,CN$4,""),IF(CO26=1,CO$4,""),IF(CP26=1,CP$4,""),IF(CQ26=1,CQ$4,""),IF(CR26=1,CR$4,""),IF(CS26=1,CS$4,""),IF(CT26=1,CT$4,""),IF(CU26=1,CU$4,""),IF(CV26=1,CV$4,""),IF(CW26=1,CW$4,""),IF(CX26=1,CX$4,""),IF(CY26=1,CY$4,""),IF(CZ26=1,CZ$4,""),IF(DA26=1,DA$4,""),IF(DB26=1,DB$4,""),IF(DC26=1,DC$4,""),IF(DD26=1,DD$4,""),IF(DE26=1,DE$4,""),IF(DF26=1,DF$4,""),IF(DG26=1,DG$4,""),IF(DH26=1,DH$4,""),IF(DI26=1,DI$4,""),IF(DJ26=1,DJ$4,""),IF(DK26=1,DK$4,""),IF(DL26=1,DL$4,""),IF(DM26=1,DM$4,""),IF(DN26=1,DN$4,""),IF(DO26=1,DO$4,""),IF(DP26=1,DP$4,""),IF(DQ26=1,DQ$4,""),IF(DR26=1,DR$4,""),IF(DS26=1,DS$4,""),IF(DT26=1,DT$4,""),IF(DU26=1,DU$4,"")) -> ACDEE1E2 | BB26: =VLOOKUP(W26,'Catalogue Aluminium'!$B$141:$H$173,7,FALSE) -> 62 | BC26: =AP26*BB26 -> 62 | BF26: 1 | BI26: 1 | BJ26: 1 | BN26: 1 | BP26: 1 | BQ26: 1 | DW26: =IF(BE26=1,($BC26*BE26),0) -> 0 | DX26: =IF(BF26=1,($BC26*BF26),0) -> 62 | DY26: =IF(BG26=1,($BC26*BG26),0) -> 0 | DZ26: =IF(BH26=1,($BC26*BH26),0) -> 0 | EA26: =IF(BI26=1,($BC26*BI26),0) -> 62 | EB26: =IF(BJ26=1,($BC26*BJ26),0) -> 62 | EC26: =IF(BK26=1,($BC26*BK26),0) -> 0 | ED26: =IF(BL26=1,($BC26*BL26),0) -> 0 | ... GM26: =IF(DU26=1,($BC26*DU26),0) -> 0
A27: =A26+1 -> 19 | B27: 1401-CM202B | C27: =$D$6 -> 11kV MV Switchgear-1 | D27: AUX. HYDROGEN -SPACE HEATERCOMPRESSOR MAIN MOTOR 1401-J-202B | E27: AMMONIA PLANT | F27: B | G27: POWER | H27: 0.2 | I27: kW | J27: 1Ph | K27: 230 | L27: 0.85 | M27: 0.95 | N27: =IF(I27="kVA",IF(J27="3Ph",(H27*1000/(1.732*M27*K27)),(H27*1000/(M27*K27))),IF(I27="kW",IF(J27="3Ph",(H27*1000/(1.732*M27*K27*L27)),(H27*1000/(M27*K27*L27))))) -> 1.076861 | O27: =IF(G27="MOTOR",(6*N27),IF(G27="VFD",(1*N27),0)) -> 0 | P27: =IF(G27="MOTOR",0.2,"0.00") -> 0.00 | Q27: 65 | R27: 0 | S27: =(Q27*1000*SQRT(R27)/94) -> 0 | T27: AIR | U27: 3C | V27: 4 | W27: =CONCATENATE(U27," X ",V27) -> 3C X 4 | X27: =(IF(J27="1Ph",W27,IF(J27="3Ph",(IF(G27="MOTOR",(CONCATENATE(W27,"+PE")),W27))))) -> 3C X 4 | Y27: 0.6/1.0 | Z27: =IF(T27="AIR",VLOOKUP(W27,'Catalogue Aluminium'!$B$141:$G$173,2,FALSE),IF(T27="GROUND",VLOOKUP(W27,'Catalogue Aluminium'!$B$141:$G$173,3,FALSE),IF(T27="DUCT",VLOOKUP(W27,'Catalogue Aluminium'!$B$141:$G$173,4,FALSE),IF(T27="TRENCH",VLOOKUP(W27,'Catalogue Aluminium'!$B$141:$G$173,2,FALSE))))) -> 38 | AA27: =VLOOKUP(W27,'Catalogue Aluminium'!$B$141:$G$173,5,FALSE) -> 5.9 | AB27: =VLOOKUP(W27,'Catalogue Aluminium'!$B$141:$G$173,6,FALSE) -> 0.0947 | AC27: =23+30 -> 53 | AD27: =40+50+38+50+17+(27+48) -> 270 | AE27: =11+8+8+11 -> 38 | AF27: =5+5 -> 10 | AG27: =ROUNDUP(SUM(AC27:AF27)*0.1,0) -> 38 | AH27: =CEILING(SUM(AC27:AG27),10) -> 410 | AI27: =IF(T27="AIR",'Catalogue Aluminium'!$K$141,IF(T27="TRENCH",'Catalogue Aluminium'!$K$144,"NA")) -> 0.82 | AJ27: =IF(T27="Air",(IF(U27="1C",'Catalogue Aluminium'!$L$141,'Catalogue Aluminium'!$M$141)),IF(T27="DUCT",(IF($U27="1C",'Catalogue Aluminium'!$L$142,'Catalogue Aluminium'!$M$142)),IF(T27="GROUND",(IF($U27="1C",'Catalogue Aluminium'!$L$143,'Catalogue Aluminium'!$M$143)),IF(T27="TRENCH",(IF($U27="1C",'Catalogue Aluminium'!$L$144,'Catalogue Aluminium'!$M$144)))))) -> 0.73 | AK27: =IF(T27="Air",'Catalogue Aluminium'!$N$141,IF(T27="GROUND",'Catalogue Aluminium'!$N$142,IF(T27="DUCT",'Catalogue Aluminium'!$N$143,IF(T27="TRENCH",'Catalogue Aluminium'!$N$144,"NA")))) -> NA | AL27: =IF(T27="Air",(IF(U27="1C",'Catalogue Aluminium'!$O$141,'Catalogue Aluminium'!$P$141)),IF(T27="DUCT",(IF($U27="1C",'Catalogue Aluminium'!$O$142,'Catalogue Aluminium'!$P$142)),IF(T27="GROUND",(IF($U27="1C",'Catalogue Aluminium'!$O$143,'Catalogue Aluminium'!$P$143)),IF(T27="TRENCH",(IF($U27="1C",'Catalogue Aluminium'!$O$144,'Catalogue Aluminium'!$P$144)))))) -> NA | AM27: =IF(T27="AIR","NA",IF(T27="TRENCH","NA",IF(T27="DUCT",IF(U27="1C",VLOOKUP(V27,'Catalogue Aluminium'!$Q$142:$S$153,2,FALSE),VLOOKUP(V27,'Catalogue Aluminium'!$Q$142:$S$153,3)),IF(T27="GROUND",IF(U27="1C",VLOOKUP(V27,'Catalogue Aluminium'!$Q$142:$S$153,2,FALSE),VLOOKUP(V27,'Catalogue Aluminium'!$Q$142:$S$153,3)))))) -> NA | AN27: =IF(T27="AIR",AI27*AJ27,IF(T27="TRENCH",AI27*AJ27,IF(T27="DUCT",AJ27*AK27*AL27*AM27,IF(T27="GROUND",AJ27*AK27*AL27*AM27)))) -> 0.5986 | AO27: =Z27*AN27 -> 22.7468 | AP27: =CEILING(((N27)/AO27),1) -> 1 | AQ27: =IF(AO27*AP27>=N27,"YES","NO") -> YES | AR27: =SQRT(3)*AH27*N27*((AA27*L27)+(AB27*SIN(ACOS(L27))))*100/(AP27*K27*1000) -> 1.6840151 | AS27: =IF(G27="INCOMER",(IF(AR27<=2,"YES","NO")),IF(G27="POWER",(IF(AR27<=2.5,"YES","NO")),IF(G27="MOTOR",(IF(AR27<=3,"YES","NO"))))) -> YES | AT27: =IF(G27="MOTOR",(SQRT(3)*AH27*O27*((AA27*P27)+(AB27*SIN(ACOS(P27))))*100/(AP27*K27*1000)),"NA") -> NA | AU27: =IF(G27="MOTOR",IF(AT27<=15,"YES","NO"),"NA") -> NA | AV27: =IF(U27="1C",CONCATENATE(AP27,"R x ",Y27,"kV x ",U27," x ",V27," Sqmm/Phase"),CONCATENATE(AP27,"R x ","6/10 (12)kV x ",U27," x ",V27," Sqmm")) -> 1R x 6/10 (12)kV x 3C x 4 Sqmm | AW27: =IF(U27="1C",CONCATENATE(AP27,"R x ",Y27,"kV x ",U27," x ",V27," Sqmm/Phase"),CONCATENATE(AP27,"R x ","6/10 (12)kV x ",U27," x ",V27," Sqmm")) -> 1R x 6/10 (12)kV x 3C x 4 Sqmm | AX27: =IF(U27="1C",(3*AH27*AP27),(AH27*AP27)) -> 410 | AZ27: =IF(U27="1C",(3*AP27*2),(AP27*2)) -> 2 | BA27: =CONCATENATE(IF(BE27=1,BE$4,""),IF(BF27=1,BF$4,""),IF(BG27=1,BG$4,""),IF(BH27=1,BH$4,""),IF(BI27=1,BI$4,""),IF(BJ27=1,BJ$4,""),IF(BK27=1,BK$4,""),IF(BL27=1,BL$4,""),IF(BM27=1,BM$4,""),IF(BN27=1,BN$4,""),IF(BO27=1,BO$4,""),IF(BP27=1,BP$4,""),IF(BQ27=1,BQ$4,""),IF(BR27=1,BR$4,""),IF(BS27=1,BS$4,""),IF(BT27=1,BT$4,""),IF(BU27=1,BU$4,""),IF(BV27=1,BV$4,""),IF(BW27=1,BW$4,""),IF(BX27=1,BX$4,""),IF(BY27=1,BY$4,""),IF(BZ27=1,BZ$4,""),IF(CA27=1,CA$4,""),IF(CB27=1,CB$4,""),IF(CC27=1,CC$4,""),IF(CD27=1,CD$4,""),IF(CE27=1,CE$4,""),IF(CF27=1,CF$4,""),IF(CG27=1,CG$4,""),IF(CH27=1,CH$4,""),IF(CI27=1,CI$4,""),IF(CJ27=1,CJ$4,""),IF(CK27=1,CK$4,""),IF(CL27=1,CL$4,""),IF(CM27=1,CM$4,""),IF(CN27=1,CN$4,""),IF(CO27=1,CO$4,""),IF(CP27=1,CP$4,""),IF(CQ27=1,CQ$4,""),IF(CR27=1,CR$4,""),IF(CS27=1,CS$4,""),IF(CT27=1,CT$4,""),IF(CU27=1,CU$4,""),IF(CV27=1,CV$4,""),IF(CW27=1,CW$4,""),IF(CX27=1,CX$4,""),IF(CY27=1,CY$4,""),IF(CZ27=1,CZ$4,""),IF(DA27=1,DA$4,""),IF(DB27=1,DB$4,""),IF(DC27=1,DC$4,""),IF(DD27=1,DD$4,""),IF(DE27=1,DE$4,""),IF(DF27=1,DF$4,""),IF(DG27=1,DG$4,""),IF(DH27=1,DH$4,""),IF(DI27=1,DI$4,""),IF(DJ27=1,DJ$4,""),IF(DK27=1,DK$4,""),IF(DL27=1,DL$4,""),IF(DM27=1,DM$4,""),IF(DN27=1,DN$4,""),IF(DO27=1,DO$4,""),IF(DP27=1,DP$4,""),IF(DQ27=1,DQ$4,""),IF(DR27=1,DR$4,""),IF(DS27=1,DS$4,""),IF(DT27=1,DT$4,""),IF(DU27=1,DU$4,"")) -> ACDEE1E2 | BB27: =VLOOKUP(W27,'Catalogue Aluminium'!$B$141:$H$173,7,FALSE) -> 15 | BC27: =AP27*BB27 -> 15 | BF27: 1 | BI27: 1 | BJ27: 1 | BN27: 1 | BP27: 1 | BQ27: 1 | DW27: =IF(BE27=1,($BC27*BE27),0) -> 0 | DX27: =IF(BF27=1,($BC27*BF27),0) -> 15 | DY27: =IF(BG27=1,($BC27*BG27),0) -> 0 | DZ27: =IF(BH27=1,($BC27*BH27),0) -> 0 | EA27: =IF(BI27=1,($BC27*BI27),0) -> 15 | EB27: =IF(BJ27=1,($BC27*BJ27),0) -> 15 | EC27: =IF(BK27=1,($BC27*BK27),0) -> 0 | ED27: =IF(BL27=1,($BC27*BL27),0) -> 0 | ... GM27: =IF(DU27=1,($BC27*DU27),0) -> 0
A28: =A27+1 -> 20 | B28: 1401-CM203A | C28: =$D$6 -> 11kV MV Switchgear-1 | D28: AUX. HYDROGEN COMPRESSOR MAIN MOTOR 1401-J-203A | E28: AMMONIA PLANT | F28: A | G28: MOTOR | H28: 2450 | I28: kW | J28: 3Ph | K28: 11000 | L28: 0.88 | M28: 0.97 | N28: =IF(I28="kVA",IF(J28="3Ph",(H28*1000/(1.732*M28*K28)),(H28*1000/(M28*K28))),IF(I28="kW",IF(J28="3Ph",(H28*1000/(1.732*M28*K28*L28)),(H28*1000/(M28*K28*L28))))) -> 150.65068 | O28: =IF(G28="MOTOR",(6*N28),IF(G28="VFD",(1*N28),0)) -> 903.9041 | P28: =IF(G28="MOTOR",0.2,"0.00") -> 0.2 | Q28: 31.5 | R28: 0.16 | S28: =(Q28*1000*SQRT(R28)/94) -> 134.04255 | T28: AIR | U28: 3C | V28: 150 | W28: =CONCATENATE(U28," X ",V28) -> 3C X 150 | X28: =(IF(J28="1Ph",W28,IF(J28="3Ph",(IF(G28="MOTOR",(CONCATENATE(W28,"+PE")),W28))))) -> 3C X 150+PE | Y28: 6/10(12) | Z28: =IF(T28="AIR",VLOOKUP(W28,'Catalogue Aluminium'!$B$141:$G$173,2,FALSE),IF(T28="GROUND",VLOOKUP(W28,'Catalogue Aluminium'!$B$141:$G$173,3,FALSE),IF(T28="DUCT",VLOOKUP(W28,'Catalogue Aluminium'!$B$141:$G$173,4,FALSE),IF(T28="TRENCH",VLOOKUP(W28,'Catalogue Aluminium'!$B$141:$G$173,2,FALSE))))) -> 309 | AA28: =VLOOKUP(W28,'Catalogue Aluminium'!$B$141:$G$173,5,FALSE) -> 0.265 | AB28: =VLOOKUP(W28,'Catalogue Aluminium'!$B$141:$G$173,6,FALSE) -> 0.093 | AC28: =37+30 -> 67 | AD28: =40+50+38+50+17+(27+34) -> 256 | AE28: =11+8+8+11 -> 38 | AF28: =5+5 -> 10 | AG28: =ROUNDUP(SUM(AC28:AF28)*0.1,0) -> 38 | AH28: =CEILING(SUM(AC28:AG28),10) -> 410 | AI28: =IF(T28="AIR",'Catalogue Aluminium'!$K$141,IF(T28="TRENCH",'Catalogue Aluminium'!$K$144,"NA")) -> 0.82 | AJ28: =IF(T28="Air",(IF(U28="1C",'Catalogue Aluminium'!$L$141,'Catalogue Aluminium'!$M$141)),IF(T28="DUCT",(IF($U28="1C",'Catalogue Aluminium'!$L$142,'Catalogue Aluminium'!$M$142)),IF(T28="GROUND",(IF($U28="1C",'Catalogue Aluminium'!$L$143,'Catalogue Aluminium'!$M$143)),IF(T28="TRENCH",(IF($U28="1C",'Catalogue Aluminium'!$L$144,'Catalogue Aluminium'!$M$144)))))) -> 0.73 | AK28: =IF(T28="Air",'Catalogue Aluminium'!$N$141,IF(T28="GROUND",'Catalogue Aluminium'!$N$142,IF(T28="DUCT",'Catalogue Aluminium'!$N$143,IF(T28="TRENCH",'Catalogue Aluminium'!$N$144,"NA")))) -> NA | AL28: =IF(T28="Air",(IF(U28="1C",'Catalogue Aluminium'!$O$141,'Catalogue Aluminium'!$P$141)),IF(T28="DUCT",(IF($U28="1C",'Catalogue Aluminium'!$O$142,'Catalogue Aluminium'!$P$142)),IF(T28="GROUND",(IF($U28="1C",'Catalogue Aluminium'!$O$143,'Catalogue Aluminium'!$P$143)),IF(T28="TRENCH",(IF($U28="1C",'Catalogue Aluminium'!$O$144,'Catalogue Aluminium'!$P$144)))))) -> NA | AM28: =IF(T28="AIR","NA",IF(T28="TRENCH","NA",IF(T28="DUCT",IF(U28="1C",VLOOKUP(V28,'Catalogue Aluminium'!$Q$142:$S$153,2,FALSE),VLOOKUP(V28,'Catalogue Aluminium'!$Q$142:$S$153,3)),IF(T28="GROUND",IF(U28="1C",VLOOKUP(V28,'Catalogue Aluminium'!$Q$142:$S$153,2,FALSE),VLOOKUP(V28,'Catalogue Aluminium'!$Q$142:$S$153,3)))))) -> NA | AN28: =IF(T28="AIR",AI28*AJ28,IF(T28="TRENCH",AI28*AJ28,IF(T28="DUCT",AJ28*AK28*AL28*AM28,IF(T28="GROUND",AJ28*AK28*AL28*AM28)))) -> 0.5986 | AO28: =Z28*AN28 -> 184.9674 | AP28: =CEILING(((N28)/AO28),1) -> 1 | AQ28: =IF(AO28*AP28>=N28,"YES","NO") -> YES | AR28: =SQRT(3)*AH28*N28*((AA28*L28)+(AB28*SIN(ACOS(L28))))*100/(AP28*K28*1000) -> 0.26976549 | AS28: =IF(G28="INCOMER",(IF(AR28<=2,"YES","NO")),IF(G28="POWER",(IF(AR28<=2.5,"YES","NO")),IF(G28="MOTOR",(IF(AR28<=3,"YES","NO"))))) -> YES | AT28: =IF(G28="MOTOR",(SQRT(3)*AH28*O28*((AA28*P28)+(AB28*SIN(ACOS(P28))))*100/(AP28*K28*1000)),"NA") -> 0.84101061 | AU28: =IF(G28="MOTOR",IF(AT28<=15,"YES","NO"),"NA") -> YES | AV28: =IF(U28="1C",CONCATENATE(AP28,"R x ",Y28,"kV x ",U28," x ",V28," Sqmm/Phase"),CONCATENATE(AP28,"R x ","6/10 (12)kV x ",U28," x ",V28," Sqmm")) -> 1R x 6/10 (12)kV x 3C x 150 Sqmm | AW28: =IF(U28="1C",CONCATENATE(AP28,"R x ",Y28,"kV x ",U28," x ",V28," Sqmm/Phase"),CONCATENATE(AP28,"R x ","6/10 (12)kV x ",U28," x ",V28," Sqmm")) -> 1R x 6/10 (12)kV x 3C x 150 Sqmm | AX28: =IF(U28="1C",(3*AH28*AP28),(AH28*AP28)) -> 410 | AZ28: =IF(U28="1C",(3*AP28*2),(AP28*2)) -> 2 | BA28: =CONCATENATE(IF(BE28=1,BE$4,""),IF(BF28=1,BF$4,""),IF(BG28=1,BG$4,""),IF(BH28=1,BH$4,""),IF(BI28=1,BI$4,""),IF(BJ28=1,BJ$4,""),IF(BK28=1,BK$4,""),IF(BL28=1,BL$4,""),IF(BM28=1,BM$4,""),IF(BN28=1,BN$4,""),IF(BO28=1,BO$4,""),IF(BP28=1,BP$4,""),IF(BQ28=1,BQ$4,""),IF(BR28=1,BR$4,""),IF(BS28=1,BS$4,""),IF(BT28=1,BT$4,""),IF(BU28=1,BU$4,""),IF(BV28=1,BV$4,""),IF(BW28=1,BW$4,""),IF(BX28=1,BX$4,""),IF(BY28=1,BY$4,""),IF(BZ28=1,BZ$4,""),IF(CA28=1,CA$4,""),IF(CB28=1,CB$4,""),IF(CC28=1,CC$4,""),IF(CD28=1,CD$4,""),IF(CE28=1,CE$4,""),IF(CF28=1,CF$4,""),IF(CG28=1,CG$4,""),IF(CH28=1,CH$4,""),IF(CI28=1,CI$4,""),IF(CJ28=1,CJ$4,""),IF(CK28=1,CK$4,""),IF(CL28=1,CL$4,""),IF(CM28=1,CM$4,""),IF(CN28=1,CN$4,""),IF(CO28=1,CO$4,""),IF(CP28=1,CP$4,""),IF(CQ28=1,CQ$4,""),IF(CR28=1,CR$4,""),IF(CS28=1,CS$4,""),IF(CT28=1,CT$4,""),IF(CU28=1,CU$4,""),IF(CV28=1,CV$4,""),IF(CW28=1,CW$4,""),IF(CX28=1,CX$4,""),IF(CY28=1,CY$4,""),IF(CZ28=1,CZ$4,""),IF(DA28=1,DA$4,""),IF(DB28=1,DB$4,""),IF(DC28=1,DC$4,""),IF(DD28=1,DD$4,""),IF(DE28=1,DE$4,""),IF(DF28=1,DF$4,""),IF(DG28=1,DG$4,""),IF(DH28=1,DH$4,""),IF(DI28=1,DI$4,""),IF(DJ28=1,DJ$4,""),IF(DK28=1,DK$4,""),IF(DL28=1,DL$4,""),IF(DM28=1,DM$4,""),IF(DN28=1,DN$4,""),IF(DO28=1,DO$4,""),IF(DP28=1,DP$4,""),IF(DQ28=1,DQ$4,""),IF(DR28=1,DR$4,""),IF(DS28=1,DS$4,""),IF(DT28=1,DT$4,""),IF(DU28=1,DU$4,"")) -> ACDEE1 | BB28: =VLOOKUP(W28,'Catalogue Aluminium'!$B$141:$H$173,7,FALSE) -> 62 | BC28: =AP28*BB28 -> 62 | BF28: 1 | BI28: 1 | BJ28: 1 | BN28: 1 | BP28: 1 | DW28: =IF(BE28=1,($BC28*BE28),0) -> 0 | DX28: =IF(BF28=1,($BC28*BF28),0) -> 62 | DY28: =IF(BG28=1,($BC28*BG28),0) -> 0 | DZ28: =IF(BH28=1,($BC28*BH28),0) -> 0 | EA28: =IF(BI28=1,($BC28*BI28),0) -> 62 | EB28: =IF(BJ28=1,($BC28*BJ28),0) -> 62 | EC28: =IF(BK28=1,($BC28*BK28),0) -> 0 | ED28: =IF(BL28=1,($BC28*BL28),0) -> 0 | ... GM28: =IF(DU28=1,($BC28*DU28),0) -> 0
A29: =A28+1 -> 21 | B29: 1401-CM203A | C29: =$D$6 -> 11kV MV Switchgear-1 | D29: AUX. HYDROGEN COMPRESSOR MAIN MOTOR 1401-J-203A-SPACE HEATER | E29: AMMONIA PLANT | F29: A | G29: POWER | H29: 0.2 | I29: kW | J29: 1Ph | K29: 230 | L29: 0.85 | M29: 0.95 | N29: =IF(I29="kVA",IF(J29="3Ph",(H29*1000/(1.732*M29*K29)),(H29*1000/(M29*K29))),IF(I29="kW",IF(J29="3Ph",(H29*1000/(1.732*M29*K29*L29)),(H29*1000/(M29*K29*L29))))) -> 1.076861 | O29: =IF(G29="MOTOR",(6*N29),IF(G29="VFD",(1*N29),0)) -> 0 | P29: =IF(G29="MOTOR",0.2,"0.00") -> 0.00 | Q29: 65 | R29: 0 | S29: =(Q29*1000*SQRT(R29)/94) -> 0 | T29: AIR | U29: 3C | V29: 4 | W29: =CONCATENATE(U29," X ",V29) -> 3C X 4 | X29: =(IF(J29="1Ph",W29,IF(J29="3Ph",(IF(G29="MOTOR",(CONCATENATE(W29,"+PE")),W29))))) -> 3C X 4 | Y29: 0.6/1.0 | Z29: =IF(T29="AIR",VLOOKUP(W29,'Catalogue Aluminium'!$B$141:$G$173,2,FALSE),IF(T29="GROUND",VLOOKUP(W29,'Catalogue Aluminium'!$B$141:$G$173,3,FALSE),IF(T29="DUCT",VLOOKUP(W29,'Catalogue Aluminium'!$B$141:$G$173,4,FALSE),IF(T29="TRENCH",VLOOKUP(W29,'Catalogue Aluminium'!$B$141:$G$173,2,FALSE))))) -> 38 | AA29: =VLOOKUP(W29,'Catalogue Aluminium'!$B$141:$G$173,5,FALSE) -> 5.9 | AB29: =VLOOKUP(W29,'Catalogue Aluminium'!$B$141:$G$173,6,FALSE) -> 0.0947 | AC29: =37+30 -> 67 | AD29: =40+50+38+50+17+(27+34) -> 256 | AE29: =11+8+8+11 -> 38 | AF29: =5+5 -> 10 | AG29: =ROUNDUP(SUM(AC29:AF29)*0.1,0) -> 38 | AH29: =CEILING(SUM(AC29:AG29),10) -> 410 | AI29: =IF(T29="AIR",'Catalogue Aluminium'!$K$141,IF(T29="TRENCH",'Catalogue Aluminium'!$K$144,"NA")) -> 0.82 | AJ29: =IF(T29="Air",(IF(U29="1C",'Catalogue Aluminium'!$L$141,'Catalogue Aluminium'!$M$141)),IF(T29="DUCT",(IF($U29="1C",'Catalogue Aluminium'!$L$142,'Catalogue Aluminium'!$M$142)),IF(T29="GROUND",(IF($U29="1C",'Catalogue Aluminium'!$L$143,'Catalogue Aluminium'!$M$143)),IF(T29="TRENCH",(IF($U29="1C",'Catalogue Aluminium'!$L$144,'Catalogue Aluminium'!$M$144)))))) -> 0.73 | AK29: =IF(T29="Air",'Catalogue Aluminium'!$N$141,IF(T29="GROUND",'Catalogue Aluminium'!$N$142,IF(T29="DUCT",'Catalogue Aluminium'!$N$143,IF(T29="TRENCH",'Catalogue Aluminium'!$N$144,"NA")))) -> NA | AL29: =IF(T29="Air",(IF(U29="1C",'Catalogue Aluminium'!$O$141,'Catalogue Aluminium'!$P$141)),IF(T29="DUCT",(IF($U29="1C",'Catalogue Aluminium'!$O$142,'Catalogue Aluminium'!$P$142)),IF(T29="GROUND",(IF($U29="1C",'Catalogue Aluminium'!$O$143,'Catalogue Aluminium'!$P$143)),IF(T29="TRENCH",(IF($U29="1C",'Catalogue Aluminium'!$O$144,'Catalogue Aluminium'!$P$144)))))) -> NA | AM29: =IF(T29="AIR","NA",IF(T29="TRENCH","NA",IF(T29="DUCT",IF(U29="1C",VLOOKUP(V29,'Catalogue Aluminium'!$Q$142:$S$153,2,FALSE),VLOOKUP(V29,'Catalogue Aluminium'!$Q$142:$S$153,3)),IF(T29="GROUND",IF(U29="1C",VLOOKUP(V29,'Catalogue Aluminium'!$Q$142:$S$153,2,FALSE),VLOOKUP(V29,'Catalogue Aluminium'!$Q$142:$S$153,3)))))) -> NA | AN29: =IF(T29="AIR",AI29*AJ29,IF(T29="TRENCH",AI29*AJ29,IF(T29="DUCT",AJ29*AK29*AL29*AM29,IF(T29="GROUND",AJ29*AK29*AL29*AM29)))) -> 0.5986 | AO29: =Z29*AN29 -> 22.7468 | AP29: =CEILING(((N29)/AO29),1) -> 1 | AQ29: =IF(AO29*AP29>=N29,"YES","NO") -> YES | AR29: =SQRT(3)*AH29*N29*((AA29*L29)+(AB29*SIN(ACOS(L29))))*100/(AP29*K29*1000) -> 1.6840151 | AS29: =IF(G29="INCOMER",(IF(AR29<=2,"YES","NO")),IF(G29="POWER",(IF(AR29<=2.5,"YES","NO")),IF(G29="MOTOR",(IF(AR29<=3,"YES","NO"))))) -> YES | AT29: =IF(G29="MOTOR",(SQRT(3)*AH29*O29*((AA29*P29)+(AB29*SIN(ACOS(P29))))*100/(AP29*K29*1000)),"NA") -> NA | AU29: =IF(G29="MOTOR",IF(AT29<=15,"YES","NO"),"NA") -> NA | AV29: =IF(U29="1C",CONCATENATE(AP29,"R x ",Y29,"kV x ",U29," x ",V29," Sqmm/Phase"),CONCATENATE(AP29,"R x ","6/10 (12)kV x ",U29," x ",V29," Sqmm")) -> 1R x 6/10 (12)kV x 3C x 4 Sqmm | AW29: =IF(U29="1C",CONCATENATE(AP29,"R x ",Y29,"kV x ",U29," x ",V29," Sqmm/Phase"),CONCATENATE(AP29,"R x ","6/10 (12)kV x ",U29," x ",V29," Sqmm")) -> 1R x 6/10 (12)kV x 3C x 4 Sqmm | AX29: =IF(U29="1C",(3*AH29*AP29),(AH29*AP29)) -> 410 | AZ29: =IF(U29="1C",(3*AP29*2),(AP29*2)) -> 2 | BA29: =CONCATENATE(IF(BE29=1,BE$4,""),IF(BF29=1,BF$4,""),IF(BG29=1,BG$4,""),IF(BH29=1,BH$4,""),IF(BI29=1,BI$4,""),IF(BJ29=1,BJ$4,""),IF(BK29=1,BK$4,""),IF(BL29=1,BL$4,""),IF(BM29=1,BM$4,""),IF(BN29=1,BN$4,""),IF(BO29=1,BO$4,""),IF(BP29=1,BP$4,""),IF(BQ29=1,BQ$4,""),IF(BR29=1,BR$4,""),IF(BS29=1,BS$4,""),IF(BT29=1,BT$4,""),IF(BU29=1,BU$4,""),IF(BV29=1,BV$4,""),IF(BW29=1,BW$4,""),IF(BX29=1,BX$4,""),IF(BY29=1,BY$4,""),IF(BZ29=1,BZ$4,""),IF(CA29=1,CA$4,""),IF(CB29=1,CB$4,""),IF(CC29=1,CC$4,""),IF(CD29=1,CD$4,""),IF(CE29=1,CE$4,""),IF(CF29=1,CF$4,""),IF(CG29=1,CG$4,""),IF(CH29=1,CH$4,""),IF(CI29=1,CI$4,""),IF(CJ29=1,CJ$4,""),IF(CK29=1,CK$4,""),IF(CL29=1,CL$4,""),IF(CM29=1,CM$4,""),IF(CN29=1,CN$4,""),IF(CO29=1,CO$4,""),IF(CP29=1,CP$4,""),IF(CQ29=1,CQ$4,""),IF(CR29=1,CR$4,""),IF(CS29=1,CS$4,""),IF(CT29=1,CT$4,""),IF(CU29=1,CU$4,""),IF(CV29=1,CV$4,""),IF(CW29=1,CW$4,""),IF(CX29=1,CX$4,""),IF(CY29=1,CY$4,""),IF(CZ29=1,CZ$4,""),IF(DA29=1,DA$4,""),IF(DB29=1,DB$4,""),IF(DC29=1,DC$4,""),IF(DD29=1,DD$4,""),IF(DE29=1,DE$4,""),IF(DF29=1,DF$4,""),IF(DG29=1,DG$4,""),IF(DH29=1,DH$4,""),IF(DI29=1,DI$4,""),IF(DJ29=1,DJ$4,""),IF(DK29=1,DK$4,""),IF(DL29=1,DL$4,""),IF(DM29=1,DM$4,""),IF(DN29=1,DN$4,""),IF(DO29=1,DO$4,""),IF(DP29=1,DP$4,""),IF(DQ29=1,DQ$4,""),IF(DR29=1,DR$4,""),IF(DS29=1,DS$4,""),IF(DT29=1,DT$4,""),IF(DU29=1,DU$4,"")) -> ACDEE1 | BB29: =VLOOKUP(W29,'Catalogue Aluminium'!$B$141:$H$173,7,FALSE) -> 15 | BC29: =AP29*BB29 -> 15 | BF29: 1 | BI29: 1 | BJ29: 1 | BN29: 1 | BP29: 1 | DW29: =IF(BE29=1,($BC29*BE29),0) -> 0 | DX29: =IF(BF29=1,($BC29*BF29),0) -> 15 | DY29: =IF(BG29=1,($BC29*BG29),0) -> 0 | DZ29: =IF(BH29=1,($BC29*BH29),0) -> 0 | EA29: =IF(BI29=1,($BC29*BI29),0) -> 15 | EB29: =IF(BJ29=1,($BC29*BJ29),0) -> 15 | EC29: =IF(BK29=1,($BC29*BK29),0) -> 0 | ED29: =IF(BL29=1,($BC29*BL29),0) -> 0 | ... GM29: =IF(DU29=1,($BC29*DU29),0) -> 0
A30: =A29+1 -> 22 | B30: 1401-CM203B | C30: =$D$6 -> 11kV MV Switchgear-1 | D30: AUX. HYDROGEN COMPRESSOR MAIN MOTOR 1401-J-203B | E30: AMMONIA PLANT | F30: B | G30: MOTOR | H30: 2450 | I30: kW | J30: 3Ph | K30: 11000 | L30: 0.88 | M30: 0.97 | N30: =IF(I30="kVA",IF(J30="3Ph",(H30*1000/(1.732*M30*K30)),(H30*1000/(M30*K30))),IF(I30="kW",IF(J30="3Ph",(H30*1000/(1.732*M30*K30*L30)),(H30*1000/(M30*K30*L30))))) -> 150.65068 | O30: =IF(G30="MOTOR",(6*N30),IF(G30="VFD",(1*N30),0)) -> 903.9041 | P30: =IF(G30="MOTOR",0.2,"0.00") -> 0.2 | Q30: 31.5 | R30: 0.16 | S30: =(Q30*1000*SQRT(R30)/94) -> 134.04255 | T30: AIR | U30: 3C | V30: 150 | W30: =CONCATENATE(U30," X ",V30) -> 3C X 150 | X30: =(IF(J30="1Ph",W30,IF(J30="3Ph",(IF(G30="MOTOR",(CONCATENATE(W30,"+PE")),W30))))) -> 3C X 150+PE | Y30: 6/10(12) | Z30: =IF(T30="AIR",VLOOKUP(W30,'Catalogue Aluminium'!$B$141:$G$173,2,FALSE),IF(T30="GROUND",VLOOKUP(W30,'Catalogue Aluminium'!$B$141:$G$173,3,FALSE),IF(T30="DUCT",VLOOKUP(W30,'Catalogue Aluminium'!$B$141:$G$173,4,FALSE),IF(T30="TRENCH",VLOOKUP(W30,'Catalogue Aluminium'!$B$141:$G$173,2,FALSE))))) -> 309 | AA30: =VLOOKUP(W30,'Catalogue Aluminium'!$B$141:$G$173,5,FALSE) -> 0.265 | AB30: =VLOOKUP(W30,'Catalogue Aluminium'!$B$141:$G$173,6,FALSE) -> 0.093 | AC30: =23+30 -> 53 | AD30: =40+50+38+50+17+(27+40) -> 262 | AE30: =11+8+8+11 -> 38 | AF30: =5+5 -> 10 | AG30: =ROUNDUP(SUM(AC30:AF30)*0.1,0) -> 37 | AH30: =CEILING(SUM(AC30:AG30),10) -> 400 | AI30: =IF(T30="AIR",'Catalogue Aluminium'!$K$141,IF(T30="TRENCH",'Catalogue Aluminium'!$K$144,"NA")) -> 0.82 | AJ30: =IF(T30="Air",(IF(U30="1C",'Catalogue Aluminium'!$L$141,'Catalogue Aluminium'!$M$141)),IF(T30="DUCT",(IF($U30="1C",'Catalogue Aluminium'!$L$142,'Catalogue Aluminium'!$M$142)),IF(T30="GROUND",(IF($U30="1C",'Catalogue Aluminium'!$L$143,'Catalogue Aluminium'!$M$143)),IF(T30="TRENCH",(IF($U30="1C",'Catalogue Aluminium'!$L$144,'Catalogue Aluminium'!$M$144)))))) -> 0.73 | AK30: =IF(T30="Air",'Catalogue Aluminium'!$N$141,IF(T30="GROUND",'Catalogue Aluminium'!$N$142,IF(T30="DUCT",'Catalogue Aluminium'!$N$143,IF(T30="TRENCH",'Catalogue Aluminium'!$N$144,"NA")))) -> NA | AL30: =IF(T30="Air",(IF(U30="1C",'Catalogue Aluminium'!$O$141,'Catalogue Aluminium'!$P$141)),IF(T30="DUCT",(IF($U30="1C",'Catalogue Aluminium'!$O$142,'Catalogue Aluminium'!$P$142)),IF(T30="GROUND",(IF($U30="1C",'Catalogue Aluminium'!$O$143,'Catalogue Aluminium'!$P$143)),IF(T30="TRENCH",(IF($U30="1C",'Catalogue Aluminium'!$O$144,'Catalogue Aluminium'!$P$144)))))) -> NA | AM30: =IF(T30="AIR","NA",IF(T30="TRENCH","NA",IF(T30="DUCT",IF(U30="1C",VLOOKUP(V30,'Catalogue Aluminium'!$Q$142:$S$153,2,FALSE),VLOOKUP(V30,'Catalogue Aluminium'!$Q$142:$S$153,3)),IF(T30="GROUND",IF(U30="1C",VLOOKUP(V30,'Catalogue Aluminium'!$Q$142:$S$153,2,FALSE),VLOOKUP(V30,'Catalogue Aluminium'!$Q$142:$S$153,3)))))) -> NA | AN30: =IF(T30="AIR",AI30*AJ30,IF(T30="TRENCH",AI30*AJ30,IF(T30="DUCT",AJ30*AK30*AL30*AM30,IF(T30="GROUND",AJ30*AK30*AL30*AM30)))) -> 0.5986 | AO30: =Z30*AN30 -> 184.9674 | AP30: =CEILING(((N30)/AO30),1) -> 1 | AQ30: =IF(AO30*AP30>=N30,"YES","NO") -> YES | AR30: =SQRT(3)*AH30*N30*((AA30*L30)+(AB30*SIN(ACOS(L30))))*100/(AP30*K30*1000) -> 0.26318584 | AS30: =IF(G30="INCOMER",(IF(AR30<=2,"YES","NO")),IF(G30="POWER",(IF(AR30<=2.5,"YES","NO")),IF(G30="MOTOR",(IF(AR30<=3,"YES","NO"))))) -> YES | AT30: =IF(G30="MOTOR",(SQRT(3)*AH30*O30*((AA30*P30)+(AB30*SIN(ACOS(P30))))*100/(AP30*K30*1000)),"NA") -> 0.82049816 | AU30: =IF(G30="MOTOR",IF(AT30<=15,"YES","NO"),"NA") -> YES | AV30: =IF(U30="1C",CONCATENATE(AP30,"R x ",Y30,"kV x ",U30," x ",V30," Sqmm/Phase"),CONCATENATE(AP30,"R x ","6/10 (12)kV x ",U30," x ",V30," Sqmm")) -> 1R x 6/10 (12)kV x 3C x 150 Sqmm | AW30: =IF(U30="1C",CONCATENATE(AP30,"R x ",Y30,"kV x ",U30," x ",V30," Sqmm/Phase"),CONCATENATE(AP30,"R x ","6/10 (12)kV x ",U30," x ",V30," Sqmm")) -> 1R x 6/10 (12)kV x 3C x 150 Sqmm | AX30: =IF(U30="1C",(3*AH30*AP30),(AH30*AP30)) -> 400 | AZ30: =IF(U30="1C",(3*AP30*2),(AP30*2)) -> 2 | BA30: =CONCATENATE(IF(BE30=1,BE$4,""),IF(BF30=1,BF$4,""),IF(BG30=1,BG$4,""),IF(BH30=1,BH$4,""),IF(BI30=1,BI$4,""),IF(BJ30=1,BJ$4,""),IF(BK30=1,BK$4,""),IF(BL30=1,BL$4,""),IF(BM30=1,BM$4,""),IF(BN30=1,BN$4,""),IF(BO30=1,BO$4,""),IF(BP30=1,BP$4,""),IF(BQ30=1,BQ$4,""),IF(BR30=1,BR$4,""),IF(BS30=1,BS$4,""),IF(BT30=1,BT$4,""),IF(BU30=1,BU$4,""),IF(BV30=1,BV$4,""),IF(BW30=1,BW$4,""),IF(BX30=1,BX$4,""),IF(BY30=1,BY$4,""),IF(BZ30=1,BZ$4,""),IF(CA30=1,CA$4,""),IF(CB30=1,CB$4,""),IF(CC30=1,CC$4,""),IF(CD30=1,CD$4,""),IF(CE30=1,CE$4,""),IF(CF30=1,CF$4,""),IF(CG30=1,CG$4,""),IF(CH30=1,CH$4,""),IF(CI30=1,CI$4,""),IF(CJ30=1,CJ$4,""),IF(CK30=1,CK$4,""),IF(CL30=1,CL$4,""),IF(CM30=1,CM$4,""),IF(CN30=1,CN$4,""),IF(CO30=1,CO$4,""),IF(CP30=1,CP$4,""),IF(CQ30=1,CQ$4,""),IF(CR30=1,CR$4,""),IF(CS30=1,CS$4,""),IF(CT30=1,CT$4,""),IF(CU30=1,CU$4,""),IF(CV30=1,CV$4,""),IF(CW30=1,CW$4,""),IF(CX30=1,CX$4,""),IF(CY30=1,CY$4,""),IF(CZ30=1,CZ$4,""),IF(DA30=1,DA$4,""),IF(DB30=1,DB$4,""),IF(DC30=1,DC$4,""),IF(DD30=1,DD$4,""),IF(DE30=1,DE$4,""),IF(DF30=1,DF$4,""),IF(DG30=1,DG$4,""),IF(DH30=1,DH$4,""),IF(DI30=1,DI$4,""),IF(DJ30=1,DJ$4,""),IF(DK30=1,DK$4,""),IF(DL30=1,DL$4,""),IF(DM30=1,DM$4,""),IF(DN30=1,DN$4,""),IF(DO30=1,DO$4,""),IF(DP30=1,DP$4,""),IF(DQ30=1,DQ$4,""),IF(DR30=1,DR$4,""),IF(DS30=1,DS$4,""),IF(DT30=1,DT$4,""),IF(DU30=1,DU$4,"")) -> ACDEE1E2 | BB30: =VLOOKUP(W30,'Catalogue Aluminium'!$B$141:$H$173,7,FALSE) -> 62 | BC30: =AP30*BB30 -> 62 | BF30: 1 | BI30: 1 | BJ30: 1 | BN30: 1 | BP30: 1 | BQ30: 1 | DW30: =IF(BE30=1,($BC30*BE30),0) -> 0 | DX30: =IF(BF30=1,($BC30*BF30),0) -> 62 | DY30: =IF(BG30=1,($BC30*BG30),0) -> 0 | DZ30: =IF(BH30=1,($BC30*BH30),0) -> 0 | EA30: =IF(BI30=1,($BC30*BI30),0) -> 62 | EB30: =IF(BJ30=1,($BC30*BJ30),0) -> 62 | EC30: =IF(BK30=1,($BC30*BK30),0) -> 0 | ED30: =IF(BL30=1,($BC30*BL30),0) -> 0 | ... GM30: =IF(DU30=1,($BC30*DU30),0) -> 0
A31: =A30+1 -> 23 | B31: 1401-CM203B | C31: =$D$6 -> 11kV MV Switchgear-1 | D31: AUX. HYDROGEN COMPRESSOR MAIN MOTOR 1401-J-203B-SPACE HEATER | E31: AMMONIA PLANT | F31: B | G31: POWER | H31: 0.2 | I31: kW | J31: 1Ph | K31: 230 | L31: 0.85 | M31: 0.95 | N31: =IF(I31="kVA",IF(J31="3Ph",(H31*1000/(1.732*M31*K31)),(H31*1000/(M31*K31))),IF(I31="kW",IF(J31="3Ph",(H31*1000/(1.732*M31*K31*L31)),(H31*1000/(M31*K31*L31))))) -> 1.076861 | O31: =IF(G31="MOTOR",(6*N31),IF(G31="VFD",(1*N31),0)) -> 0 | P31: =IF(G31="MOTOR",0.2,"0.00") -> 0.00 | Q31: 65 | R31: 0 | S31: =(Q31*1000*SQRT(R31)/94) -> 0 | T31: AIR | U31: 3C | V31: 4 | W31: =CONCATENATE(U31," X ",V31) -> 3C X 4 | X31: =(IF(J31="1Ph",W31,IF(J31="3Ph",(IF(G31="MOTOR",(CONCATENATE(W31,"+PE")),W31))))) -> 3C X 4 | Y31: 0.6/1.0 | Z31: =IF(T31="AIR",VLOOKUP(W31,'Catalogue Aluminium'!$B$141:$G$173,2,FALSE),IF(T31="GROUND",VLOOKUP(W31,'Catalogue Aluminium'!$B$141:$G$173,3,FALSE),IF(T31="DUCT",VLOOKUP(W31,'Catalogue Aluminium'!$B$141:$G$173,4,FALSE),IF(T31="TRENCH",VLOOKUP(W31,'Catalogue Aluminium'!$B$141:$G$173,2,FALSE))))) -> 38 | AA31: =VLOOKUP(W31,'Catalogue Aluminium'!$B$141:$G$173,5,FALSE) -> 5.9 | AB31: =VLOOKUP(W31,'Catalogue Aluminium'!$B$141:$G$173,6,FALSE) -> 0.0947 | AC31: =23+30 -> 53 | AD31: =40+50+38+50+17+(27+40) -> 262 | AE31: =11+8+8+11 -> 38 | AF31: =5+5 -> 10 | AG31: =ROUNDUP(SUM(AC31:AF31)*0.1,0) -> 37 | AH31: =CEILING(SUM(AC31:AG31),10) -> 400 | AI31: =IF(T31="AIR",'Catalogue Aluminium'!$K$141,IF(T31="TRENCH",'Catalogue Aluminium'!$K$144,"NA")) -> 0.82 | AJ31: =IF(T31="Air",(IF(U31="1C",'Catalogue Aluminium'!$L$141,'Catalogue Aluminium'!$M$141)),IF(T31="DUCT",(IF($U31="1C",'Catalogue Aluminium'!$L$142,'Catalogue Aluminium'!$M$142)),IF(T31="GROUND",(IF($U31="1C",'Catalogue Aluminium'!$L$143,'Catalogue Aluminium'!$M$143)),IF(T31="TRENCH",(IF($U31="1C",'Catalogue Aluminium'!$L$144,'Catalogue Aluminium'!$M$144)))))) -> 0.73 | AK31: =IF(T31="Air",'Catalogue Aluminium'!$N$141,IF(T31="GROUND",'Catalogue Aluminium'!$N$142,IF(T31="DUCT",'Catalogue Aluminium'!$N$143,IF(T31="TRENCH",'Catalogue Aluminium'!$N$144,"NA")))) -> NA | AL31: =IF(T31="Air",(IF(U31="1C",'Catalogue Aluminium'!$O$141,'Catalogue Aluminium'!$P$141)),IF(T31="DUCT",(IF($U31="1C",'Catalogue Aluminium'!$O$142,'Catalogue Aluminium'!$P$142)),IF(T31="GROUND",(IF($U31="1C",'Catalogue Aluminium'!$O$143,'Catalogue Aluminium'!$P$143)),IF(T31="TRENCH",(IF($U31="1C",'Catalogue Aluminium'!$O$144,'Catalogue Aluminium'!$P$144)))))) -> NA | AM31: =IF(T31="AIR","NA",IF(T31="TRENCH","NA",IF(T31="DUCT",IF(U31="1C",VLOOKUP(V31,'Catalogue Aluminium'!$Q$142:$S$153,2,FALSE),VLOOKUP(V31,'Catalogue Aluminium'!$Q$142:$S$153,3)),IF(T31="GROUND",IF(U31="1C",VLOOKUP(V31,'Catalogue Aluminium'!$Q$142:$S$153,2,FALSE),VLOOKUP(V31,'Catalogue Aluminium'!$Q$142:$S$153,3)))))) -> NA | AN31: =IF(T31="AIR",AI31*AJ31,IF(T31="TRENCH",AI31*AJ31,IF(T31="DUCT",AJ31*AK31*AL31*AM31,IF(T31="GROUND",AJ31*AK31*AL31*AM31)))) -> 0.5986 | AO31: =Z31*AN31 -> 22.7468 | AP31: =CEILING(((N31)/AO31),1) -> 1 | AQ31: =IF(AO31*AP31>=N31,"YES","NO") -> YES | AR31: =SQRT(3)*AH31*N31*((AA31*L31)+(AB31*SIN(ACOS(L31))))*100/(AP31*K31*1000) -> 1.6429416 | AS31: =IF(G31="INCOMER",(IF(AR31<=2,"YES","NO")),IF(G31="POWER",(IF(AR31<=2.5,"YES","NO")),IF(G31="MOTOR",(IF(AR31<=3,"YES","NO"))))) -> YES | AT31: =IF(G31="MOTOR",(SQRT(3)*AH31*O31*((AA31*P31)+(AB31*SIN(ACOS(P31))))*100/(AP31*K31*1000)),"NA") -> NA | AU31: =IF(G31="MOTOR",IF(AT31<=15,"YES","NO"),"NA") -> NA | AV31: =IF(U31="1C",CONCATENATE(AP31,"R x ",Y31,"kV x ",U31," x ",V31," Sqmm/Phase"),CONCATENATE(AP31,"R x ","6/10 (12)kV x ",U31," x ",V31," Sqmm")) -> 1R x 6/10 (12)kV x 3C x 4 Sqmm | AW31: =IF(U31="1C",CONCATENATE(AP31,"R x ",Y31,"kV x ",U31," x ",V31," Sqmm/Phase"),CONCATENATE(AP31,"R x ","6/10 (12)kV x ",U31," x ",V31," Sqmm")) -> 1R x 6/10 (12)kV x 3C x 4 Sqmm | AX31: =IF(U31="1C",(3*AH31*AP31),(AH31*AP31)) -> 400 | AZ31: =IF(U31="1C",(3*AP31*2),(AP31*2)) -> 2 | BA31: =CONCATENATE(IF(BE31=1,BE$4,""),IF(BF31=1,BF$4,""),IF(BG31=1,BG$4,""),IF(BH31=1,BH$4,""),IF(BI31=1,BI$4,""),IF(BJ31=1,BJ$4,""),IF(BK31=1,BK$4,""),IF(BL31=1,BL$4,""),IF(BM31=1,BM$4,""),IF(BN31=1,BN$4,""),IF(BO31=1,BO$4,""),IF(BP31=1,BP$4,""),IF(BQ31=1,BQ$4,""),IF(BR31=1,BR$4,""),IF(BS31=1,BS$4,""),IF(BT31=1,BT$4,""),IF(BU31=1,BU$4,""),IF(BV31=1,BV$4,""),IF(BW31=1,BW$4,""),IF(BX31=1,BX$4,""),IF(BY31=1,BY$4,""),IF(BZ31=1,BZ$4,""),IF(CA31=1,CA$4,""),IF(CB31=1,CB$4,""),IF(CC31=1,CC$4,""),IF(CD31=1,CD$4,""),IF(CE31=1,CE$4,""),IF(CF31=1,CF$4,""),IF(CG31=1,CG$4,""),IF(CH31=1,CH$4,""),IF(CI31=1,CI$4,""),IF(CJ31=1,CJ$4,""),IF(CK31=1,CK$4,""),IF(CL31=1,CL$4,""),IF(CM31=1,CM$4,""),IF(CN31=1,CN$4,""),IF(CO31=1,CO$4,""),IF(CP31=1,CP$4,""),IF(CQ31=1,CQ$4,""),IF(CR31=1,CR$4,""),IF(CS31=1,CS$4,""),IF(CT31=1,CT$4,""),IF(CU31=1,CU$4,""),IF(CV31=1,CV$4,""),IF(CW31=1,CW$4,""),IF(CX31=1,CX$4,""),IF(CY31=1,CY$4,""),IF(CZ31=1,CZ$4,""),IF(DA31=1,DA$4,""),IF(DB31=1,DB$4,""),IF(DC31=1,DC$4,""),IF(DD31=1,DD$4,""),IF(DE31=1,DE$4,""),IF(DF31=1,DF$4,""),IF(DG31=1,DG$4,""),IF(DH31=1,DH$4,""),IF(DI31=1,DI$4,""),IF(DJ31=1,DJ$4,""),IF(DK31=1,DK$4,""),IF(DL31=1,DL$4,""),IF(DM31=1,DM$4,""),IF(DN31=1,DN$4,""),IF(DO31=1,DO$4,""),IF(DP31=1,DP$4,""),IF(DQ31=1,DQ$4,""),IF(DR31=1,DR$4,""),IF(DS31=1,DS$4,""),IF(DT31=1,DT$4,""),IF(DU31=1,DU$4,"")) -> ACDEE1E2 | BB31: =VLOOKUP(W31,'Catalogue Aluminium'!$B$141:$H$173,7,FALSE) -> 15 | BC31: =AP31*BB31 -> 15 | BF31: 1 | BI31: 1 | BJ31: 1 | BN31: 1 | BP31: 1 | BQ31: 1 | DW31: =IF(BE31=1,($BC31*BE31),0) -> 0 | DX31: =IF(BF31=1,($BC31*BF31),0) -> 15 | DY31: =IF(BG31=1,($BC31*BG31),0) -> 0 | DZ31: =IF(BH31=1,($BC31*BH31),0) -> 0 | EA31: =IF(BI31=1,($BC31*BI31),0) -> 15 | EB31: =IF(BJ31=1,($BC31*BJ31),0) -> 15 | EC31: =IF(BK31=1,($BC31*BK31),0) -> 0 | ED31: =IF(BL31=1,($BC31*BL31),0) -> 0 | ... GM31: =IF(DU31=1,($BC31*DU31),0) -> 0
A32: =A31+1 -> 24 | B32: 1407-PM001A | C32: =$D$6 -> 11kV MV Switchgear-1 | D32: COOLING WATER PUMP - A | E32: COOLING TOWER AREA | F32: A | G32: MOTOR | H32: 1100 | I32: kW | J32: 3Ph | K32: 11000 | L32: 0.87 | M32: 0.967 | N32: =IF(I32="kVA",IF(J32="3Ph",(H32*1000/(1.732*M32*K32)),(H32*1000/(M32*K32))),IF(I32="kW",IF(J32="3Ph",(H32*1000/(1.732*M32*K32*L32)),(H32*1000/(M32*K32*L32))))) -> 68.628797 | O32: =IF(G32="MOTOR",(6*N32),IF(G32="VFD",(1*N32),0)) -> 411.77278 | P32: =IF(G32="MOTOR",0.2,"0.00") -> 0.2 | Q32: 31.5 | R32: 0.16 | S32: =(Q32*1000*SQRT(R32)/94) -> 134.04255 | T32: TRENCH | U32: 3C | V32: 150 | W32: =CONCATENATE(U32," X ",V32) -> 3C X 150 | X32: =(IF(J32="1Ph",W32,IF(J32="3Ph",(IF(G32="MOTOR",(CONCATENATE(W32,"+PE")),W32))))) -> 3C X 150+PE | Y32: 6/10(12) | Z32: =IF(T32="AIR",VLOOKUP(W32,'Catalogue Aluminium'!$B$141:$G$173,2,FALSE),IF(T32="GROUND",VLOOKUP(W32,'Catalogue Aluminium'!$B$141:$G$173,3,FALSE),IF(T32="DUCT",VLOOKUP(W32,'Catalogue Aluminium'!$B$141:$G$173,4,FALSE),IF(T32="TRENCH",VLOOKUP(W32,'Catalogue Aluminium'!$B$141:$G$173,2,FALSE))))) -> 309 | AA32: =VLOOKUP(W32,'Catalogue Aluminium'!$B$141:$G$173,5,FALSE) -> 0.265 | AB32: =VLOOKUP(W32,'Catalogue Aluminium'!$B$141:$G$173,6,FALSE) -> 0.093 | AC32: =37+30 -> 67 | AD32: =50+30+28+29+12+12+15 -> 176 | AE32: 20 | AF32: 6 | AG32: =ROUNDUP(SUM(AC32:AF32)*0.1,0) -> 27 | AH32: =CEILING(SUM(AC32:AG32),10) -> 300 | AI32: =IF(T32="AIR",'Catalogue Aluminium'!$K$141,IF(T32="TRENCH",'Catalogue Aluminium'!$K$144,"NA")) -> 0.82 | AJ32: =IF(T32="Air",(IF(U32="1C",'Catalogue Aluminium'!$L$141,'Catalogue Aluminium'!$M$141)),IF(T32="DUCT",(IF($U32="1C",'Catalogue Aluminium'!$L$142,'Catalogue Aluminium'!$M$142)),IF(T32="GROUND",(IF($U32="1C",'Catalogue Aluminium'!$L$143,'Catalogue Aluminium'!$M$143)),IF(T32="TRENCH",(IF($U32="1C",'Catalogue Aluminium'!$L$144,'Catalogue Aluminium'!$M$144)))))) -> 0.73 | AK32: =IF(T32="Air",'Catalogue Aluminium'!$N$141,IF(T32="GROUND",'Catalogue Aluminium'!$N$142,IF(T32="DUCT",'Catalogue Aluminium'!$N$143,IF(T32="TRENCH",'Catalogue Aluminium'!$N$144,"NA")))) -> NA | AL32: =IF(T32="Air",(IF(U32="1C",'Catalogue Aluminium'!$O$141,'Catalogue Aluminium'!$P$141)),IF(T32="DUCT",(IF($U32="1C",'Catalogue Aluminium'!$O$142,'Catalogue Aluminium'!$P$142)),IF(T32="GROUND",(IF($U32="1C",'Catalogue Aluminium'!$O$143,'Catalogue Aluminium'!$P$143)),IF(T32="TRENCH",(IF($U32="1C",'Catalogue Aluminium'!$O$144,'Catalogue Aluminium'!$P$144)))))) -> NA | AM32: =IF(T32="AIR","NA",IF(T32="TRENCH","NA",IF(T32="DUCT",IF(U32="1C",VLOOKUP(V32,'Catalogue Aluminium'!$Q$142:$S$153,2,FALSE),VLOOKUP(V32,'Catalogue Aluminium'!$Q$142:$S$153,3)),IF(T32="GROUND",IF(U32="1C",VLOOKUP(V32,'Catalogue Aluminium'!$Q$142:$S$153,2,FALSE),VLOOKUP(V32,'Catalogue Aluminium'!$Q$142:$S$153,3)))))) -> NA | AN32: =IF(T32="AIR",AI32*AJ32,IF(T32="TRENCH",AI32*AJ32,IF(T32="DUCT",AJ32*AK32*AL32*AM32,IF(T32="GROUND",AJ32*AK32*AL32*AM32)))) -> 0.5986 | AO32: =Z32*AN32 -> 184.9674 | AP32: =CEILING(((N32)/AO32),1) -> 1 | AQ32: =IF(AO32*AP32>=N32,"YES","NO") -> YES | AR32: =SQRT(3)*AH32*N32*((AA32*L32)+(AB32*SIN(ACOS(L32))))*100/(AP32*K32*1000) -> 0.089606519 | AS32: =IF(G32="INCOMER",(IF(AR32<=2,"YES","NO")),IF(G32="POWER",(IF(AR32<=2.5,"YES","NO")),IF(G32="MOTOR",(IF(AR32<=3,"YES","NO"))))) -> YES | AT32: =IF(G32="MOTOR",(SQRT(3)*AH32*O32*((AA32*P32)+(AB32*SIN(ACOS(P32))))*100/(AP32*K32*1000)),"NA") -> 0.28033296 | AU32: =IF(G32="MOTOR",IF(AT32<=15,"YES","NO"),"NA") -> YES | AV32: =IF(U32="1C",CONCATENATE(AP32,"R x ",Y32,"kV x ",U32," x ",V32," Sqmm/Phase"),CONCATENATE(AP32,"R x ","6/10 (12)kV x ",U32," x ",V32," Sqmm")) -> 1R x 6/10 (12)kV x 3C x 150 Sqmm | AW32: =IF(U32="1C",CONCATENATE(AP32,"R x ",Y32,"kV x ",U32," x ",V32," Sqmm/Phase"),CONCATENATE(AP32,"R x ","6/10 (12)kV x ",U32," x ",V32," Sqmm")) -> 1R x 6/10 (12)kV x 3C x 150 Sqmm | AX32: =IF(U32="1C",(3*AH32*AP32),(AH32*AP32)) -> 300 | AZ32: =IF(U32="1C",(3*AP32*2),(AP32*2)) -> 2 | BA32: =CONCATENATE(IF(BE32=1,BE$4,""),IF(BF32=1,BF$4,""),IF(BG32=1,BG$4,""),IF(BH32=1,BH$4,""),IF(BI32=1,BI$4,""),IF(BJ32=1,BJ$4,""),IF(BK32=1,BK$4,""),IF(BL32=1,BL$4,""),IF(BM32=1,BM$4,""),IF(BN32=1,BN$4,""),IF(BO32=1,BO$4,""),IF(BP32=1,BP$4,""),IF(BQ32=1,BQ$4,""),IF(BR32=1,BR$4,""),IF(BS32=1,BS$4,""),IF(BT32=1,BT$4,""),IF(BU32=1,BU$4,""),IF(BV32=1,BV$4,""),IF(BW32=1,BW$4,""),IF(BX32=1,BX$4,""),IF(BY32=1,BY$4,""),IF(BZ32=1,BZ$4,""),IF(CA32=1,CA$4,""),IF(CB32=1,CB$4,""),IF(CC32=1,CC$4,""),IF(CD32=1,CD$4,""),IF(CE32=1,CE$4,""),IF(CF32=1,CF$4,""),IF(CG32=1,CG$4,""),IF(CH32=1,CH$4,""),IF(CI32=1,CI$4,""),IF(CJ32=1,CJ$4,""),IF(CK32=1,CK$4,""),IF(CL32=1,CL$4,""),IF(CM32=1,CM$4,""),IF(CN32=1,CN$4,""),IF(CO32=1,CO$4,""),IF(CP32=1,CP$4,""),IF(CQ32=1,CQ$4,""),IF(CR32=1,CR$4,""),IF(CS32=1,CS$4,""),IF(CT32=1,CT$4,""),IF(CU32=1,CU$4,""),IF(CV32=1,CV$4,""),IF(CW32=1,CW$4,""),IF(CX32=1,CX$4,""),IF(CY32=1,CY$4,""),IF(CZ32=1,CZ$4,""),IF(DA32=1,DA$4,""),IF(DB32=1,DB$4,""),IF(DC32=1,DC$4,""),IF(DD32=1,DD$4,""),IF(DE32=1,DE$4,""),IF(DF32=1,DF$4,""),IF(DG32=1,DG$4,""),IF(DH32=1,DH$4,""),IF(DI32=1,DI$4,""),IF(DJ32=1,DJ$4,""),IF(DK32=1,DK$4,""),IF(DL32=1,DL$4,""),IF(DM32=1,DM$4,""),IF(DN32=1,DN$4,""),IF(DO32=1,DO$4,""),IF(DP32=1,DP$4,""),IF(DQ32=1,DQ$4,""),IF(DR32=1,DR$4,""),IF(DS32=1,DS$4,""),IF(DT32=1,DT$4,""),IF(DU32=1,DU$4,"")) -> AQQ2RR1 | BB32: =VLOOKUP(W32,'Catalogue Aluminium'!$B$141:$H$173,7,FALSE) -> 62 | BC32: =AP32*BB32 -> 62 | BF32: 1 | CX32: 1 | CZ32: 1 | DG32: 1 | DH32: 1 | DW32: =IF(BE32=1,($BC32*BE32),0) -> 0 | DX32: =IF(BF32=1,($BC32*BF32),0) -> 62 | DY32: =IF(BG32=1,($BC32*BG32),0) -> 0 | DZ32: =IF(BH32=1,($BC32*BH32),0) -> 0 | EA32: =IF(BI32=1,($BC32*BI32),0) -> 0 | EB32: =IF(BJ32=1,($BC32*BJ32),0) -> 0 | EC32: =IF(BK32=1,($BC32*BK32),0) -> 0 | ED32: =IF(BL32=1,($BC32*BL32),0) -> 0 | ... GM32: =IF(DU32=1,($BC32*DU32),0) -> 0
A33: =A32+1 -> 25 | B33: 1407-PM001A | C33: =$D$6 -> 11kV MV Switchgear-1 | D33: COOLING WATER PUMP - A-SPACE HEATER | E33: COOLING TOWER AREA | F33: A | G33: POWER | H33: 0.2 | I33: kW | J33: 1Ph | K33: 230 | L33: 0.85 | M33: 0.95 | N33: =IF(I33="kVA",IF(J33="3Ph",(H33*1000/(1.732*M33*K33)),(H33*1000/(M33*K33))),IF(I33="kW",IF(J33="3Ph",(H33*1000/(1.732*M33*K33*L33)),(H33*1000/(M33*K33*L33))))) -> 1.076861 | O33: =IF(G33="MOTOR",(6*N33),IF(G33="VFD",(1*N33),0)) -> 0 | P33: =IF(G33="MOTOR",0.2,"0.00") -> 0.00 | Q33: 65 | R33: 0 | S33: =(Q33*1000*SQRT(R33)/94) -> 0 | T33: TRENCH | U33: 3C | V33: 2.5 | W33: =CONCATENATE(U33," X ",V33) -> 3C X 2.5 | X33: =(IF(J33="1Ph",W33,IF(J33="3Ph",(IF(G33="MOTOR",(CONCATENATE(W33,"+PE")),W33))))) -> 3C X 2.5 | Y33: 0.6/1.0 | Z33: =IF(T33="AIR",VLOOKUP(W33,'Catalogue Aluminium'!$B$141:$G$173,2,FALSE),IF(T33="GROUND",VLOOKUP(W33,'Catalogue Aluminium'!$B$141:$G$173,3,FALSE),IF(T33="DUCT",VLOOKUP(W33,'Catalogue Aluminium'!$B$141:$G$173,4,FALSE),IF(T33="TRENCH",VLOOKUP(W33,'Catalogue Aluminium'!$B$141:$G$173,2,FALSE))))) -> 28 | AA33: =VLOOKUP(W33,'Catalogue Aluminium'!$B$141:$G$173,5,FALSE) -> 9.48 | AB33: =VLOOKUP(W33,'Catalogue Aluminium'!$B$141:$G$173,6,FALSE) -> 0.1007 | AC33: =37+30 -> 67 | AD33: =50+30+28+29+12+12+15 -> 176 | AE33: 20 | AF33: 6 | AG33: =ROUNDUP(SUM(AC33:AF33)*0.1,0) -> 27 | AH33: =CEILING(SUM(AC33:AG33),10) -> 300 | AI33: =IF(T33="AIR",'Catalogue Aluminium'!$K$141,IF(T33="TRENCH",'Catalogue Aluminium'!$K$144,"NA")) -> 0.82 | AJ33: =IF(T33="Air",(IF(U33="1C",'Catalogue Aluminium'!$L$141,'Catalogue Aluminium'!$M$141)),IF(T33="DUCT",(IF($U33="1C",'Catalogue Aluminium'!$L$142,'Catalogue Aluminium'!$M$142)),IF(T33="GROUND",(IF($U33="1C",'Catalogue Aluminium'!$L$143,'Catalogue Aluminium'!$M$143)),IF(T33="TRENCH",(IF($U33="1C",'Catalogue Aluminium'!$L$144,'Catalogue Aluminium'!$M$144)))))) -> 0.73 | AK33: =IF(T33="Air",'Catalogue Aluminium'!$N$141,IF(T33="GROUND",'Catalogue Aluminium'!$N$142,IF(T33="DUCT",'Catalogue Aluminium'!$N$143,IF(T33="TRENCH",'Catalogue Aluminium'!$N$144,"NA")))) -> NA | AL33: =IF(T33="Air",(IF(U33="1C",'Catalogue Aluminium'!$O$141,'Catalogue Aluminium'!$P$141)),IF(T33="DUCT",(IF($U33="1C",'Catalogue Aluminium'!$O$142,'Catalogue Aluminium'!$P$142)),IF(T33="GROUND",(IF($U33="1C",'Catalogue Aluminium'!$O$143,'Catalogue Aluminium'!$P$143)),IF(T33="TRENCH",(IF($U33="1C",'Catalogue Aluminium'!$O$144,'Catalogue Aluminium'!$P$144)))))) -> NA | AM33: =IF(T33="AIR","NA",IF(T33="TRENCH","NA",IF(T33="DUCT",IF(U33="1C",VLOOKUP(V33,'Catalogue Aluminium'!$Q$142:$S$153,2,FALSE),VLOOKUP(V33,'Catalogue Aluminium'!$Q$142:$S$153,3)),IF(T33="GROUND",IF(U33="1C",VLOOKUP(V33,'Catalogue Aluminium'!$Q$142:$S$153,2,FALSE),VLOOKUP(V33,'Catalogue Aluminium'!$Q$142:$S$153,3)))))) -> NA | AN33: =IF(T33="AIR",AI33*AJ33,IF(T33="TRENCH",AI33*AJ33,IF(T33="DUCT",AJ33*AK33*AL33*AM33,IF(T33="GROUND",AJ33*AK33*AL33*AM33)))) -> 0.5986 | AO33: =Z33*AN33 -> 16.7608 | AP33: =CEILING(((N33)/AO33),1) -> 1 | AQ33: =IF(AO33*AP33>=N33,"YES","NO") -> YES | AR33: =SQRT(3)*AH33*N33*((AA33*L33)+(AB33*SIN(ACOS(L33))))*100/(AP33*K33*1000) -> 1.9732885 | AS33: =IF(G33="INCOMER",(IF(AR33<=2,"YES","NO")),IF(G33="POWER",(IF(AR33<=2.5,"YES","NO")),IF(G33="MOTOR",(IF(AR33<=3,"YES","NO"))))) -> YES | AT33: =IF(G33="MOTOR",(SQRT(3)*AH33*O33*((AA33*P33)+(AB33*SIN(ACOS(P33))))*100/(AP33*K33*1000)),"NA") -> NA | AU33: =IF(G33="MOTOR",IF(AT33<=15,"YES","NO"),"NA") -> NA | AV33: =IF(U33="1C",CONCATENATE(AP33,"R x ",Y33,"kV x ",U33," x ",V33," Sqmm/Phase"),CONCATENATE(AP33,"R x ","6/10 (12)kV x ",U33," x ",V33," Sqmm")) -> 1R x 6/10 (12)kV x 3C x 2.5 Sqmm | AW33: =IF(U33="1C",CONCATENATE(AP33,"R x ",Y33,"kV x ",U33," x ",V33," Sqmm/Phase"),CONCATENATE(AP33,"R x ","6/10 (12)kV x ",U33," x ",V33," Sqmm")) -> 1R x 6/10 (12)kV x 3C x 2.5 Sqmm | AX33: =IF(U33="1C",(3*AH33*AP33),(AH33*AP33)) -> 300 | AZ33: =IF(U33="1C",(3*AP33*2),(AP33*2)) -> 2 | BA33: =CONCATENATE(IF(BE33=1,BE$4,""),IF(BF33=1,BF$4,""),IF(BG33=1,BG$4,""),IF(BH33=1,BH$4,""),IF(BI33=1,BI$4,""),IF(BJ33=1,BJ$4,""),IF(BK33=1,BK$4,""),IF(BL33=1,BL$4,""),IF(BM33=1,BM$4,""),IF(BN33=1,BN$4,""),IF(BO33=1,BO$4,""),IF(BP33=1,BP$4,""),IF(BQ33=1,BQ$4,""),IF(BR33=1,BR$4,""),IF(BS33=1,BS$4,""),IF(BT33=1,BT$4,""),IF(BU33=1,BU$4,""),IF(BV33=1,BV$4,""),IF(BW33=1,BW$4,""),IF(BX33=1,BX$4,""),IF(BY33=1,BY$4,""),IF(BZ33=1,BZ$4,""),IF(CA33=1,CA$4,""),IF(CB33=1,CB$4,""),IF(CC33=1,CC$4,""),IF(CD33=1,CD$4,""),IF(CE33=1,CE$4,""),IF(CF33=1,CF$4,""),IF(CG33=1,CG$4,""),IF(CH33=1,CH$4,""),IF(CI33=1,CI$4,""),IF(CJ33=1,CJ$4,""),IF(CK33=1,CK$4,""),IF(CL33=1,CL$4,""),IF(CM33=1,CM$4,""),IF(CN33=1,CN$4,""),IF(CO33=1,CO$4,""),IF(CP33=1,CP$4,""),IF(CQ33=1,CQ$4,""),IF(CR33=1,CR$4,""),IF(CS33=1,CS$4,""),IF(CT33=1,CT$4,""),IF(CU33=1,CU$4,""),IF(CV33=1,CV$4,""),IF(CW33=1,CW$4,""),IF(CX33=1,CX$4,""),IF(CY33=1,CY$4,""),IF(CZ33=1,CZ$4,""),IF(DA33=1,DA$4,""),IF(DB33=1,DB$4,""),IF(DC33=1,DC$4,""),IF(DD33=1,DD$4,""),IF(DE33=1,DE$4,""),IF(DF33=1,DF$4,""),IF(DG33=1,DG$4,""),IF(DH33=1,DH$4,""),IF(DI33=1,DI$4,""),IF(DJ33=1,DJ$4,""),IF(DK33=1,DK$4,""),IF(DL33=1,DL$4,""),IF(DM33=1,DM$4,""),IF(DN33=1,DN$4,""),IF(DO33=1,DO$4,""),IF(DP33=1,DP$4,""),IF(DQ33=1,DQ$4,""),IF(DR33=1,DR$4,""),IF(DS33=1,DS$4,""),IF(DT33=1,DT$4,""),IF(DU33=1,DU$4,"")) -> AQQ2RR1 | BB33: =VLOOKUP(W33,'Catalogue Aluminium'!$B$141:$H$173,7,FALSE) -> 14 | BC33: =AP33*BB33 -> 14 | BF33: 1 | CX33: 1 | CZ33: 1 | DG33: 1 | DH33: 1 | DW33: =IF(BE33=1,($BC33*BE33),0) -> 0 | DX33: =IF(BF33=1,($BC33*BF33),0) -> 14 | DY33: =IF(BG33=1,($BC33*BG33),0) -> 0 | DZ33: =IF(BH33=1,($BC33*BH33),0) -> 0 | EA33: =IF(BI33=1,($BC33*BI33),0) -> 0 | EB33: =IF(BJ33=1,($BC33*BJ33),0) -> 0 | EC33: =IF(BK33=1,($BC33*BK33),0) -> 0 | ED33: =IF(BL33=1,($BC33*BL33),0) -> 0 | ... GM33: =IF(DU33=1,($BC33*DU33),0) -> 0
A34: =A33+1 -> 26 | B34: 1407-PM001B | C34: =$D$6 -> 11kV MV Switchgear-1 | D34: COOLING WATER PUMP - B | E34: COOLING TOWER AREA | F34: B | G34: MOTOR | H34: 1100 | I34: kW | J34: 3Ph | K34: 11000 | L34: 0.87 | M34: 0.967 | N34: =IF(I34="kVA",IF(J34="3Ph",(H34*1000/(1.732*M34*K34)),(H34*1000/(M34*K34))),IF(I34="kW",IF(J34="3Ph",(H34*1000/(1.732*M34*K34*L34)),(H34*1000/(M34*K34*L34))))) -> 68.628797 | O34: =IF(G34="MOTOR",(6*N34),IF(G34="VFD",(1*N34),0)) -> 411.77278 | P34: =IF(G34="MOTOR",0.2,"0.00") -> 0.2 | Q34: 31.5 | R34: 0.16 | S34: =(Q34*1000*SQRT(R34)/94) -> 134.04255 | T34: TRENCH | U34: 3C | V34: 150 | W34: =CONCATENATE(U34," X ",V34) -> 3C X 150 | X34: =(IF(J34="1Ph",W34,IF(J34="3Ph",(IF(G34="MOTOR",(CONCATENATE(W34,"+PE")),W34))))) -> 3C X 150+PE | Y34: 6/10(12) | Z34: =IF(T34="AIR",VLOOKUP(W34,'Catalogue Aluminium'!$B$141:$G$173,2,FALSE),IF(T34="GROUND",VLOOKUP(W34,'Catalogue Aluminium'!$B$141:$G$173,3,FALSE),IF(T34="DUCT",VLOOKUP(W34,'Catalogue Aluminium'!$B$141:$G$173,4,FALSE),IF(T34="TRENCH",VLOOKUP(W34,'Catalogue Aluminium'!$B$141:$G$173,2,FALSE))))) -> 309 | AA34: =VLOOKUP(W34,'Catalogue Aluminium'!$B$141:$G$173,5,FALSE) -> 0.265 | AB34: =VLOOKUP(W34,'Catalogue Aluminium'!$B$141:$G$173,6,FALSE) -> 0.093 | AC34: =23+30 -> 53 | AD34: =50+30+28+29+12+12+20 -> 181 | AE34: 20 | AF34: 6 | AG34: =ROUNDUP(SUM(AC34:AF34)*0.1,0) -> 26 | AH34: =CEILING(SUM(AC34:AG34),10) -> 290 | AI34: =IF(T34="AIR",'Catalogue Aluminium'!$K$141,IF(T34="TRENCH",'Catalogue Aluminium'!$K$144,"NA")) -> 0.82 | AJ34: =IF(T34="Air",(IF(U34="1C",'Catalogue Aluminium'!$L$141,'Catalogue Aluminium'!$M$141)),IF(T34="DUCT",(IF($U34="1C",'Catalogue Aluminium'!$L$142,'Catalogue Aluminium'!$M$142)),IF(T34="GROUND",(IF($U34="1C",'Catalogue Aluminium'!$L$143,'Catalogue Aluminium'!$M$143)),IF(T34="TRENCH",(IF($U34="1C",'Catalogue Aluminium'!$L$144,'Catalogue Aluminium'!$M$144)))))) -> 0.73 | AK34: =IF(T34="Air",'Catalogue Aluminium'!$N$141,IF(T34="GROUND",'Catalogue Aluminium'!$N$142,IF(T34="DUCT",'Catalogue Aluminium'!$N$143,IF(T34="TRENCH",'Catalogue Aluminium'!$N$144,"NA")))) -> NA | AL34: =IF(T34="Air",(IF(U34="1C",'Catalogue Aluminium'!$O$141,'Catalogue Aluminium'!$P$141)),IF(T34="DUCT",(IF($U34="1C",'Catalogue Aluminium'!$O$142,'Catalogue Aluminium'!$P$142)),IF(T34="GROUND",(IF($U34="1C",'Catalogue Aluminium'!$O$143,'Catalogue Aluminium'!$P$143)),IF(T34="TRENCH",(IF($U34="1C",'Catalogue Aluminium'!$O$144,'Catalogue Aluminium'!$P$144)))))) -> NA | AM34: =IF(T34="AIR","NA",IF(T34="TRENCH","NA",IF(T34="DUCT",IF(U34="1C",VLOOKUP(V34,'Catalogue Aluminium'!$Q$142:$S$153,2,FALSE),VLOOKUP(V34,'Catalogue Aluminium'!$Q$142:$S$153,3)),IF(T34="GROUND",IF(U34="1C",VLOOKUP(V34,'Catalogue Aluminium'!$Q$142:$S$153,2,FALSE),VLOOKUP(V34,'Catalogue Aluminium'!$Q$142:$S$153,3)))))) -> NA | AN34: =IF(T34="AIR",AI34*AJ34,IF(T34="TRENCH",AI34*AJ34,IF(T34="DUCT",AJ34*AK34*AL34*AM34,IF(T34="GROUND",AJ34*AK34*AL34*AM34)))) -> 0.5986 | AO34: =Z34*AN34 -> 184.9674 | AP34: =CEILING(((N34)/AO34),1) -> 1 | AQ34: =IF(AO34*AP34>=N34,"YES","NO") -> YES | AR34: =SQRT(3)*AH34*N34*((AA34*L34)+(AB34*SIN(ACOS(L34))))*100/(AP34*K34*1000) -> 0.086619635 | AS34: =IF(G34="INCOMER",(IF(AR34<=2,"YES","NO")),IF(G34="POWER",(IF(AR34<=2.5,"YES","NO")),IF(G34="MOTOR",(IF(AR34<=3,"YES","NO"))))) -> YES | AT34: =IF(G34="MOTOR",(SQRT(3)*AH34*O34*((AA34*P34)+(AB34*SIN(ACOS(P34))))*100/(AP34*K34*1000)),"NA") -> 0.27098852 | AU34: =IF(G34="MOTOR",IF(AT34<=15,"YES","NO"),"NA") -> YES | AV34: =IF(U34="1C",CONCATENATE(AP34,"R x ",Y34,"kV x ",U34," x ",V34," Sqmm/Phase"),CONCATENATE(AP34,"R x ","6/10 (12)kV x ",U34," x ",V34," Sqmm")) -> 1R x 6/10 (12)kV x 3C x 150 Sqmm | AW34: =IF(U34="1C",CONCATENATE(AP34,"R x ",Y34,"kV x ",U34," x ",V34," Sqmm/Phase"),CONCATENATE(AP34,"R x ","6/10 (12)kV x ",U34," x ",V34," Sqmm")) -> 1R x 6/10 (12)kV x 3C x 150 Sqmm | AX34: =IF(U34="1C",(3*AH34*AP34),(AH34*AP34)) -> 290 | AZ34: =IF(U34="1C",(3*AP34*2),(AP34*2)) -> 2 | BA34: =CONCATENATE(IF(BE34=1,BE$4,""),IF(BF34=1,BF$4,""),IF(BG34=1,BG$4,""),IF(BH34=1,BH$4,""),IF(BI34=1,BI$4,""),IF(BJ34=1,BJ$4,""),IF(BK34=1,BK$4,""),IF(BL34=1,BL$4,""),IF(BM34=1,BM$4,""),IF(BN34=1,BN$4,""),IF(BO34=1,BO$4,""),IF(BP34=1,BP$4,""),IF(BQ34=1,BQ$4,""),IF(BR34=1,BR$4,""),IF(BS34=1,BS$4,""),IF(BT34=1,BT$4,""),IF(BU34=1,BU$4,""),IF(BV34=1,BV$4,""),IF(BW34=1,BW$4,""),IF(BX34=1,BX$4,""),IF(BY34=1,BY$4,""),IF(BZ34=1,BZ$4,""),IF(CA34=1,CA$4,""),IF(CB34=1,CB$4,""),IF(CC34=1,CC$4,""),IF(CD34=1,CD$4,""),IF(CE34=1,CE$4,""),IF(CF34=1,CF$4,""),IF(CG34=1,CG$4,""),IF(CH34=1,CH$4,""),IF(CI34=1,CI$4,""),IF(CJ34=1,CJ$4,""),IF(CK34=1,CK$4,""),IF(CL34=1,CL$4,""),IF(CM34=1,CM$4,""),IF(CN34=1,CN$4,""),IF(CO34=1,CO$4,""),IF(CP34=1,CP$4,""),IF(CQ34=1,CQ$4,""),IF(CR34=1,CR$4,""),IF(CS34=1,CS$4,""),IF(CT34=1,CT$4,""),IF(CU34=1,CU$4,""),IF(CV34=1,CV$4,""),IF(CW34=1,CW$4,""),IF(CX34=1,CX$4,""),IF(CY34=1,CY$4,""),IF(CZ34=1,CZ$4,""),IF(DA34=1,DA$4,""),IF(DB34=1,DB$4,""),IF(DC34=1,DC$4,""),IF(DD34=1,DD$4,""),IF(DE34=1,DE$4,""),IF(DF34=1,DF$4,""),IF(DG34=1,DG$4,""),IF(DH34=1,DH$4,""),IF(DI34=1,DI$4,""),IF(DJ34=1,DJ$4,""),IF(DK34=1,DK$4,""),IF(DL34=1,DL$4,""),IF(DM34=1,DM$4,""),IF(DN34=1,DN$4,""),IF(DO34=1,DO$4,""),IF(DP34=1,DP$4,""),IF(DQ34=1,DQ$4,""),IF(DR34=1,DR$4,""),IF(DS34=1,DS$4,""),IF(DT34=1,DT$4,""),IF(DU34=1,DU$4,"")) -> AQQ2RR1 | BB34: =VLOOKUP(W34,'Catalogue Aluminium'!$B$141:$H$173,7,FALSE) -> 62 | BC34: =AP34*BB34 -> 62 | BF34: 1 | CX34: 1 | CZ34: 1 | DG34: 1 | DH34: 1 | DW34: =IF(BE34=1,($BC34*BE34),0) -> 0 | DX34: =IF(BF34=1,($BC34*BF34),0) -> 62 | DY34: =IF(BG34=1,($BC34*BG34),0) -> 0 | DZ34: =IF(BH34=1,($BC34*BH34),0) -> 0 | EA34: =IF(BI34=1,($BC34*BI34),0) -> 0 | EB34: =IF(BJ34=1,($BC34*BJ34),0) -> 0 | EC34: =IF(BK34=1,($BC34*BK34),0) -> 0 | ED34: =IF(BL34=1,($BC34*BL34),0) -> 0 | ... GM34: =IF(DU34=1,($BC34*DU34),0) -> 0
